2026-06-02 10:00:00 [INFO] ================ Daily Cron Batch Start ================
2026-06-02 10:00:00 [INFO] Virtual environment activated.
2026-06-02 10:00:00 [INFO] Running run_daily_batch.py...
2026-06-02 10:00:00 [INFO] ================ Daily Batch Run Attempt (2026-06-02 10:00:00) ================
2026-06-02 10:00:00 [INFO] 필수 데이터 검사 범위: 2026-05-19 ~ 2026-06-01
2026-06-02 10:00:00 [INFO] 누락 데이터 존재 감지: ['2026-06-01']
2026-06-02 10:00:00 [INFO] 누락 날짜 데이터 강제 추출 시도: 2026-06-01
2026-06-02 10:00:00 [INFO] Starting execution of: extract_rich_orders_daily.py 2026-06-01 2026-06-01
2026-06-02 10:00:23 [INFO] 
--- extract_rich_orders_daily.py STDOUT ---
총 1일 치 데이터 추출을 시작합니다.
저장 기본 경로: /Users/galaxy/Google Drive/공유 드라이브/gbike.rich_orders
[2026-06-01] 데이터 추출 중...
[2026-06-01] 성공적으로 저장되었습니다. (건수: 196,116, 소요시간: 21.08초)

-------------------
2026-06-02 10:00:23 [INFO] Starting execution of: send_weekly_report.py 
2026-06-02 10:00:34 [INFO] 
--- send_weekly_report.py STDOUT ---
[2026-05-19 ~ 2026-06-01] 데이터를 로드합니다...
생성된 메시지:
📊 *gbike 실적 리포트*

▶️ *이번 달 누적 (MTD: 2026-06-01 ~ 2026-06-01)*
- 총 실매출(only 트립매출): 288,747,891원
- 총 트립 수: 196,116건
- 이용 유저 수: 127,705명

▶️ *최근 7일 요약 (2026-05-26 ~ 2026-06-01)*
- 총 실매출(only 트립매출): 1,993,878,212원 (WoW +10.8%)
- 총 트립 수: 1,305,886건
- 이용 유저 수: 420,911명

▶️ *최근 14일 일별 상세*
```
일자       | 날씨 |     트립수 |   only 트립매출(원) |     유저수
--------------------------------------------------------
05-19(화) | 비    |  195,369 |     287,545,598 |  127,223
05-20(수) | 비    |   44,605 |      64,482,467 |   33,411
05-21(목) | 비    |  141,457 |     201,244,487 |   95,479
05-22(금) | -    |  209,395 |     320,974,610 |  136,572
05-23(토) | 비    |  193,430 |     318,866,583 |  124,223
05-24(일) | -    |  183,002 |     311,642,551 |  118,117
05-25(월) | -    |  178,607 |     295,521,197 |  114,280
05-26(화) | 비    |  156,913 |     225,751,953 |  106,226
05-27(수) | 비    |  156,887 |     225,501,685 |  104,594
05-28(목) | 비    |  178,523 |     260,480,709 |  117,495
05-29(금) | -    |  216,255 |     331,983,879 |  140,801
05-30(토) | -    |  212,164 |     348,107,779 |  134,784
05-31(일) | -    |  189,028 |     313,304,313 |  121,173
06-01(월) | -    |  196,116 |     288,747,891 |  127,705
```
메시지 전송 성공: spaces/AAQAUbAUReQ/messages/eLFGCXTvlAQ.eLFGCXTvlAQ

-------------------
2026-06-02 10:00:34 [INFO] 금일 배치 작업이 모두 정상 종료되었습니다. 성공 마커 파일을 기록합니다.
2026-06-02 10:00:34 [INFO] Removed old marker file: .daily_success_20260601
2026-06-02 10:00:34 [INFO] ================ Daily Batch Run Completed ================

2026-06-02 10:00:34 [INFO] run_daily_batch.py completed successfully.
2026-06-02 10:00:34 [INFO] ================ Daily Cron Batch End ================
2026-06-03 10:00:00 [INFO] ================ Daily Cron Batch Start ================
2026-06-03 10:00:00 [INFO] Virtual environment activated.
2026-06-03 10:00:00 [INFO] Running run_daily_batch.py...
2026-06-03 10:00:01 [INFO] ================ Daily Batch Run Attempt (2026-06-03 10:00:01) ================
2026-06-03 10:00:01 [INFO] 필수 데이터 검사 범위: 2026-05-20 ~ 2026-06-02
2026-06-03 10:00:01 [INFO] 누락 데이터 존재 감지: ['2026-06-02']
2026-06-03 10:00:01 [INFO] 누락 날짜 데이터 강제 추출 시도: 2026-06-02
2026-06-03 10:00:01 [INFO] Starting execution of: extract_rich_orders_daily.py 2026-06-02 2026-06-02
2026-06-03 10:00:14 [INFO] 
--- extract_rich_orders_daily.py STDOUT ---
총 1일 치 데이터 추출을 시작합니다.
저장 기본 경로: /Users/galaxy/Google Drive/공유 드라이브/gbike.rich_orders
[2026-06-02] 데이터 추출 중...
Error extracting data for 2026-06-02: (pymysql.err.OperationalError) (2003, "Can't connect to MySQL server on 'live.st.rds.gbility.io' (timed out)")
(Background on this error at: https://sqlalche.me/e/20/e3q8)
[2026-06-02] 추출 실패. 다음 날짜로 넘어갑니다.

-------------------
2026-06-03 10:00:14 [INFO] Starting execution of: send_weekly_report.py 
2026-06-03 10:00:16 [ERROR] Error running send_weekly_report.py (Exit code: 1)
2026-06-03 10:00:16 [ERROR] STDERR:
Traceback (most recent call last):
  File "/Users/galaxy/anti_codebase/scripts/python/report_daily_ststs_v1/send_weekly_report.py", line 13, in <module>
    from models.revenue_forecast.ensemble_predictor import predict_month_end_revenue
  File "/Users/galaxy/anti_codebase/scripts/python/models/revenue_forecast/ensemble_predictor.py", line 6, in <module>
    from prophet import Prophet
ModuleNotFoundError: No module named 'prophet'

2026-06-03 10:00:16 [ERROR] 리포트 발송 단계에서 오류가 발생하여 배치 실행을 중단합니다.
2026-06-03 10:00:16 [INFO] ================ Daily Batch Run Failed ================

2026-06-03 10:00:01 [INFO] ================ Daily Batch Run Attempt (2026-06-03 10:00:01) ================
2026-06-03 10:00:01 [INFO] 필수 데이터 검사 범위: 2026-05-20 ~ 2026-06-02
2026-06-03 10:00:01 [INFO] 누락 데이터 존재 감지: ['2026-06-02']
2026-06-03 10:00:01 [INFO] 누락 날짜 데이터 강제 추출 시도: 2026-06-02
2026-06-03 10:00:01 [INFO] Starting execution of: extract_rich_orders_daily.py 2026-06-02 2026-06-02
2026-06-03 10:00:14 [INFO] 
--- extract_rich_orders_daily.py STDOUT ---
총 1일 치 데이터 추출을 시작합니다.
저장 기본 경로: /Users/galaxy/Google Drive/공유 드라이브/gbike.rich_orders
[2026-06-02] 데이터 추출 중...
Error extracting data for 2026-06-02: (pymysql.err.OperationalError) (2003, "Can't connect to MySQL server on 'live.st.rds.gbility.io' (timed out)")
(Background on this error at: https://sqlalche.me/e/20/e3q8)
[2026-06-02] 추출 실패. 다음 날짜로 넘어갑니다.

-------------------
2026-06-03 10:00:14 [INFO] Starting execution of: send_weekly_report.py 
2026-06-03 10:00:16 [ERROR] Error running send_weekly_report.py (Exit code: 1)
2026-06-03 10:00:16 [ERROR] STDERR:
Traceback (most recent call last):
  File "/Users/galaxy/anti_codebase/scripts/python/report_daily_ststs_v1/send_weekly_report.py", line 13, in <module>
    from models.revenue_forecast.ensemble_predictor import predict_month_end_revenue
  File "/Users/galaxy/anti_codebase/scripts/python/models/revenue_forecast/ensemble_predictor.py", line 6, in <module>
    from prophet import Prophet
ModuleNotFoundError: No module named 'prophet'

2026-06-03 10:00:16 [ERROR] 리포트 발송 단계에서 오류가 발생하여 배치 실행을 중단합니다.
2026-06-03 10:00:16 [INFO] ================ Daily Batch Run Failed ================

2026-06-03 10:00:16 [ERROR] run_daily_batch.py failed with exit code 1
2026-06-04 10:00:01 [INFO] ================ Daily Cron Batch Start ================
2026-06-04 10:00:01 [INFO] Virtual environment activated.
2026-06-04 10:00:01 [INFO] Running run_daily_batch.py...
2026-06-04 10:00:01 [INFO] ================ Daily Batch Run Attempt (2026-06-04 10:00:01) ================
2026-06-04 10:00:01 [INFO] 필수 데이터 검사 범위: 2026-05-21 ~ 2026-06-03
2026-06-04 10:00:01 [INFO] 누락 데이터 존재 감지: ['2026-06-02', '2026-06-03']
2026-06-04 10:00:01 [INFO] 누락 날짜 데이터 강제 추출 시도: 2026-06-02
2026-06-04 10:00:01 [INFO] Starting execution of: extract_rich_orders_daily.py 2026-06-02 2026-06-02
2026-06-04 10:00:12 [INFO] 
--- extract_rich_orders_daily.py STDOUT ---
총 1일 치 데이터 추출을 시작합니다.
저장 기본 경로: /Users/galaxy/Google Drive/공유 드라이브/gbike.rich_orders
[2026-06-02] 데이터 추출 중...
Error extracting data for 2026-06-02: Execution failed on sql '
    SELECT
        CONVERT_TZ(FROM_UNIXTIME(o.add_time), 'UTC', 'Asia/Seoul') as dt,
        CONVERT_TZ(FROM_UNIXTIME(o.start_time), 'UTC', 'Asia/Seoul') as st_dt,
        CONVERT_TZ(FROM_UNIXTIME(o.end_time), 'UTC', 'Asia/Seoul') as end_dt,
        (o.end_time - o.start_time) / 60 AS duration_minutes,
        distance,
        order_id,
        user_id,
        bicycle_sn,
        bicycle_type,
        country_code,
        CASE
            when bicycle_type in (15,17,18,22,24) then 'Bicycle'
            when bicycle_type in (9,10,11,12,13,16,19,23) then 'Scooter'
            else 'none'
        END as vehicle_type,
        region_id as low_region_id,
        region_name as low_region_name,
        order_amount,
        pay_amount,
        out_of_area_charge,
        coupon_id,
        is_late_night_surcharge,
        is_limit_free,
        from_api,
        ST_X(start_point) as `start_lng`,
        ST_Y(start_point) as `start_lat`,
        ST_X(end_point) as `end_lng`,
        ST_Y(end_point) as `end_lat`,
        ST_AsText(start_point) as start_point,
        ST_AsText(end_point) as end_point,
        ST_AsText(start_user_point) as start_user_point,
        ST_AsText(end_user_point) as end_user_point
    FROM gbike.rich_orders o
    WHERE o.order_state = 2
      AND o.add_time >= UNIX_TIMESTAMP('2026-06-02 00:00:00') - 32400
      AND o.add_time <= UNIX_TIMESTAMP('2026-06-02 23:59:59') - 32400
      AND o.country_code = 'kr'
    ': (pymysql.err.OperationalError) (3732, 'A parameter of function st_x contains a geometry with latitude 129.174490, which is out of range. It must be within [-90.000000, 90.000000].')
[SQL: 
    SELECT
        CONVERT_TZ(FROM_UNIXTIME(o.add_time), 'UTC', 'Asia/Seoul') as dt,
        CONVERT_TZ(FROM_UNIXTIME(o.start_time), 'UTC', 'Asia/Seoul') as st_dt,
        CONVERT_TZ(FROM_UNIXTIME(o.end_time), 'UTC', 'Asia/Seoul') as end_dt,
        (o.end_time - o.start_time) / 60 AS duration_minutes,
        distance,
        order_id,
        user_id,
        bicycle_sn,
        bicycle_type,
        country_code,
        CASE
            when bicycle_type in (15,17,18,22,24) then 'Bicycle'
            when bicycle_type in (9,10,11,12,13,16,19,23) then 'Scooter'
            else 'none'
        END as vehicle_type,
        region_id as low_region_id,
        region_name as low_region_name,
        order_amount,
        pay_amount,
        out_of_area_charge,
        coupon_id,
        is_late_night_surcharge,
        is_limit_free,
        from_api,
        ST_X(start_point) as `start_lng`,
        ST_Y(start_point) as `start_lat`,
        ST_X(end_point) as `end_lng`,
        ST_Y(end_point) as `end_lat`,
        ST_AsText(start_point) as start_point,
        ST_AsText(end_point) as end_point,
        ST_AsText(start_user_point) as start_user_point,
        ST_AsText(end_user_point) as end_user_point
    FROM gbike.rich_orders o
    WHERE o.order_state = 2
      AND o.add_time >= UNIX_TIMESTAMP('2026-06-02 00:00:00') - 32400
      AND o.add_time <= UNIX_TIMESTAMP('2026-06-02 23:59:59') - 32400
      AND o.country_code = 'kr'
    ]
(Background on this error at: https://sqlalche.me/e/20/e3q8)
[2026-06-02] 추출 실패. 다음 날짜로 넘어갑니다.

-------------------
2026-06-04 10:00:12 [INFO] 누락 날짜 데이터 강제 추출 시도: 2026-06-03
2026-06-04 10:00:12 [INFO] Starting execution of: extract_rich_orders_daily.py 2026-06-03 2026-06-03
2026-06-04 10:00:36 [INFO] 
--- extract_rich_orders_daily.py STDOUT ---
총 1일 치 데이터 추출을 시작합니다.
저장 기본 경로: /Users/galaxy/Google Drive/공유 드라이브/gbike.rich_orders
[2026-06-03] 데이터 추출 중...
[2026-06-03] 성공적으로 저장되었습니다. (건수: 206,648, 소요시간: 21.89초)

-------------------
2026-06-04 10:00:36 [INFO] Starting execution of: send_weekly_report.py 
2026-06-04 10:00:37 [ERROR] Error running send_weekly_report.py (Exit code: 1)
2026-06-04 10:00:37 [ERROR] STDERR:
Traceback (most recent call last):
  File "/Users/galaxy/anti_codebase/scripts/python/report_daily_ststs_v1/send_weekly_report.py", line 13, in <module>
    from models.revenue_forecast.ensemble_predictor import predict_month_end_revenue
  File "/Users/galaxy/anti_codebase/scripts/python/models/revenue_forecast/ensemble_predictor.py", line 6, in <module>
    from prophet import Prophet
ModuleNotFoundError: No module named 'prophet'

2026-06-04 10:00:37 [ERROR] 리포트 발송 단계에서 오류가 발생하여 배치 실행을 중단합니다.
2026-06-04 10:00:37 [INFO] ================ Daily Batch Run Failed ================

2026-06-04 10:00:01 [INFO] ================ Daily Batch Run Attempt (2026-06-04 10:00:01) ================
2026-06-04 10:00:01 [INFO] 필수 데이터 검사 범위: 2026-05-21 ~ 2026-06-03
2026-06-04 10:00:01 [INFO] 누락 데이터 존재 감지: ['2026-06-02', '2026-06-03']
2026-06-04 10:00:01 [INFO] 누락 날짜 데이터 강제 추출 시도: 2026-06-02
2026-06-04 10:00:01 [INFO] Starting execution of: extract_rich_orders_daily.py 2026-06-02 2026-06-02
2026-06-04 10:00:12 [INFO] 
--- extract_rich_orders_daily.py STDOUT ---
총 1일 치 데이터 추출을 시작합니다.
저장 기본 경로: /Users/galaxy/Google Drive/공유 드라이브/gbike.rich_orders
[2026-06-02] 데이터 추출 중...
Error extracting data for 2026-06-02: Execution failed on sql '
    SELECT
        CONVERT_TZ(FROM_UNIXTIME(o.add_time), 'UTC', 'Asia/Seoul') as dt,
        CONVERT_TZ(FROM_UNIXTIME(o.start_time), 'UTC', 'Asia/Seoul') as st_dt,
        CONVERT_TZ(FROM_UNIXTIME(o.end_time), 'UTC', 'Asia/Seoul') as end_dt,
        (o.end_time - o.start_time) / 60 AS duration_minutes,
        distance,
        order_id,
        user_id,
        bicycle_sn,
        bicycle_type,
        country_code,
        CASE
            when bicycle_type in (15,17,18,22,24) then 'Bicycle'
            when bicycle_type in (9,10,11,12,13,16,19,23) then 'Scooter'
            else 'none'
        END as vehicle_type,
        region_id as low_region_id,
        region_name as low_region_name,
        order_amount,
        pay_amount,
        out_of_area_charge,
        coupon_id,
        is_late_night_surcharge,
        is_limit_free,
        from_api,
        ST_X(start_point) as `start_lng`,
        ST_Y(start_point) as `start_lat`,
        ST_X(end_point) as `end_lng`,
        ST_Y(end_point) as `end_lat`,
        ST_AsText(start_point) as start_point,
        ST_AsText(end_point) as end_point,
        ST_AsText(start_user_point) as start_user_point,
        ST_AsText(end_user_point) as end_user_point
    FROM gbike.rich_orders o
    WHERE o.order_state = 2
      AND o.add_time >= UNIX_TIMESTAMP('2026-06-02 00:00:00') - 32400
      AND o.add_time <= UNIX_TIMESTAMP('2026-06-02 23:59:59') - 32400
      AND o.country_code = 'kr'
    ': (pymysql.err.OperationalError) (3732, 'A parameter of function st_x contains a geometry with latitude 129.174490, which is out of range. It must be within [-90.000000, 90.000000].')
[SQL: 
    SELECT
        CONVERT_TZ(FROM_UNIXTIME(o.add_time), 'UTC', 'Asia/Seoul') as dt,
        CONVERT_TZ(FROM_UNIXTIME(o.start_time), 'UTC', 'Asia/Seoul') as st_dt,
        CONVERT_TZ(FROM_UNIXTIME(o.end_time), 'UTC', 'Asia/Seoul') as end_dt,
        (o.end_time - o.start_time) / 60 AS duration_minutes,
        distance,
        order_id,
        user_id,
        bicycle_sn,
        bicycle_type,
        country_code,
        CASE
            when bicycle_type in (15,17,18,22,24) then 'Bicycle'
            when bicycle_type in (9,10,11,12,13,16,19,23) then 'Scooter'
            else 'none'
        END as vehicle_type,
        region_id as low_region_id,
        region_name as low_region_name,
        order_amount,
        pay_amount,
        out_of_area_charge,
        coupon_id,
        is_late_night_surcharge,
        is_limit_free,
        from_api,
        ST_X(start_point) as `start_lng`,
        ST_Y(start_point) as `start_lat`,
        ST_X(end_point) as `end_lng`,
        ST_Y(end_point) as `end_lat`,
        ST_AsText(start_point) as start_point,
        ST_AsText(end_point) as end_point,
        ST_AsText(start_user_point) as start_user_point,
        ST_AsText(end_user_point) as end_user_point
    FROM gbike.rich_orders o
    WHERE o.order_state = 2
      AND o.add_time >= UNIX_TIMESTAMP('2026-06-02 00:00:00') - 32400
      AND o.add_time <= UNIX_TIMESTAMP('2026-06-02 23:59:59') - 32400
      AND o.country_code = 'kr'
    ]
(Background on this error at: https://sqlalche.me/e/20/e3q8)
[2026-06-02] 추출 실패. 다음 날짜로 넘어갑니다.

-------------------
2026-06-04 10:00:12 [INFO] 누락 날짜 데이터 강제 추출 시도: 2026-06-03
2026-06-04 10:00:12 [INFO] Starting execution of: extract_rich_orders_daily.py 2026-06-03 2026-06-03
2026-06-04 10:00:36 [INFO] 
--- extract_rich_orders_daily.py STDOUT ---
총 1일 치 데이터 추출을 시작합니다.
저장 기본 경로: /Users/galaxy/Google Drive/공유 드라이브/gbike.rich_orders
[2026-06-03] 데이터 추출 중...
[2026-06-03] 성공적으로 저장되었습니다. (건수: 206,648, 소요시간: 21.89초)

-------------------
2026-06-04 10:00:36 [INFO] Starting execution of: send_weekly_report.py 
2026-06-04 10:00:37 [ERROR] Error running send_weekly_report.py (Exit code: 1)
2026-06-04 10:00:37 [ERROR] STDERR:
Traceback (most recent call last):
  File "/Users/galaxy/anti_codebase/scripts/python/report_daily_ststs_v1/send_weekly_report.py", line 13, in <module>
    from models.revenue_forecast.ensemble_predictor import predict_month_end_revenue
  File "/Users/galaxy/anti_codebase/scripts/python/models/revenue_forecast/ensemble_predictor.py", line 6, in <module>
    from prophet import Prophet
ModuleNotFoundError: No module named 'prophet'

2026-06-04 10:00:37 [ERROR] 리포트 발송 단계에서 오류가 발생하여 배치 실행을 중단합니다.
2026-06-04 10:00:37 [INFO] ================ Daily Batch Run Failed ================

2026-06-04 10:00:37 [ERROR] run_daily_batch.py failed with exit code 1
2026-06-04 10:12:53 [INFO] ================ Daily Batch Run Attempt (2026-06-04 10:12:53) ================
2026-06-04 10:12:53 [INFO] 필수 데이터 검사 범위: 2026-05-21 ~ 2026-06-03
2026-06-04 10:12:53 [INFO] 모든 필수 날짜의 데이터 파케이 파일이 존재합니다. 추가 추출 단계를 생략합니다.
2026-06-04 10:12:53 [INFO] Starting execution of: send_weekly_report.py 
2026-06-04 10:13:10 [INFO] 
--- send_weekly_report.py STDOUT ---
[2026-05-21 ~ 2026-06-03] 데이터를 로드합니다...
월말 최종 마감 예상 매출(예측 MTD) 계산 시작...
생성된 메시지:
📊 *gbike 실적 리포트*

▶️ *이번 달 누적 (MTD: 2026-06-01 ~ 2026-06-03)*
- 총 실매출(only 트립매출): 924,050,424원
- 이번 달 최종 마감 예측 매출: 9,512,799,169원 (모델 소요시간: 8.4초)
- 총 트립 수: 606,156건
- 이용 유저 수: 270,941명

▶️ *최근 7일 요약 (2026-05-28 ~ 2026-06-03)*
- 총 실매출(only 트립매출): 2,177,927,106원 (WoW +14.7%)
- 총 트립 수: 1,402,126건
- 이용 유저 수: 446,789명

▶️ *최근 14일 일별 상세*
```
일자       | 날씨 |     트립수 |   only 트립매출(원) |     유저수
--------------------------------------------------------
05-21(목) | 비    |  141,457 |     201,244,487 |   95,479
05-22(금) | -    |  209,395 |     320,974,610 |  136,572
05-23(토) | 비    |  193,430 |     318,866,583 |  124,223
05-24(일) | -    |  183,002 |     311,642,551 |  118,117
05-25(월) | -    |  178,607 |     295,521,197 |  114,280
05-26(화) | 비    |  156,913 |     225,751,953 |  106,226
05-27(수) | 비    |  156,887 |     225,501,685 |  104,594
05-28(목) | 비    |  178,523 |     260,480,709 |  117,495
05-29(금) | -    |  216,255 |     331,983,879 |  140,801
05-30(토) | -    |  212,164 |     348,107,779 |  134,784
05-31(일) | -    |  189,028 |     313,304,313 |  121,173
06-01(월) | -    |  196,116 |     288,747,891 |  127,705
06-02(화) | -    |  203,392 |     301,957,680 |  132,490
06-03(수) | 비    |  206,648 |     333,344,852 |  128,870
```
메시지 전송 성공: spaces/AAQAUbAUReQ/messages/cEirZvxE-ro.cEirZvxE-ro

-------------------
2026-06-04 10:13:10 [INFO] 금일 배치 작업이 모두 정상 종료되었습니다. 성공 마커 파일을 기록합니다.
2026-06-04 10:13:10 [INFO] Removed old marker file: .daily_success_20260602
2026-06-04 10:13:10 [INFO] ================ Daily Batch Run Completed ================

2026-06-05 10:00:00 [INFO] ================ Daily Cron Batch Start ================
2026-06-05 10:00:00 [INFO] Virtual environment activated.
2026-06-05 10:00:00 [INFO] Running run_daily_batch.py...
2026-06-05 10:00:00 [INFO] ================ Daily Batch Run Attempt (2026-06-05 10:00:00) ================
2026-06-05 10:00:00 [INFO] 필수 데이터 검사 범위: 2026-05-22 ~ 2026-06-04
2026-06-05 10:00:00 [INFO] 누락 데이터 존재 감지: ['2026-06-04']
2026-06-05 10:00:00 [INFO] 누락 날짜 데이터 강제 추출 시도: 2026-06-04
2026-06-05 10:00:00 [INFO] Starting execution of: extract_rich_orders_daily.py 2026-06-04 2026-06-04
2026-06-05 10:00:02 [INFO] ================ Daily Batch Run Attempt (2026-06-05 10:00:02) ================
2026-06-05 10:00:02 [INFO] 필수 데이터 검사 범위: 2026-05-22 ~ 2026-06-04
2026-06-05 10:00:02 [INFO] 누락 데이터 존재 감지: ['2026-06-04']
2026-06-05 10:00:02 [INFO] 누락 날짜 데이터 강제 추출 시도: 2026-06-04
2026-06-05 10:00:02 [INFO] Starting execution of: extract_rich_orders_daily.py 2026-06-04 2026-06-04
2026-06-05 10:00:18 [INFO] 
--- extract_rich_orders_daily.py STDOUT ---
총 1일 치 데이터 추출을 시작합니다.
저장 기본 경로: /Users/galaxy/Google Drive/공유 드라이브/gbike.rich_orders
[2026-06-04] 데이터 추출 중...
[2026-06-04] 성공적으로 저장되었습니다. (건수: 185,263, 소요시간: 16.34초)

-------------------
2026-06-05 10:00:18 [INFO] Starting execution of: send_weekly_report.py 
2026-06-05 10:00:20 [INFO] 
--- extract_rich_orders_daily.py STDOUT ---
총 1일 치 데이터 추출을 시작합니다.
저장 기본 경로: /Users/galaxy/Google Drive/공유 드라이브/gbike.rich_orders
[2026-06-04] 데이터 추출 중...
[2026-06-04] 성공적으로 저장되었습니다. (건수: 185,263, 소요시간: 18.06초)

-------------------
2026-06-05 10:00:20 [INFO] Starting execution of: send_weekly_report.py 
2026-06-05 10:01:09 [INFO] 
--- send_weekly_report.py STDOUT ---
[2026-05-22 ~ 2026-06-04] 데이터를 로드합니다...
월말 최종 마감 예상 매출(예측 MTD) 계산 시작...
생성된 메시지:
📊 *gbike 실적 리포트*

▶️ *이번 달 누적 (MTD: 2026-06-01 ~ 2026-06-04)*
- 총 실매출(only 트립매출): 1,194,472,854원
- 이번 달 최종 마감 예측 매출: 9,227,544,446원 (모델 소요시간: 19.4초)
- 총 트립 수: 791,419건
- 이용 유저 수: 313,873명

▶️ *최근 7일 요약 (2026-05-29 ~ 2026-06-04)*
- 총 실매출(only 트립매출): 2,187,868,826원 (WoW +11.7%)
- 총 트립 수: 1,408,866건
- 이용 유저 수: 448,455명

▶️ *최근 14일 일별 상세*
```
일자       | 날씨 |     트립수 |   only 트립매출(원) |        예상매출(원) |     유저수
---------------------------------------------------------------------------
05-22(금) | -    |  209,395 |     320,974,610 |     316,333,380 |  136,572
05-23(토) | 비    |  193,430 |     318,866,583 |     311,075,017 |  124,223
05-24(일) | -    |  183,002 |     311,642,551 |     296,740,988 |  118,117
05-25(월) | -    |  178,607 |     295,521,197 |     289,188,780 |  114,280
05-26(화) | 비    |  156,913 |     225,751,953 |     241,297,685 |  106,226
05-27(수) | 비    |  156,887 |     225,501,685 |     228,357,794 |  104,594
05-28(목) | 비    |  178,523 |     260,480,709 |     275,561,500 |  117,495
05-29(금) | -    |  216,255 |     331,983,879 |     334,569,995 |  140,801
05-30(토) | -    |  212,164 |     348,107,779 |     333,649,499 |  134,784
05-31(일) | -    |  189,028 |     313,304,313 |     319,036,272 |  121,173
06-01(월) | -    |  196,116 |     288,747,891 |     302,556,530 |  127,705
06-02(화) | -    |  203,392 |     301,957,680 |     305,433,057 |  132,490
06-03(수) | 비    |  206,648 |     333,344,852 |     326,343,090 |  128,870
06-04(목) | 비    |  185,263 |     270,422,430 |     261,015,280 |  123,092
```

▶️ *이번달 일별 상세 (예상)*
```
일자       | 날씨 |          실매출(원) |         예상매출(원)
---------------------------------------------------
06-01(월) | -    |     288,747,891 |     302,556,530
06-02(화) | -    |     301,957,680 |     305,433,057
06-03(수) | 비    |     333,344,852 |     326,343,090
06-04(목) | 비    |     270,422,430 |     261,015,280
06-05(금) | 비    |               - |     334,960,965
06-06(토) | -    |               - |     358,777,617
06-07(일) | 비    |               - |     311,871,413
06-08(월) | -    |               - |     311,585,367
06-09(화) | -    |               - |     316,905,748
06-10(수) | 비    |               - |     287,482,285
06-11(목) | 비    |               - |     315,507,254
06-12(금) | -    |               - |     354,962,859
06-13(토) | -    |               - |     358,313,330
06-14(일) | 비    |               - |     242,739,704
06-15(월) | 비    |               - |     257,136,018
06-16(화) | -    |               - |     313,750,324
06-17(수) | -    |               - |     327,352,575
06-18(목) | 비    |               - |     266,975,643
06-19(금) | 비    |               - |     307,015,966
06-20(토) | 비    |               - |     250,348,697
06-21(일) | -    |               - |     313,899,008
06-22(월) | -    |               - |     301,747,736
06-23(화) | -    |               - |     304,318,516
06-24(수) | -    |               - |     316,639,815
06-25(목) | -    |               - |     316,253,271
06-26(금) | -    |               - |     336,726,432
06-27(토) | -    |               - |     332,737,296
06-28(일) | -    |               - |     304,856,741
06-29(월) | -    |               - |     293,409,851
06-30(화) | -    |               - |     296,797,149
```

메시지 전송 성공: spaces/AAQAUbAUReQ/messages/sOwfgwKKemY.sOwfgwKKemY

-------------------
2026-06-05 10:01:09 [INFO] 금일 배치 작업이 모두 정상 종료되었습니다. 성공 마커 파일을 기록합니다.
2026-06-05 10:01:09 [INFO] Removed old marker file: .daily_success_20260604
2026-06-05 10:01:09 [INFO] ================ Daily Batch Run Completed ================

2026-06-05 10:01:20 [INFO] 
--- send_weekly_report.py STDOUT ---
[2026-05-22 ~ 2026-06-04] 데이터를 로드합니다...
월말 최종 마감 예상 매출(예측 MTD) 계산 시작...
생성된 메시지:
📊 *gbike 실적 리포트*

▶️ *이번 달 누적 (MTD: 2026-06-01 ~ 2026-06-04)*
- 총 실매출(only 트립매출): 1,194,472,854원
- 이번 달 최종 마감 예측 매출: 9,227,544,446원 (모델 소요시간: 29.1초)
- 총 트립 수: 791,419건
- 이용 유저 수: 313,873명

▶️ *최근 7일 요약 (2026-05-29 ~ 2026-06-04)*
- 총 실매출(only 트립매출): 2,187,868,826원 (WoW +11.7%)
- 총 트립 수: 1,408,866건
- 이용 유저 수: 448,455명

▶️ *최근 14일 일별 상세*
```
일자       | 날씨 |     트립수 |   only 트립매출(원) |        예상매출(원) |     유저수
---------------------------------------------------------------------------
05-22(금) | -    |  209,395 |     320,974,610 |     316,333,380 |  136,572
05-23(토) | 비    |  193,430 |     318,866,583 |     311,075,017 |  124,223
05-24(일) | -    |  183,002 |     311,642,551 |     296,740,988 |  118,117
05-25(월) | -    |  178,607 |     295,521,197 |     289,188,780 |  114,280
05-26(화) | 비    |  156,913 |     225,751,953 |     241,297,685 |  106,226
05-27(수) | 비    |  156,887 |     225,501,685 |     228,357,794 |  104,594
05-28(목) | 비    |  178,523 |     260,480,709 |     275,561,500 |  117,495
05-29(금) | -    |  216,255 |     331,983,879 |     334,569,995 |  140,801
05-30(토) | -    |  212,164 |     348,107,779 |     333,649,499 |  134,784
05-31(일) | -    |  189,028 |     313,304,313 |     319,036,272 |  121,173
06-01(월) | -    |  196,116 |     288,747,891 |     302,556,530 |  127,705
06-02(화) | -    |  203,392 |     301,957,680 |     305,433,057 |  132,490
06-03(수) | 비    |  206,648 |     333,344,852 |     326,343,090 |  128,870
06-04(목) | 비    |  185,263 |     270,422,430 |     261,015,280 |  123,092
```

▶️ *이번달 일별 상세 (예상)*
```
일자       | 날씨 |          실매출(원) |         예상매출(원)
---------------------------------------------------
06-01(월) | -    |     288,747,891 |     302,556,530
06-02(화) | -    |     301,957,680 |     305,433,057
06-03(수) | 비    |     333,344,852 |     326,343,090
06-04(목) | 비    |     270,422,430 |     261,015,280
06-05(금) | 비    |               - |     334,960,965
06-06(토) | -    |               - |     358,777,617
06-07(일) | 비    |               - |     311,871,413
06-08(월) | -    |               - |     311,585,367
06-09(화) | -    |               - |     316,905,748
06-10(수) | 비    |               - |     287,482,285
06-11(목) | 비    |               - |     315,507,254
06-12(금) | -    |               - |     354,962,859
06-13(토) | -    |               - |     358,313,330
06-14(일) | 비    |               - |     242,739,704
06-15(월) | 비    |               - |     257,136,018
06-16(화) | -    |               - |     313,750,324
06-17(수) | -    |               - |     327,352,575
06-18(목) | 비    |               - |     266,975,643
06-19(금) | 비    |               - |     307,015,966
06-20(토) | 비    |               - |     250,348,697
06-21(일) | -    |               - |     313,899,008
06-22(월) | -    |               - |     301,747,736
06-23(화) | -    |               - |     304,318,516
06-24(수) | -    |               - |     316,639,815
06-25(목) | -    |               - |     316,253,271
06-26(금) | -    |               - |     336,726,432
06-27(토) | -    |               - |     332,737,296
06-28(일) | -    |               - |     304,856,741
06-29(월) | -    |               - |     293,409,851
06-30(화) | -    |               - |     296,797,149
```

메시지 전송 성공: spaces/AAQAUbAUReQ/messages/lTCLjxWwq8s.lTCLjxWwq8s

-------------------
2026-06-05 10:01:20 [INFO] 금일 배치 작업이 모두 정상 종료되었습니다. 성공 마커 파일을 기록합니다.
2026-06-05 10:01:20 [INFO] ================ Daily Batch Run Completed ================

2026-06-05 10:00:00 [INFO] ================ Daily Batch Run Attempt (2026-06-05 10:00:00) ================
2026-06-05 10:00:00 [INFO] 필수 데이터 검사 범위: 2026-05-22 ~ 2026-06-04
2026-06-05 10:00:00 [INFO] 누락 데이터 존재 감지: ['2026-06-04']
2026-06-05 10:00:00 [INFO] 누락 날짜 데이터 강제 추출 시도: 2026-06-04
2026-06-05 10:00:00 [INFO] Starting execution of: extract_rich_orders_daily.py 2026-06-04 2026-06-04
2026-06-05 10:00:20 [INFO] 
--- extract_rich_orders_daily.py STDOUT ---
총 1일 치 데이터 추출을 시작합니다.
저장 기본 경로: /Users/galaxy/Google Drive/공유 드라이브/gbike.rich_orders
[2026-06-04] 데이터 추출 중...
[2026-06-04] 성공적으로 저장되었습니다. (건수: 185,263, 소요시간: 18.06초)

-------------------
2026-06-05 10:00:20 [INFO] Starting execution of: send_weekly_report.py 
2026-06-05 10:01:20 [INFO] 
--- send_weekly_report.py STDOUT ---
[2026-05-22 ~ 2026-06-04] 데이터를 로드합니다...
월말 최종 마감 예상 매출(예측 MTD) 계산 시작...
생성된 메시지:
📊 *gbike 실적 리포트*

▶️ *이번 달 누적 (MTD: 2026-06-01 ~ 2026-06-04)*
- 총 실매출(only 트립매출): 1,194,472,854원
- 이번 달 최종 마감 예측 매출: 9,227,544,446원 (모델 소요시간: 29.1초)
- 총 트립 수: 791,419건
- 이용 유저 수: 313,873명

▶️ *최근 7일 요약 (2026-05-29 ~ 2026-06-04)*
- 총 실매출(only 트립매출): 2,187,868,826원 (WoW +11.7%)
- 총 트립 수: 1,408,866건
- 이용 유저 수: 448,455명

▶️ *최근 14일 일별 상세*
```
일자       | 날씨 |     트립수 |   only 트립매출(원) |        예상매출(원) |     유저수
---------------------------------------------------------------------------
05-22(금) | -    |  209,395 |     320,974,610 |     316,333,380 |  136,572
05-23(토) | 비    |  193,430 |     318,866,583 |     311,075,017 |  124,223
05-24(일) | -    |  183,002 |     311,642,551 |     296,740,988 |  118,117
05-25(월) | -    |  178,607 |     295,521,197 |     289,188,780 |  114,280
05-26(화) | 비    |  156,913 |     225,751,953 |     241,297,685 |  106,226
05-27(수) | 비    |  156,887 |     225,501,685 |     228,357,794 |  104,594
05-28(목) | 비    |  178,523 |     260,480,709 |     275,561,500 |  117,495
05-29(금) | -    |  216,255 |     331,983,879 |     334,569,995 |  140,801
05-30(토) | -    |  212,164 |     348,107,779 |     333,649,499 |  134,784
05-31(일) | -    |  189,028 |     313,304,313 |     319,036,272 |  121,173
06-01(월) | -    |  196,116 |     288,747,891 |     302,556,530 |  127,705
06-02(화) | -    |  203,392 |     301,957,680 |     305,433,057 |  132,490
06-03(수) | 비    |  206,648 |     333,344,852 |     326,343,090 |  128,870
06-04(목) | 비    |  185,263 |     270,422,430 |     261,015,280 |  123,092
```

▶️ *이번달 일별 상세 (예상)*
```
일자       | 날씨 |          실매출(원) |         예상매출(원)
---------------------------------------------------
06-01(월) | -    |     288,747,891 |     302,556,530
06-02(화) | -    |     301,957,680 |     305,433,057
06-03(수) | 비    |     333,344,852 |     326,343,090
06-04(목) | 비    |     270,422,430 |     261,015,280
06-05(금) | 비    |               - |     334,960,965
06-06(토) | -    |               - |     358,777,617
06-07(일) | 비    |               - |     311,871,413
06-08(월) | -    |               - |     311,585,367
06-09(화) | -    |               - |     316,905,748
06-10(수) | 비    |               - |     287,482,285
06-11(목) | 비    |               - |     315,507,254
06-12(금) | -    |               - |     354,962,859
06-13(토) | -    |               - |     358,313,330
06-14(일) | 비    |               - |     242,739,704
06-15(월) | 비    |               - |     257,136,018
06-16(화) | -    |               - |     313,750,324
06-17(수) | -    |               - |     327,352,575
06-18(목) | 비    |               - |     266,975,643
06-19(금) | 비    |               - |     307,015,966
06-20(토) | 비    |               - |     250,348,697
06-21(일) | -    |               - |     313,899,008
06-22(월) | -    |               - |     301,747,736
06-23(화) | -    |               - |     304,318,516
06-24(수) | -    |               - |     316,639,815
06-25(목) | -    |               - |     316,253,271
06-26(금) | -    |               - |     336,726,432
06-27(토) | -    |               - |     332,737,296
06-28(일) | -    |               - |     304,856,741
06-29(월) | -    |               - |     293,409,851
06-30(화) | -    |               - |     296,797,149
```

메시지 전송 성공: spaces/AAQAUbAUReQ/messages/lTCLjxWwq8s.lTCLjxWwq8s

-------------------
2026-06-05 10:01:20 [INFO] 금일 배치 작업이 모두 정상 종료되었습니다. 성공 마커 파일을 기록합니다.
2026-06-05 10:01:20 [INFO] ================ Daily Batch Run Completed ================

2026-06-05 10:01:20 [INFO] run_daily_batch.py completed successfully.
2026-06-05 10:01:20 [INFO] ================ Daily Cron Batch End ================
2026-06-06 10:05:08 [INFO] ================ Daily Cron Batch Start ================
2026-06-06 10:05:08 [INFO] Virtual environment activated.
2026-06-06 10:05:08 [INFO] Running run_daily_batch.py...
2026-06-06 10:05:08 [INFO] ================ Daily Batch Run Attempt (2026-06-06 10:05:08) ================
2026-06-06 10:05:08 [INFO] 필수 데이터 검사 범위: 2026-05-23 ~ 2026-06-05
2026-06-06 10:05:08 [INFO] 누락 데이터 존재 감지: ['2026-06-05']
2026-06-06 10:05:08 [INFO] 누락 날짜 데이터 강제 추출 시도: 2026-06-05
2026-06-06 10:05:08 [INFO] Starting execution of: extract_rich_orders_daily.py 2026-06-05 2026-06-05
2026-06-06 10:05:20 [ERROR] Error running extract_rich_orders_daily.py (Exit code: 1)
2026-06-06 10:05:20 [ERROR] STDOUT:
총 1일 치 데이터 추출을 시작합니다.
저장 기본 경로: /Users/galaxy/Google Drive/공유 드라이브/gbike.rich_orders
[2026-06-05] 데이터 추출 중...
Error extracting data for 2026-06-05: (pymysql.err.OperationalError) (2003, "Can't connect to MySQL server on 'live.st.rds.gbility.io' (timed out)")
(Background on this error at: https://sqlalche.me/e/20/e3q8)
[2026-06-05] 추출 실패. 다음 날짜로 넘어갑니다.
경고: 하나 이상의 날짜 추출 또는 저장에 실패했습니다.

2026-06-06 10:05:20 [ERROR] 2026-06-05 데이터 추출 단계에서 오류가 발생하여 배치 실행을 중단합니다.
2026-06-06 10:05:20 [INFO] ================ Daily Batch Run Failed ================

2026-06-06 10:05:08 [INFO] ================ Daily Batch Run Attempt (2026-06-06 10:05:08) ================
2026-06-06 10:05:08 [INFO] 필수 데이터 검사 범위: 2026-05-23 ~ 2026-06-05
2026-06-06 10:05:08 [INFO] 누락 데이터 존재 감지: ['2026-06-05']
2026-06-06 10:05:08 [INFO] 누락 날짜 데이터 강제 추출 시도: 2026-06-05
2026-06-06 10:05:08 [INFO] Starting execution of: extract_rich_orders_daily.py 2026-06-05 2026-06-05
2026-06-06 10:05:20 [ERROR] Error running extract_rich_orders_daily.py (Exit code: 1)
2026-06-06 10:05:20 [ERROR] STDOUT:
총 1일 치 데이터 추출을 시작합니다.
저장 기본 경로: /Users/galaxy/Google Drive/공유 드라이브/gbike.rich_orders
[2026-06-05] 데이터 추출 중...
Error extracting data for 2026-06-05: (pymysql.err.OperationalError) (2003, "Can't connect to MySQL server on 'live.st.rds.gbility.io' (timed out)")
(Background on this error at: https://sqlalche.me/e/20/e3q8)
[2026-06-05] 추출 실패. 다음 날짜로 넘어갑니다.
경고: 하나 이상의 날짜 추출 또는 저장에 실패했습니다.

2026-06-06 10:05:20 [ERROR] 2026-06-05 데이터 추출 단계에서 오류가 발생하여 배치 실행을 중단합니다.
2026-06-06 10:05:20 [INFO] ================ Daily Batch Run Failed ================

2026-06-06 10:05:20 [ERROR] run_daily_batch.py failed with exit code 1
2026-06-06 23:16:30 [INFO] ================ Daily Cron Batch Start ================
2026-06-06 23:16:30 [INFO] Virtual environment activated.
2026-06-06 23:16:30 [INFO] Running run_daily_batch.py...
2026-06-06 23:16:30 [INFO] ================ Daily Batch Run Attempt (2026-06-06 23:16:30) ================
2026-06-06 23:16:30 [INFO] 필수 데이터 검사 범위: 2026-05-23 ~ 2026-06-05
2026-06-06 23:16:30 [INFO] 누락 데이터 존재 감지: ['2026-06-05']
2026-06-06 23:16:30 [INFO] 누락 날짜 데이터 강제 추출 시도: 2026-06-05
2026-06-06 23:16:30 [INFO] Starting execution of: extract_rich_orders_daily.py 2026-06-05 2026-06-05
2026-06-06 23:16:55 [INFO] 
--- extract_rich_orders_daily.py STDOUT ---
총 1일 치 데이터 추출을 시작합니다.
저장 기본 경로: /Users/galaxy/Google Drive/공유 드라이브/gbike.rich_orders
[2026-06-05] 데이터 추출 중...
[2026-06-05] 성공적으로 저장되었습니다. (건수: 215,138, 소요시간: 23.73초)

-------------------
2026-06-06 23:16:55 [INFO] Starting execution of: send_weekly_report.py 
2026-06-06 23:17:19 [INFO] 
--- send_weekly_report.py STDOUT ---
[2026-05-23 ~ 2026-06-05] 데이터를 로드합니다...
월말 최종 마감 예상 매출(예측 MTD) 계산 시작...
생성된 메시지:
📊 *gbike 실적 리포트*

▶️ *이번 달 누적 (MTD: 2026-06-01 ~ 2026-06-05)*
- 총 실매출(only 트립매출): 1,520,933,471원
- 이번 달 최종 마감 예측 매출: 9,663,813,239원 (모델 소요시간: 15.1초)
- 총 트립 수: 1,006,557건
- 이용 유저 수: 360,682명

▶️ *최근 7일 요약 (2026-05-30 ~ 2026-06-05)*
- 총 실매출(only 트립매출): 2,182,345,564원 (WoW +10.8%)
- 총 트립 수: 1,407,749건
- 이용 유저 수: 447,684명

▶️ *최근 14일 일별 상세*
```
일자       | 날씨 |     트립수 |   only 트립매출(원) |        예상매출(원) |     유저수
---------------------------------------------------------------------------
05-23(토) | 비    |  193,430 |     318,866,583 |     311,853,455 |  124,223
05-24(일) | -    |  183,002 |     311,642,551 |     295,718,609 |  118,117
05-25(월) | -    |  178,607 |     295,521,197 |     287,146,410 |  114,280
05-26(화) | 비    |  156,913 |     225,751,953 |     244,595,237 |  106,226
05-27(수) | 비    |  156,887 |     225,501,685 |     231,269,780 |  104,594
05-28(목) | 비    |  178,523 |     260,480,709 |     274,078,983 |  117,495
05-29(금) | -    |  216,255 |     331,983,879 |     333,907,999 |  140,801
05-30(토) | -    |  212,164 |     348,107,779 |     333,004,118 |  134,784
05-31(일) | -    |  189,028 |     313,304,313 |     319,032,524 |  121,173
06-01(월) | -    |  196,116 |     288,747,891 |     303,384,964 |  127,705
06-02(화) | -    |  203,392 |     301,957,680 |     305,862,335 |  132,490
06-03(수) | 비    |  206,648 |     333,344,852 |     324,721,852 |  128,870
06-04(목) | 비    |  185,263 |     270,422,430 |     260,261,381 |  123,092
06-05(금) | 비    |  215,138 |     326,460,617 |     318,042,291 |  140,083
```

▶️ *이번달 일별 상세 (예상)*
```
일자       | 날씨 |          실매출(원) |         예상매출(원)
---------------------------------------------------
06-01(월) | -    |     288,747,891 |     303,384,964
06-02(화) | -    |     301,957,680 |     305,862,335
06-03(수) | 비    |     333,344,852 |     324,721,852
06-04(목) | 비    |     270,422,430 |     260,261,381
06-05(금) | 비    |     326,460,617 |     318,042,291
06-06(토) | -    |               - |     364,341,810
06-07(일) | 비    |               - |     244,627,683
06-08(월) | 비    |               - |     319,652,435
06-09(화) | -    |               - |     321,134,360
06-10(수) | -    |               - |     325,403,626
06-11(목) | 비    |               - |     295,980,506
06-12(금) | -    |               - |     347,099,395
06-13(토) | 비    |               - |     344,631,523
06-14(일) | -    |               - |     328,826,928
06-15(월) | -    |               - |     313,636,404
06-16(화) | -    |               - |     317,642,007
06-17(수) | 비    |               - |     336,578,860
06-18(목) | 비    |               - |     332,769,846
06-19(금) | -    |               - |     361,507,216
06-20(토) | -    |               - |     354,321,615
06-21(일) | -    |               - |     317,546,005
06-22(월) | -    |               - |     316,666,580
06-23(화) | -    |               - |     318,828,770
06-24(수) | -    |               - |     331,147,728
06-25(목) | -    |               - |     331,004,229
06-26(금) | -    |               - |     348,315,001
06-27(토) | -    |               - |     342,530,555
06-28(일) | -    |               - |     308,736,028
06-29(월) | -    |               - |     308,510,275
06-30(화) | -    |               - |     311,440,370
```

메시지 전송 성공: spaces/AAQAUbAUReQ/messages/3lfScmAa3J8.3lfScmAa3J8

-------------------
2026-06-06 23:17:19 [INFO] 금일 배치 작업이 모두 정상 종료되었습니다. 성공 마커 파일을 기록합니다.
2026-06-06 23:17:19 [INFO] Removed old marker file: .daily_success_20260605
2026-06-06 23:17:19 [INFO] ================ Daily Batch Run Completed ================

2026-06-06 23:16:30 [INFO] ================ Daily Batch Run Attempt (2026-06-06 23:16:30) ================
2026-06-06 23:16:30 [INFO] 필수 데이터 검사 범위: 2026-05-23 ~ 2026-06-05
2026-06-06 23:16:30 [INFO] 누락 데이터 존재 감지: ['2026-06-05']
2026-06-06 23:16:30 [INFO] 누락 날짜 데이터 강제 추출 시도: 2026-06-05
2026-06-06 23:16:30 [INFO] Starting execution of: extract_rich_orders_daily.py 2026-06-05 2026-06-05
2026-06-06 23:16:55 [INFO] 
--- extract_rich_orders_daily.py STDOUT ---
총 1일 치 데이터 추출을 시작합니다.
저장 기본 경로: /Users/galaxy/Google Drive/공유 드라이브/gbike.rich_orders
[2026-06-05] 데이터 추출 중...
[2026-06-05] 성공적으로 저장되었습니다. (건수: 215,138, 소요시간: 23.73초)

-------------------
2026-06-06 23:16:55 [INFO] Starting execution of: send_weekly_report.py 
2026-06-06 23:17:19 [INFO] 
--- send_weekly_report.py STDOUT ---
[2026-05-23 ~ 2026-06-05] 데이터를 로드합니다...
월말 최종 마감 예상 매출(예측 MTD) 계산 시작...
생성된 메시지:
📊 *gbike 실적 리포트*

▶️ *이번 달 누적 (MTD: 2026-06-01 ~ 2026-06-05)*
- 총 실매출(only 트립매출): 1,520,933,471원
- 이번 달 최종 마감 예측 매출: 9,663,813,239원 (모델 소요시간: 15.1초)
- 총 트립 수: 1,006,557건
- 이용 유저 수: 360,682명

▶️ *최근 7일 요약 (2026-05-30 ~ 2026-06-05)*
- 총 실매출(only 트립매출): 2,182,345,564원 (WoW +10.8%)
- 총 트립 수: 1,407,749건
- 이용 유저 수: 447,684명

▶️ *최근 14일 일별 상세*
```
일자       | 날씨 |     트립수 |   only 트립매출(원) |        예상매출(원) |     유저수
---------------------------------------------------------------------------
05-23(토) | 비    |  193,430 |     318,866,583 |     311,853,455 |  124,223
05-24(일) | -    |  183,002 |     311,642,551 |     295,718,609 |  118,117
05-25(월) | -    |  178,607 |     295,521,197 |     287,146,410 |  114,280
05-26(화) | 비    |  156,913 |     225,751,953 |     244,595,237 |  106,226
05-27(수) | 비    |  156,887 |     225,501,685 |     231,269,780 |  104,594
05-28(목) | 비    |  178,523 |     260,480,709 |     274,078,983 |  117,495
05-29(금) | -    |  216,255 |     331,983,879 |     333,907,999 |  140,801
05-30(토) | -    |  212,164 |     348,107,779 |     333,004,118 |  134,784
05-31(일) | -    |  189,028 |     313,304,313 |     319,032,524 |  121,173
06-01(월) | -    |  196,116 |     288,747,891 |     303,384,964 |  127,705
06-02(화) | -    |  203,392 |     301,957,680 |     305,862,335 |  132,490
06-03(수) | 비    |  206,648 |     333,344,852 |     324,721,852 |  128,870
06-04(목) | 비    |  185,263 |     270,422,430 |     260,261,381 |  123,092
06-05(금) | 비    |  215,138 |     326,460,617 |     318,042,291 |  140,083
```

▶️ *이번달 일별 상세 (예상)*
```
일자       | 날씨 |          실매출(원) |         예상매출(원)
---------------------------------------------------
06-01(월) | -    |     288,747,891 |     303,384,964
06-02(화) | -    |     301,957,680 |     305,862,335
06-03(수) | 비    |     333,344,852 |     324,721,852
06-04(목) | 비    |     270,422,430 |     260,261,381
06-05(금) | 비    |     326,460,617 |     318,042,291
06-06(토) | -    |               - |     364,341,810
06-07(일) | 비    |               - |     244,627,683
06-08(월) | 비    |               - |     319,652,435
06-09(화) | -    |               - |     321,134,360
06-10(수) | -    |               - |     325,403,626
06-11(목) | 비    |               - |     295,980,506
06-12(금) | -    |               - |     347,099,395
06-13(토) | 비    |               - |     344,631,523
06-14(일) | -    |               - |     328,826,928
06-15(월) | -    |               - |     313,636,404
06-16(화) | -    |               - |     317,642,007
06-17(수) | 비    |               - |     336,578,860
06-18(목) | 비    |               - |     332,769,846
06-19(금) | -    |               - |     361,507,216
06-20(토) | -    |               - |     354,321,615
06-21(일) | -    |               - |     317,546,005
06-22(월) | -    |               - |     316,666,580
06-23(화) | -    |               - |     318,828,770
06-24(수) | -    |               - |     331,147,728
06-25(목) | -    |               - |     331,004,229
06-26(금) | -    |               - |     348,315,001
06-27(토) | -    |               - |     342,530,555
06-28(일) | -    |               - |     308,736,028
06-29(월) | -    |               - |     308,510,275
06-30(화) | -    |               - |     311,440,370
```

메시지 전송 성공: spaces/AAQAUbAUReQ/messages/3lfScmAa3J8.3lfScmAa3J8

-------------------
2026-06-06 23:17:19 [INFO] 금일 배치 작업이 모두 정상 종료되었습니다. 성공 마커 파일을 기록합니다.
2026-06-06 23:17:19 [INFO] Removed old marker file: .daily_success_20260605
2026-06-06 23:17:19 [INFO] ================ Daily Batch Run Completed ================

2026-06-06 23:17:19 [INFO] run_daily_batch.py completed successfully.
2026-06-06 23:17:19 [INFO] ================ Daily Cron Batch End ================
2026-06-07 10:01:06 [INFO] ================ Daily Cron Batch Start ================
2026-06-07 10:01:06 [INFO] Virtual environment activated.
2026-06-07 10:01:06 [INFO] Running run_daily_batch.py...
2026-06-07 10:01:06 [INFO] ================ Daily Batch Run Attempt (2026-06-07 10:01:06) ================
2026-06-07 10:01:06 [INFO] 필수 데이터 검사 범위: 2026-05-24 ~ 2026-06-06
2026-06-07 10:01:06 [INFO] 누락 데이터 존재 감지: ['2026-06-06']
2026-06-07 10:01:06 [INFO] 누락 날짜 데이터 강제 추출 시도: 2026-06-06
2026-06-07 10:01:06 [INFO] Starting execution of: extract_rich_orders_daily.py 2026-06-06 2026-06-06
2026-06-07 10:18:24 [ERROR] Error running extract_rich_orders_daily.py (Exit code: 1)
2026-06-07 10:18:24 [ERROR] STDOUT:
총 1일 치 데이터 추출을 시작합니다.
저장 기본 경로: /Users/galaxy/Google Drive/공유 드라이브/gbike.rich_orders
[2026-06-06] 데이터 추출 중...
Error extracting data for 2026-06-06: (pymysql.err.OperationalError) (2003, "Can't connect to MySQL server on 'live.st.rds.gbility.io' ([Errno 60] Operation timed out)")
(Background on this error at: https://sqlalche.me/e/20/e3q8)
[2026-06-06] 추출 실패. 다음 날짜로 넘어갑니다.
경고: 하나 이상의 날짜 추출 또는 저장에 실패했습니다.

2026-06-07 10:18:24 [ERROR] 2026-06-06 데이터 추출 단계에서 오류가 발생하여 배치 실행을 중단합니다.
2026-06-07 10:18:24 [INFO] ================ Daily Batch Run Failed ================

2026-06-07 10:01:06 [INFO] ================ Daily Batch Run Attempt (2026-06-07 10:01:06) ================
2026-06-07 10:01:06 [INFO] 필수 데이터 검사 범위: 2026-05-24 ~ 2026-06-06
2026-06-07 10:01:06 [INFO] 누락 데이터 존재 감지: ['2026-06-06']
2026-06-07 10:01:06 [INFO] 누락 날짜 데이터 강제 추출 시도: 2026-06-06
2026-06-07 10:01:06 [INFO] Starting execution of: extract_rich_orders_daily.py 2026-06-06 2026-06-06
2026-06-07 10:18:24 [ERROR] Error running extract_rich_orders_daily.py (Exit code: 1)
2026-06-07 10:18:24 [ERROR] STDOUT:
총 1일 치 데이터 추출을 시작합니다.
저장 기본 경로: /Users/galaxy/Google Drive/공유 드라이브/gbike.rich_orders
[2026-06-06] 데이터 추출 중...
Error extracting data for 2026-06-06: (pymysql.err.OperationalError) (2003, "Can't connect to MySQL server on 'live.st.rds.gbility.io' ([Errno 60] Operation timed out)")
(Background on this error at: https://sqlalche.me/e/20/e3q8)
[2026-06-06] 추출 실패. 다음 날짜로 넘어갑니다.
경고: 하나 이상의 날짜 추출 또는 저장에 실패했습니다.

2026-06-07 10:18:24 [ERROR] 2026-06-06 데이터 추출 단계에서 오류가 발생하여 배치 실행을 중단합니다.
2026-06-07 10:18:24 [INFO] ================ Daily Batch Run Failed ================

2026-06-07 10:18:24 [ERROR] run_daily_batch.py failed with exit code 1
2026-06-08 10:00:04 [INFO] ================ Daily Cron Batch Start ================
2026-06-08 10:00:04 [INFO] Virtual environment activated.
2026-06-08 10:00:04 [INFO] Running run_daily_batch.py...
2026-06-08 10:00:04 [INFO] ================ Daily Batch Run Attempt (2026-06-08 10:00:04) ================
2026-06-08 10:00:04 [INFO] 필수 데이터 검사 범위: 2026-05-25 ~ 2026-06-07
2026-06-08 10:00:04 [INFO] 누락 데이터 존재 감지: ['2026-06-06', '2026-06-07']
2026-06-08 10:00:04 [INFO] 누락 날짜 데이터 강제 추출 시도: 2026-06-06
2026-06-08 10:00:04 [INFO] Starting execution of: extract_rich_orders_daily.py 2026-06-06 2026-06-06
2026-06-08 10:00:24 [INFO] 
--- extract_rich_orders_daily.py STDOUT ---
총 1일 치 데이터 추출을 시작합니다.
저장 기본 경로: /Users/galaxy/Google Drive/공유 드라이브/gbike.rich_orders
[2026-06-06] 데이터 추출 중...
[2026-06-06] 성공적으로 저장되었습니다. (건수: 205,125, 소요시간: 18.05초)

-------------------
2026-06-08 10:00:24 [INFO] 누락 날짜 데이터 강제 추출 시도: 2026-06-07
2026-06-08 10:00:24 [INFO] Starting execution of: extract_rich_orders_daily.py 2026-06-07 2026-06-07
2026-06-08 10:00:44 [INFO] 
--- extract_rich_orders_daily.py STDOUT ---
총 1일 치 데이터 추출을 시작합니다.
저장 기본 경로: /Users/galaxy/Google Drive/공유 드라이브/gbike.rich_orders
[2026-06-07] 데이터 추출 중...
[2026-06-07] 성공적으로 저장되었습니다. (건수: 182,500, 소요시간: 19.19초)

-------------------
2026-06-08 10:00:44 [INFO] Starting execution of: send_weekly_report.py 
2026-06-08 10:01:11 [INFO] 
--- send_weekly_report.py STDOUT ---
[2026-05-25 ~ 2026-06-07] 데이터를 로드합니다...
월말 최종 마감 예상 매출(예측 MTD) 계산 시작...
생성된 메시지:
📊 *gbike 실적 리포트*

▶️ *이번 달 누적 (MTD: 2026-06-01 ~ 2026-06-07)*
- 총 실매출(only 트립매출): 2,156,308,618원
- 이번 달 최종 마감 예측 매출: 9,555,816,182원 (모델 소요시간: 16.8초)
- 총 트립 수: 1,394,182건
- 이용 유저 수: 442,275명

▶️ *최근 7일 요약 (2026-06-01 ~ 2026-06-07)*
- 총 실매출(only 트립매출): 2,156,308,618원 (WoW +7.8%)
- 총 트립 수: 1,394,182건
- 이용 유저 수: 442,275명

▶️ *최근 14일 일별 상세*
```
일자       | 날씨 |     트립수 |   only 트립매출(원) |        예상매출(원) |     유저수
---------------------------------------------------------------------------
05-25(월) | -    |  178,607 |     295,521,197 |     283,984,304 |  114,280
05-26(화) | 비    |  156,913 |     225,751,953 |     243,749,710 |  106,226
05-27(수) | 비    |  156,887 |     225,501,685 |     228,373,174 |  104,594
05-28(목) | 비    |  178,523 |     260,480,709 |     274,430,075 |  117,495
05-29(금) | -    |  216,255 |     331,983,879 |     335,983,108 |  140,801
05-30(토) | -    |  212,164 |     348,107,779 |     335,232,984 |  134,784
05-31(일) | -    |  189,028 |     313,304,313 |     320,124,809 |  121,173
06-01(월) | -    |  196,116 |     288,747,891 |     306,326,350 |  127,705
06-02(화) | -    |  203,392 |     301,957,680 |     305,240,613 |  132,490
06-03(수) | 비    |  206,648 |     333,344,852 |     325,005,059 |  128,870
06-04(목) | 비    |  185,263 |     270,422,430 |     262,630,677 |  123,092
06-05(금) | 비    |  215,138 |     326,460,617 |     322,470,439 |  140,083
06-06(토) | -    |  205,125 |     335,705,664 |     336,449,468 |  130,171
06-07(일) | 비    |  182,500 |     299,669,481 |     294,994,620 |  116,602
```

▶️ *이번달 일별 상세 (예상)*
```
일자       | 날씨 |          실매출(원) |         예상매출(원)
---------------------------------------------------
06-01(월) | -    |     288,747,891 |     306,326,350
06-02(화) | -    |     301,957,680 |     305,240,613
06-03(수) | 비    |     333,344,852 |     325,005,059
06-04(목) | 비    |     270,422,430 |     262,630,677
06-05(금) | 비    |     326,460,617 |     322,470,439
06-06(토) | -    |     335,705,664 |     336,449,468
06-07(일) | 비    |     299,669,481 |     294,994,620
06-08(월) | -    |               - |     319,046,456
06-09(화) | -    |               - |     323,551,410
06-10(수) | -    |               - |     331,754,811
06-11(목) | 비    |               - |     296,552,281
06-12(금) | -    |               - |     352,512,782
06-13(토) | -    |               - |     354,411,596
06-14(일) | -    |               - |     330,899,052
06-15(월) | -    |               - |     320,116,449
06-16(화) | 비    |               - |     268,166,913
06-17(수) | 비    |               - |     262,426,959
06-18(목) | -    |               - |     332,538,567
06-19(금) | -    |               - |     351,832,351
06-20(토) | 비    |               - |     355,322,279
06-21(일) | -    |               - |     321,240,789
06-22(월) | 비    |               - |     323,523,762
06-23(화) | 비    |               - |     307,843,666
06-24(수) | -    |               - |     323,161,833
06-25(목) | -    |               - |     322,656,363
06-26(금) | -    |               - |     345,727,731
06-27(토) | -    |               - |     340,138,664
06-28(일) | -    |               - |     311,110,350
06-29(월) | -    |               - |     301,728,037
06-30(화) | -    |               - |     303,244,451
```

메시지 전송 성공: spaces/AAQAUbAUReQ/messages/cpzePfeByG0.cpzePfeByG0

-------------------
2026-06-08 10:01:11 [INFO] 금일 배치 작업이 모두 정상 종료되었습니다. 성공 마커 파일을 기록합니다.
2026-06-08 10:01:11 [INFO] Removed old marker file: .daily_success_20260606
2026-06-08 10:01:11 [INFO] ================ Daily Batch Run Completed ================

2026-06-08 10:00:04 [INFO] ================ Daily Batch Run Attempt (2026-06-08 10:00:04) ================
2026-06-08 10:00:04 [INFO] 필수 데이터 검사 범위: 2026-05-25 ~ 2026-06-07
2026-06-08 10:00:04 [INFO] 누락 데이터 존재 감지: ['2026-06-06', '2026-06-07']
2026-06-08 10:00:04 [INFO] 누락 날짜 데이터 강제 추출 시도: 2026-06-06
2026-06-08 10:00:04 [INFO] Starting execution of: extract_rich_orders_daily.py 2026-06-06 2026-06-06
2026-06-08 10:00:24 [INFO] 
--- extract_rich_orders_daily.py STDOUT ---
총 1일 치 데이터 추출을 시작합니다.
저장 기본 경로: /Users/galaxy/Google Drive/공유 드라이브/gbike.rich_orders
[2026-06-06] 데이터 추출 중...
[2026-06-06] 성공적으로 저장되었습니다. (건수: 205,125, 소요시간: 18.05초)

-------------------
2026-06-08 10:00:24 [INFO] 누락 날짜 데이터 강제 추출 시도: 2026-06-07
2026-06-08 10:00:24 [INFO] Starting execution of: extract_rich_orders_daily.py 2026-06-07 2026-06-07
2026-06-08 10:00:44 [INFO] 
--- extract_rich_orders_daily.py STDOUT ---
총 1일 치 데이터 추출을 시작합니다.
저장 기본 경로: /Users/galaxy/Google Drive/공유 드라이브/gbike.rich_orders
[2026-06-07] 데이터 추출 중...
[2026-06-07] 성공적으로 저장되었습니다. (건수: 182,500, 소요시간: 19.19초)

-------------------
2026-06-08 10:00:44 [INFO] Starting execution of: send_weekly_report.py 
2026-06-08 10:01:11 [INFO] 
--- send_weekly_report.py STDOUT ---
[2026-05-25 ~ 2026-06-07] 데이터를 로드합니다...
월말 최종 마감 예상 매출(예측 MTD) 계산 시작...
생성된 메시지:
📊 *gbike 실적 리포트*

▶️ *이번 달 누적 (MTD: 2026-06-01 ~ 2026-06-07)*
- 총 실매출(only 트립매출): 2,156,308,618원
- 이번 달 최종 마감 예측 매출: 9,555,816,182원 (모델 소요시간: 16.8초)
- 총 트립 수: 1,394,182건
- 이용 유저 수: 442,275명

▶️ *최근 7일 요약 (2026-06-01 ~ 2026-06-07)*
- 총 실매출(only 트립매출): 2,156,308,618원 (WoW +7.8%)
- 총 트립 수: 1,394,182건
- 이용 유저 수: 442,275명

▶️ *최근 14일 일별 상세*
```
일자       | 날씨 |     트립수 |   only 트립매출(원) |        예상매출(원) |     유저수
---------------------------------------------------------------------------
05-25(월) | -    |  178,607 |     295,521,197 |     283,984,304 |  114,280
05-26(화) | 비    |  156,913 |     225,751,953 |     243,749,710 |  106,226
05-27(수) | 비    |  156,887 |     225,501,685 |     228,373,174 |  104,594
05-28(목) | 비    |  178,523 |     260,480,709 |     274,430,075 |  117,495
05-29(금) | -    |  216,255 |     331,983,879 |     335,983,108 |  140,801
05-30(토) | -    |  212,164 |     348,107,779 |     335,232,984 |  134,784
05-31(일) | -    |  189,028 |     313,304,313 |     320,124,809 |  121,173
06-01(월) | -    |  196,116 |     288,747,891 |     306,326,350 |  127,705
06-02(화) | -    |  203,392 |     301,957,680 |     305,240,613 |  132,490
06-03(수) | 비    |  206,648 |     333,344,852 |     325,005,059 |  128,870
06-04(목) | 비    |  185,263 |     270,422,430 |     262,630,677 |  123,092
06-05(금) | 비    |  215,138 |     326,460,617 |     322,470,439 |  140,083
06-06(토) | -    |  205,125 |     335,705,664 |     336,449,468 |  130,171
06-07(일) | 비    |  182,500 |     299,669,481 |     294,994,620 |  116,602
```

▶️ *이번달 일별 상세 (예상)*
```
일자       | 날씨 |          실매출(원) |         예상매출(원)
---------------------------------------------------
06-01(월) | -    |     288,747,891 |     306,326,350
06-02(화) | -    |     301,957,680 |     305,240,613
06-03(수) | 비    |     333,344,852 |     325,005,059
06-04(목) | 비    |     270,422,430 |     262,630,677
06-05(금) | 비    |     326,460,617 |     322,470,439
06-06(토) | -    |     335,705,664 |     336,449,468
06-07(일) | 비    |     299,669,481 |     294,994,620
06-08(월) | -    |               - |     319,046,456
06-09(화) | -    |               - |     323,551,410
06-10(수) | -    |               - |     331,754,811
06-11(목) | 비    |               - |     296,552,281
06-12(금) | -    |               - |     352,512,782
06-13(토) | -    |               - |     354,411,596
06-14(일) | -    |               - |     330,899,052
06-15(월) | -    |               - |     320,116,449
06-16(화) | 비    |               - |     268,166,913
06-17(수) | 비    |               - |     262,426,959
06-18(목) | -    |               - |     332,538,567
06-19(금) | -    |               - |     351,832,351
06-20(토) | 비    |               - |     355,322,279
06-21(일) | -    |               - |     321,240,789
06-22(월) | 비    |               - |     323,523,762
06-23(화) | 비    |               - |     307,843,666
06-24(수) | -    |               - |     323,161,833
06-25(목) | -    |               - |     322,656,363
06-26(금) | -    |               - |     345,727,731
06-27(토) | -    |               - |     340,138,664
06-28(일) | -    |               - |     311,110,350
06-29(월) | -    |               - |     301,728,037
06-30(화) | -    |               - |     303,244,451
```

메시지 전송 성공: spaces/AAQAUbAUReQ/messages/cpzePfeByG0.cpzePfeByG0

-------------------
2026-06-08 10:01:11 [INFO] 금일 배치 작업이 모두 정상 종료되었습니다. 성공 마커 파일을 기록합니다.
2026-06-08 10:01:11 [INFO] Removed old marker file: .daily_success_20260606
2026-06-08 10:01:11 [INFO] ================ Daily Batch Run Completed ================

2026-06-08 10:01:11 [INFO] run_daily_batch.py completed successfully.
2026-06-08 10:01:11 [INFO] ================ Daily Cron Batch End ================
2026-06-09 10:00:01 [INFO] ================ Daily Cron Batch Start ================
2026-06-09 10:00:01 [INFO] Virtual environment activated.
2026-06-09 10:00:01 [INFO] Running run_daily_batch.py...
2026-06-09 10:00:01 [INFO] ================ Daily Batch Run Attempt (2026-06-09 10:00:01) ================
2026-06-09 10:00:01 [INFO] 필수 데이터 검사 범위: 2026-05-26 ~ 2026-06-08
2026-06-09 10:00:01 [INFO] 누락 데이터 존재 감지: ['2026-06-08']
2026-06-09 10:00:01 [INFO] 누락 날짜 데이터 강제 추출 시도: 2026-06-08
2026-06-09 10:00:01 [INFO] Starting execution of: extract_rich_orders_daily.py 2026-06-08 2026-06-08
2026-06-09 10:00:19 [INFO] 
--- extract_rich_orders_daily.py STDOUT ---
총 1일 치 데이터 추출을 시작합니다.
저장 기본 경로: /Users/galaxy/Google Drive/공유 드라이브/gbike.rich_orders
[2026-06-08] 데이터 추출 중...
[2026-06-08] 성공적으로 저장되었습니다. (건수: 191,234, 소요시간: 17.09초)

-------------------
2026-06-09 10:00:19 [INFO] Starting execution of: send_weekly_report.py 
2026-06-09 10:00:39 [INFO] 
--- send_weekly_report.py STDOUT ---
[2026-05-26 ~ 2026-06-08] 데이터를 로드합니다...
월말 최종 마감 예상 매출(예측 MTD) 계산 시작...
생성된 메시지:
📊 *gbike 실적 리포트*

▶️ *이번 달 누적 (MTD: 2026-06-01 ~ 2026-06-08)*
- 총 실매출(only 트립매출): 2,436,673,739원
- 이번 달 최종 마감 예측 매출: 9,413,100,463원 (모델 소요시간: 9.8초)
- 총 트립 수: 1,585,416건
- 이용 유저 수: 469,000명

▶️ *최근 7일 요약 (2026-06-02 ~ 2026-06-08)*
- 총 실매출(only 트립매출): 2,147,925,847원 (WoW +7.7%)
- 총 트립 수: 1,389,300건
- 이용 유저 수: 441,700명

▶️ *최근 14일 일별 상세*
```
일자       | 날씨 |     트립수 |   only 트립매출(원) |        예상매출(원) |     유저수
---------------------------------------------------------------------------
05-26(화) | 비    |  156,913 |     225,751,953 |     244,113,623 |  106,226
05-27(수) | 비    |  156,887 |     225,501,685 |     232,616,758 |  104,594
05-28(목) | 비    |  178,523 |     260,480,709 |     274,394,733 |  117,495
05-29(금) | -    |  216,255 |     331,983,879 |     335,555,196 |  140,801
05-30(토) | -    |  212,164 |     348,107,779 |     335,213,870 |  134,784
05-31(일) | -    |  189,028 |     313,304,313 |     322,471,520 |  121,173
06-01(월) | -    |  196,116 |     288,747,891 |     303,694,689 |  127,705
06-02(화) | -    |  203,392 |     301,957,680 |     306,710,893 |  132,490
06-03(수) | 비    |  206,648 |     333,344,852 |     327,241,960 |  128,870
06-04(목) | 비    |  185,263 |     270,422,430 |     260,661,648 |  123,092
06-05(금) | 비    |  215,138 |     326,460,617 |     318,723,330 |  140,083
06-06(토) | -    |  205,125 |     335,705,664 |     339,697,634 |  130,171
06-07(일) | 비    |  182,500 |     299,669,481 |     289,450,588 |  116,602
06-08(월) | 비    |  191,234 |     280,365,120 |     288,527,057 |  124,976
```

▶️ *이번달 일별 상세 (예상)*
```
일자       | 날씨 |          실매출(원) |         예상매출(원)
---------------------------------------------------
06-01(월) | -    |     288,747,891 |     303,694,689
06-02(화) | -    |     301,957,680 |     306,710,893
06-03(수) | 비    |     333,344,852 |     327,241,960
06-04(목) | 비    |     270,422,430 |     260,661,648
06-05(금) | 비    |     326,460,617 |     318,723,330
06-06(토) | -    |     335,705,664 |     339,697,634
06-07(일) | 비    |     299,669,481 |     289,450,588
06-08(월) | 비    |     280,365,120 |     288,527,057
06-09(화) | 비    |               - |     319,877,189
06-10(수) | 비    |               - |     312,966,902
06-11(목) | -    |               - |     331,835,839
06-12(금) | -    |               - |     356,734,108
06-13(토) | -    |               - |     353,319,434
06-14(일) | 비    |               - |     305,564,593
06-15(월) | -    |               - |     324,005,394
06-16(화) | -    |               - |     330,009,729
06-17(수) | -    |               - |     341,232,322
06-18(목) | 비    |               - |     295,009,423
06-19(금) | 비    |               - |     315,083,696
06-20(토) | 비    |               - |     305,846,106
06-21(일) | 비    |               - |     250,200,152
06-22(월) | 비    |               - |     252,097,616
06-23(화) | 비    |               - |     300,125,256
06-24(수) | -    |               - |     330,636,474
06-25(목) | -    |               - |     330,015,496
06-26(금) | -    |               - |     348,094,212
06-27(토) | -    |               - |     342,875,160
06-28(일) | -    |               - |     312,386,458
06-29(월) | -    |               - |     308,323,784
06-30(화) | -    |               - |     310,187,371
```

메시지 전송 성공: spaces/AAQA8O4oUkw/messages/4gDDGXPBgPA.4gDDGXPBgPA

-------------------
2026-06-09 10:00:39 [INFO] 금일 배치 작업이 모두 정상 종료되었습니다. 성공 마커 파일을 기록합니다.
2026-06-09 10:00:39 [INFO] Removed old marker file: .daily_success_20260608
2026-06-09 10:00:39 [INFO] ================ Daily Batch Run Completed ================

2026-06-09 10:00:01 [INFO] ================ Daily Batch Run Attempt (2026-06-09 10:00:01) ================
2026-06-09 10:00:01 [INFO] 필수 데이터 검사 범위: 2026-05-26 ~ 2026-06-08
2026-06-09 10:00:01 [INFO] 누락 데이터 존재 감지: ['2026-06-08']
2026-06-09 10:00:01 [INFO] 누락 날짜 데이터 강제 추출 시도: 2026-06-08
2026-06-09 10:00:01 [INFO] Starting execution of: extract_rich_orders_daily.py 2026-06-08 2026-06-08
2026-06-09 10:00:19 [INFO] 
--- extract_rich_orders_daily.py STDOUT ---
총 1일 치 데이터 추출을 시작합니다.
저장 기본 경로: /Users/galaxy/Google Drive/공유 드라이브/gbike.rich_orders
[2026-06-08] 데이터 추출 중...
[2026-06-08] 성공적으로 저장되었습니다. (건수: 191,234, 소요시간: 17.09초)

-------------------
2026-06-09 10:00:19 [INFO] Starting execution of: send_weekly_report.py 
2026-06-09 10:00:39 [INFO] 
--- send_weekly_report.py STDOUT ---
[2026-05-26 ~ 2026-06-08] 데이터를 로드합니다...
월말 최종 마감 예상 매출(예측 MTD) 계산 시작...
생성된 메시지:
📊 *gbike 실적 리포트*

▶️ *이번 달 누적 (MTD: 2026-06-01 ~ 2026-06-08)*
- 총 실매출(only 트립매출): 2,436,673,739원
- 이번 달 최종 마감 예측 매출: 9,413,100,463원 (모델 소요시간: 9.8초)
- 총 트립 수: 1,585,416건
- 이용 유저 수: 469,000명

▶️ *최근 7일 요약 (2026-06-02 ~ 2026-06-08)*
- 총 실매출(only 트립매출): 2,147,925,847원 (WoW +7.7%)
- 총 트립 수: 1,389,300건
- 이용 유저 수: 441,700명

▶️ *최근 14일 일별 상세*
```
일자       | 날씨 |     트립수 |   only 트립매출(원) |        예상매출(원) |     유저수
---------------------------------------------------------------------------
05-26(화) | 비    |  156,913 |     225,751,953 |     244,113,623 |  106,226
05-27(수) | 비    |  156,887 |     225,501,685 |     232,616,758 |  104,594
05-28(목) | 비    |  178,523 |     260,480,709 |     274,394,733 |  117,495
05-29(금) | -    |  216,255 |     331,983,879 |     335,555,196 |  140,801
05-30(토) | -    |  212,164 |     348,107,779 |     335,213,870 |  134,784
05-31(일) | -    |  189,028 |     313,304,313 |     322,471,520 |  121,173
06-01(월) | -    |  196,116 |     288,747,891 |     303,694,689 |  127,705
06-02(화) | -    |  203,392 |     301,957,680 |     306,710,893 |  132,490
06-03(수) | 비    |  206,648 |     333,344,852 |     327,241,960 |  128,870
06-04(목) | 비    |  185,263 |     270,422,430 |     260,661,648 |  123,092
06-05(금) | 비    |  215,138 |     326,460,617 |     318,723,330 |  140,083
06-06(토) | -    |  205,125 |     335,705,664 |     339,697,634 |  130,171
06-07(일) | 비    |  182,500 |     299,669,481 |     289,450,588 |  116,602
06-08(월) | 비    |  191,234 |     280,365,120 |     288,527,057 |  124,976
```

▶️ *이번달 일별 상세 (예상)*
```
일자       | 날씨 |          실매출(원) |         예상매출(원)
---------------------------------------------------
06-01(월) | -    |     288,747,891 |     303,694,689
06-02(화) | -    |     301,957,680 |     306,710,893
06-03(수) | 비    |     333,344,852 |     327,241,960
06-04(목) | 비    |     270,422,430 |     260,661,648
06-05(금) | 비    |     326,460,617 |     318,723,330
06-06(토) | -    |     335,705,664 |     339,697,634
06-07(일) | 비    |     299,669,481 |     289,450,588
06-08(월) | 비    |     280,365,120 |     288,527,057
06-09(화) | 비    |               - |     319,877,189
06-10(수) | 비    |               - |     312,966,902
06-11(목) | -    |               - |     331,835,839
06-12(금) | -    |               - |     356,734,108
06-13(토) | -    |               - |     353,319,434
06-14(일) | 비    |               - |     305,564,593
06-15(월) | -    |               - |     324,005,394
06-16(화) | -    |               - |     330,009,729
06-17(수) | -    |               - |     341,232,322
06-18(목) | 비    |               - |     295,009,423
06-19(금) | 비    |               - |     315,083,696
06-20(토) | 비    |               - |     305,846,106
06-21(일) | 비    |               - |     250,200,152
06-22(월) | 비    |               - |     252,097,616
06-23(화) | 비    |               - |     300,125,256
06-24(수) | -    |               - |     330,636,474
06-25(목) | -    |               - |     330,015,496
06-26(금) | -    |               - |     348,094,212
06-27(토) | -    |               - |     342,875,160
06-28(일) | -    |               - |     312,386,458
06-29(월) | -    |               - |     308,323,784
06-30(화) | -    |               - |     310,187,371
```

메시지 전송 성공: spaces/AAQA8O4oUkw/messages/4gDDGXPBgPA.4gDDGXPBgPA

-------------------
2026-06-09 10:00:39 [INFO] 금일 배치 작업이 모두 정상 종료되었습니다. 성공 마커 파일을 기록합니다.
2026-06-09 10:00:39 [INFO] Removed old marker file: .daily_success_20260608
2026-06-09 10:00:39 [INFO] ================ Daily Batch Run Completed ================

2026-06-09 10:00:39 [INFO] run_daily_batch.py completed successfully.
2026-06-09 10:00:39 [INFO] ================ Daily Cron Batch End ================
2026-06-10 10:00:04 [INFO] ================ Daily Cron Batch Start ================
2026-06-10 10:00:04 [INFO] Virtual environment activated.
2026-06-10 10:00:04 [INFO] Running run_daily_batch.py...
2026-06-10 10:00:04 [INFO] ================ Daily Batch Run Attempt (2026-06-10 10:00:04) ================
2026-06-10 10:00:04 [INFO] 필수 데이터 검사 범위: 2026-05-27 ~ 2026-06-09
2026-06-10 10:00:04 [INFO] 누락 데이터 존재 감지: ['2026-06-09']
2026-06-10 10:00:04 [INFO] 누락 날짜 데이터 강제 추출 시도: 2026-06-09
2026-06-10 10:00:04 [INFO] Starting execution of: extract_rich_orders_daily.py 2026-06-09 2026-06-09
2026-06-10 10:00:23 [INFO] 
--- extract_rich_orders_daily.py STDOUT ---
총 1일 치 데이터 추출을 시작합니다.
저장 기본 경로: /Users/galaxy/Google Drive/공유 드라이브/gbike.rich_orders
[2026-06-09] 데이터 추출 중...
[2026-06-09] 성공적으로 저장되었습니다. (건수: 199,916, 소요시간: 17.36초)

-------------------
2026-06-10 10:00:23 [INFO] Starting execution of: send_weekly_report.py 
2026-06-10 10:00:47 [INFO] 
--- send_weekly_report.py STDOUT ---
[2026-05-27 ~ 2026-06-09] 데이터를 로드합니다...
월말 최종 마감 예상 매출(예측 MTD) 계산 시작...
생성된 메시지:
📊 *gbike 실적 리포트*

▶️ *이번 달 누적 (MTD: 2026-06-01 ~ 2026-06-09)*
- 총 실매출(only 트립매출): 2,725,449,950원
- 이번 달 최종 마감 예측 매출: 9,444,570,580원 (모델 소요시간: 13.6초)
- 총 트립 수: 1,785,332건
- 이용 유저 수: 494,469명

▶️ *최근 7일 요약 (2026-06-03 ~ 2026-06-09)*
- 총 실매출(only 트립매출): 2,134,744,379원 (WoW +3.1%)
- 총 트립 수: 1,385,824건
- 이용 유저 수: 439,317명

▶️ *최근 14일 일별 상세*
```
일자       | 날씨 |     트립수 |   only 트립매출(원) |        예상매출(원) |     유저수
---------------------------------------------------------------------------
05-27(수) | 비    |  156,887 |     225,501,685 |     233,370,156 |  104,594
05-28(목) | 비    |  178,523 |     260,480,709 |     278,727,915 |  117,495
05-29(금) | -    |  216,255 |     331,983,879 |     336,181,549 |  140,801
05-30(토) | -    |  212,164 |     348,107,779 |     335,391,149 |  134,784
05-31(일) | -    |  189,028 |     313,304,313 |     319,487,980 |  121,173
06-01(월) | -    |  196,116 |     288,747,891 |     303,977,381 |  127,705
06-02(화) | -    |  203,392 |     301,957,680 |     303,923,034 |  132,490
06-03(수) | 비    |  206,648 |     333,344,852 |     324,932,485 |  128,870
06-04(목) | 비    |  185,263 |     270,422,430 |     264,271,419 |  123,092
06-05(금) | 비    |  215,138 |     326,460,617 |     320,387,772 |  140,083
06-06(토) | -    |  205,125 |     335,705,664 |     338,740,398 |  130,171
06-07(일) | 비    |  182,500 |     299,669,481 |     290,968,486 |  116,602
06-08(월) | 비    |  191,234 |     280,365,120 |     284,740,619 |  124,976
06-09(화) | -    |  199,916 |     288,776,211 |     311,061,800 |  129,459
```

▶️ *이번달 일별 상세 (예상)*
```
일자       | 날씨 |          실매출(원) |         예상매출(원)
---------------------------------------------------
06-01(월) | -    |     288,747,891 |     303,977,381
06-02(화) | -    |     301,957,680 |     303,923,034
06-03(수) | 비    |     333,344,852 |     324,932,485
06-04(목) | 비    |     270,422,430 |     264,271,419
06-05(금) | 비    |     326,460,617 |     320,387,772
06-06(토) | -    |     335,705,664 |     338,740,398
06-07(일) | 비    |     299,669,481 |     290,968,486
06-08(월) | 비    |     280,365,120 |     284,740,619
06-09(화) | -    |     288,776,211 |     311,061,800
06-10(수) | -    |               - |     332,513,694
06-11(목) | -    |               - |     333,355,138
06-12(금) | -    |               - |     352,354,247
06-13(토) | -    |               - |     354,495,930
06-14(일) | 비    |               - |     292,752,269
06-15(월) | 비    |               - |     318,121,319
06-16(화) | 비    |               - |     302,889,016
06-17(수) | 비    |               - |     294,276,140
06-18(목) | 비    |               - |     292,655,235
06-19(금) | 비    |               - |     339,730,583
06-20(토) | -    |               - |     342,679,926
06-21(일) | -    |               - |     322,342,635
06-22(월) | 비    |               - |     306,470,069
06-23(화) | 비    |               - |     284,570,326
06-24(수) | 비    |               - |     277,476,027
06-25(목) | -    |               - |     332,151,649
06-26(금) | -    |               - |     351,637,827
06-27(토) | -    |               - |     346,035,990
06-28(일) | -    |               - |     317,949,300
06-29(월) | -    |               - |     311,252,383
06-30(화) | -    |               - |     313,410,920
```

메시지 전송 성공: spaces/AAQA8O4oUkw/messages/VlX6fQ5m7NU.VlX6fQ5m7NU

-------------------
2026-06-10 10:00:47 [INFO] 금일 배치 작업이 모두 정상 종료되었습니다. 성공 마커 파일을 기록합니다.
2026-06-10 10:00:47 [INFO] Removed old marker file: .daily_success_20260609
2026-06-10 10:00:47 [INFO] ================ Daily Batch Run Completed ================

2026-06-10 10:00:04 [INFO] ================ Daily Batch Run Attempt (2026-06-10 10:00:04) ================
2026-06-10 10:00:04 [INFO] 필수 데이터 검사 범위: 2026-05-27 ~ 2026-06-09
2026-06-10 10:00:04 [INFO] 누락 데이터 존재 감지: ['2026-06-09']
2026-06-10 10:00:04 [INFO] 누락 날짜 데이터 강제 추출 시도: 2026-06-09
2026-06-10 10:00:04 [INFO] Starting execution of: extract_rich_orders_daily.py 2026-06-09 2026-06-09
2026-06-10 10:00:23 [INFO] 
--- extract_rich_orders_daily.py STDOUT ---
총 1일 치 데이터 추출을 시작합니다.
저장 기본 경로: /Users/galaxy/Google Drive/공유 드라이브/gbike.rich_orders
[2026-06-09] 데이터 추출 중...
[2026-06-09] 성공적으로 저장되었습니다. (건수: 199,916, 소요시간: 17.36초)

-------------------
2026-06-10 10:00:23 [INFO] Starting execution of: send_weekly_report.py 
2026-06-10 10:00:47 [INFO] 
--- send_weekly_report.py STDOUT ---
[2026-05-27 ~ 2026-06-09] 데이터를 로드합니다...
월말 최종 마감 예상 매출(예측 MTD) 계산 시작...
생성된 메시지:
📊 *gbike 실적 리포트*

▶️ *이번 달 누적 (MTD: 2026-06-01 ~ 2026-06-09)*
- 총 실매출(only 트립매출): 2,725,449,950원
- 이번 달 최종 마감 예측 매출: 9,444,570,580원 (모델 소요시간: 13.6초)
- 총 트립 수: 1,785,332건
- 이용 유저 수: 494,469명

▶️ *최근 7일 요약 (2026-06-03 ~ 2026-06-09)*
- 총 실매출(only 트립매출): 2,134,744,379원 (WoW +3.1%)
- 총 트립 수: 1,385,824건
- 이용 유저 수: 439,317명

▶️ *최근 14일 일별 상세*
```
일자       | 날씨 |     트립수 |   only 트립매출(원) |        예상매출(원) |     유저수
---------------------------------------------------------------------------
05-27(수) | 비    |  156,887 |     225,501,685 |     233,370,156 |  104,594
05-28(목) | 비    |  178,523 |     260,480,709 |     278,727,915 |  117,495
05-29(금) | -    |  216,255 |     331,983,879 |     336,181,549 |  140,801
05-30(토) | -    |  212,164 |     348,107,779 |     335,391,149 |  134,784
05-31(일) | -    |  189,028 |     313,304,313 |     319,487,980 |  121,173
06-01(월) | -    |  196,116 |     288,747,891 |     303,977,381 |  127,705
06-02(화) | -    |  203,392 |     301,957,680 |     303,923,034 |  132,490
06-03(수) | 비    |  206,648 |     333,344,852 |     324,932,485 |  128,870
06-04(목) | 비    |  185,263 |     270,422,430 |     264,271,419 |  123,092
06-05(금) | 비    |  215,138 |     326,460,617 |     320,387,772 |  140,083
06-06(토) | -    |  205,125 |     335,705,664 |     338,740,398 |  130,171
06-07(일) | 비    |  182,500 |     299,669,481 |     290,968,486 |  116,602
06-08(월) | 비    |  191,234 |     280,365,120 |     284,740,619 |  124,976
06-09(화) | -    |  199,916 |     288,776,211 |     311,061,800 |  129,459
```

▶️ *이번달 일별 상세 (예상)*
```
일자       | 날씨 |          실매출(원) |         예상매출(원)
---------------------------------------------------
06-01(월) | -    |     288,747,891 |     303,977,381
06-02(화) | -    |     301,957,680 |     303,923,034
06-03(수) | 비    |     333,344,852 |     324,932,485
06-04(목) | 비    |     270,422,430 |     264,271,419
06-05(금) | 비    |     326,460,617 |     320,387,772
06-06(토) | -    |     335,705,664 |     338,740,398
06-07(일) | 비    |     299,669,481 |     290,968,486
06-08(월) | 비    |     280,365,120 |     284,740,619
06-09(화) | -    |     288,776,211 |     311,061,800
06-10(수) | -    |               - |     332,513,694
06-11(목) | -    |               - |     333,355,138
06-12(금) | -    |               - |     352,354,247
06-13(토) | -    |               - |     354,495,930
06-14(일) | 비    |               - |     292,752,269
06-15(월) | 비    |               - |     318,121,319
06-16(화) | 비    |               - |     302,889,016
06-17(수) | 비    |               - |     294,276,140
06-18(목) | 비    |               - |     292,655,235
06-19(금) | 비    |               - |     339,730,583
06-20(토) | -    |               - |     342,679,926
06-21(일) | -    |               - |     322,342,635
06-22(월) | 비    |               - |     306,470,069
06-23(화) | 비    |               - |     284,570,326
06-24(수) | 비    |               - |     277,476,027
06-25(목) | -    |               - |     332,151,649
06-26(금) | -    |               - |     351,637,827
06-27(토) | -    |               - |     346,035,990
06-28(일) | -    |               - |     317,949,300
06-29(월) | -    |               - |     311,252,383
06-30(화) | -    |               - |     313,410,920
```

메시지 전송 성공: spaces/AAQA8O4oUkw/messages/VlX6fQ5m7NU.VlX6fQ5m7NU

-------------------
2026-06-10 10:00:47 [INFO] 금일 배치 작업이 모두 정상 종료되었습니다. 성공 마커 파일을 기록합니다.
2026-06-10 10:00:47 [INFO] Removed old marker file: .daily_success_20260609
2026-06-10 10:00:47 [INFO] ================ Daily Batch Run Completed ================

2026-06-10 10:00:47 [INFO] run_daily_batch.py completed successfully.
2026-06-10 10:00:47 [INFO] ================ Daily Cron Batch End ================
2026-06-11 10:00:04 [INFO] ================ Daily Cron Batch Start ================
2026-06-11 10:00:05 [INFO] Virtual environment activated.
2026-06-11 10:00:05 [INFO] Running run_daily_batch.py...
2026-06-11 10:00:05 [INFO] ================ Daily Batch Run Attempt (2026-06-11 10:00:05) ================
2026-06-11 10:00:05 [INFO] 필수 데이터 검사 범위: 2026-05-28 ~ 2026-06-10
2026-06-11 10:00:05 [INFO] 누락 데이터 존재 감지: ['2026-06-10']
2026-06-11 10:00:05 [INFO] 누락 날짜 데이터 강제 추출 시도: 2026-06-10
2026-06-11 10:00:05 [INFO] Starting execution of: extract_rich_orders_daily.py 2026-06-10 2026-06-10
2026-06-11 10:00:24 [INFO] 
--- extract_rich_orders_daily.py STDOUT ---
총 1일 치 데이터 추출을 시작합니다.
저장 기본 경로: /Users/galaxy/Google Drive/공유 드라이브/gbike.rich_orders
[2026-06-10] 데이터 추출 중...
[2026-06-10] 성공적으로 저장되었습니다. (건수: 209,597, 소요시간: 17.85초)

-------------------
2026-06-11 10:00:24 [INFO] Starting execution of: send_weekly_report.py 
2026-06-11 10:00:52 [INFO] 
--- send_weekly_report.py STDOUT ---
[2026-05-28 ~ 2026-06-10] 데이터를 로드합니다...
월말 최종 마감 예상 매출(예측 MTD) 계산 시작...
생성된 메시지:
📊 *gbike 실적 리포트*

▶️ *이번 달 누적 (MTD: 2026-06-01 ~ 2026-06-10)*
- 총 실매출(only 트립매출): 3,029,946,926원
- 이번 달 최종 마감 예측 매출: 9,308,047,952원 (모델 소요시간: 18.3초)
- 총 트립 수: 1,994,929건
- 이용 유저 수: 519,881명

▶️ *최근 7일 요약 (2026-06-04 ~ 2026-06-10)*
- 총 실매출(only 트립매출): 2,105,896,501원 (WoW -3.3%)
- 총 트립 수: 1,388,773건
- 이용 유저 수: 432,835명

▶️ *최근 14일 일별 상세*
```
일자       | 날씨 |     트립수 |   only 트립매출(원) |        예상매출(원) |     유저수
---------------------------------------------------------------------------
05-28(목) | 비    |  178,523 |     260,480,709 |     275,791,206 |  117,495
05-29(금) | -    |  216,255 |     331,983,879 |     336,481,399 |  140,801
05-30(토) | -    |  212,164 |     348,107,779 |     334,924,031 |  134,784
05-31(일) | -    |  189,028 |     313,304,313 |     319,993,085 |  121,173
06-01(월) | -    |  196,116 |     288,747,891 |     303,300,991 |  127,705
06-02(화) | -    |  203,392 |     301,957,680 |     305,076,022 |  132,490
06-03(수) | 비    |  206,648 |     333,344,852 |     322,387,971 |  128,870
06-04(목) | 비    |  185,263 |     270,422,430 |     261,316,942 |  123,092
06-05(금) | 비    |  215,138 |     326,460,617 |     318,071,750 |  140,083
06-06(토) | -    |  205,125 |     335,705,664 |     339,994,873 |  130,171
06-07(일) | 비    |  182,500 |     299,669,481 |     289,032,961 |  116,602
06-08(월) | 비    |  191,234 |     280,365,120 |     287,073,386 |  124,976
06-09(화) | -    |  199,916 |     288,776,211 |     310,850,024 |  129,459
06-10(수) | 비    |  209,597 |     304,496,975 |     299,664,184 |  134,991
```

▶️ *이번달 일별 상세 (예상)*
```
일자       | 날씨 |          실매출(원) |         예상매출(원)
---------------------------------------------------
06-01(월) | -    |     288,747,891 |     303,300,991
06-02(화) | -    |     301,957,680 |     305,076,022
06-03(수) | 비    |     333,344,852 |     322,387,971
06-04(목) | 비    |     270,422,430 |     261,316,942
06-05(금) | 비    |     326,460,617 |     318,071,750
06-06(토) | -    |     335,705,664 |     339,994,873
06-07(일) | 비    |     299,669,481 |     289,032,961
06-08(월) | 비    |     280,365,120 |     287,073,386
06-09(화) | -    |     288,776,211 |     310,850,024
06-10(수) | 비    |     304,496,975 |     299,664,184
06-11(목) | -    |               - |     334,444,189
06-12(금) | -    |               - |     352,113,348
06-13(토) | -    |               - |     347,836,192
06-14(일) | -    |               - |     319,712,462
06-15(월) | 비    |               - |     310,289,296
06-16(화) | -    |               - |     320,147,832
06-17(수) | -    |               - |     340,083,827
06-18(목) | 비    |               - |     307,854,360
06-19(금) | 비    |               - |     358,898,762
06-20(토) | -    |               - |     353,027,067
06-21(일) | 비    |               - |     311,954,106
06-22(월) | 비    |               - |     315,062,345
06-23(화) | 비    |               - |     302,936,084
06-24(수) | 비    |               - |     340,276,773
06-25(목) | 비    |               - |     327,833,655
06-26(금) | -    |               - |     288,142,099
06-27(토) | -    |               - |     276,991,571
06-28(일) | -    |               - |     257,153,096
06-29(월) | -    |               - |     255,719,390
06-30(화) | -    |               - |     257,624,563
```

메시지 전송 성공: spaces/AAQA8O4oUkw/messages/Uv_uK1DEoHc.Uv_uK1DEoHc

-------------------
2026-06-11 10:00:52 [INFO] 금일 배치 작업이 모두 정상 종료되었습니다. 성공 마커 파일을 기록합니다.
2026-06-11 10:00:52 [INFO] Removed old marker file: .daily_success_20260610
2026-06-11 10:00:52 [INFO] ================ Daily Batch Run Completed ================

2026-06-11 10:00:05 [INFO] ================ Daily Batch Run Attempt (2026-06-11 10:00:05) ================
2026-06-11 10:00:05 [INFO] 필수 데이터 검사 범위: 2026-05-28 ~ 2026-06-10
2026-06-11 10:00:05 [INFO] 누락 데이터 존재 감지: ['2026-06-10']
2026-06-11 10:00:05 [INFO] 누락 날짜 데이터 강제 추출 시도: 2026-06-10
2026-06-11 10:00:05 [INFO] Starting execution of: extract_rich_orders_daily.py 2026-06-10 2026-06-10
2026-06-11 10:00:24 [INFO] 
--- extract_rich_orders_daily.py STDOUT ---
총 1일 치 데이터 추출을 시작합니다.
저장 기본 경로: /Users/galaxy/Google Drive/공유 드라이브/gbike.rich_orders
[2026-06-10] 데이터 추출 중...
[2026-06-10] 성공적으로 저장되었습니다. (건수: 209,597, 소요시간: 17.85초)

-------------------
2026-06-11 10:00:24 [INFO] Starting execution of: send_weekly_report.py 
2026-06-11 10:00:52 [INFO] 
--- send_weekly_report.py STDOUT ---
[2026-05-28 ~ 2026-06-10] 데이터를 로드합니다...
월말 최종 마감 예상 매출(예측 MTD) 계산 시작...
생성된 메시지:
📊 *gbike 실적 리포트*

▶️ *이번 달 누적 (MTD: 2026-06-01 ~ 2026-06-10)*
- 총 실매출(only 트립매출): 3,029,946,926원
- 이번 달 최종 마감 예측 매출: 9,308,047,952원 (모델 소요시간: 18.3초)
- 총 트립 수: 1,994,929건
- 이용 유저 수: 519,881명

▶️ *최근 7일 요약 (2026-06-04 ~ 2026-06-10)*
- 총 실매출(only 트립매출): 2,105,896,501원 (WoW -3.3%)
- 총 트립 수: 1,388,773건
- 이용 유저 수: 432,835명

▶️ *최근 14일 일별 상세*
```
일자       | 날씨 |     트립수 |   only 트립매출(원) |        예상매출(원) |     유저수
---------------------------------------------------------------------------
05-28(목) | 비    |  178,523 |     260,480,709 |     275,791,206 |  117,495
05-29(금) | -    |  216,255 |     331,983,879 |     336,481,399 |  140,801
05-30(토) | -    |  212,164 |     348,107,779 |     334,924,031 |  134,784
05-31(일) | -    |  189,028 |     313,304,313 |     319,993,085 |  121,173
06-01(월) | -    |  196,116 |     288,747,891 |     303,300,991 |  127,705
06-02(화) | -    |  203,392 |     301,957,680 |     305,076,022 |  132,490
06-03(수) | 비    |  206,648 |     333,344,852 |     322,387,971 |  128,870
06-04(목) | 비    |  185,263 |     270,422,430 |     261,316,942 |  123,092
06-05(금) | 비    |  215,138 |     326,460,617 |     318,071,750 |  140,083
06-06(토) | -    |  205,125 |     335,705,664 |     339,994,873 |  130,171
06-07(일) | 비    |  182,500 |     299,669,481 |     289,032,961 |  116,602
06-08(월) | 비    |  191,234 |     280,365,120 |     287,073,386 |  124,976
06-09(화) | -    |  199,916 |     288,776,211 |     310,850,024 |  129,459
06-10(수) | 비    |  209,597 |     304,496,975 |     299,664,184 |  134,991
```

▶️ *이번달 일별 상세 (예상)*
```
일자       | 날씨 |          실매출(원) |         예상매출(원)
---------------------------------------------------
06-01(월) | -    |     288,747,891 |     303,300,991
06-02(화) | -    |     301,957,680 |     305,076,022
06-03(수) | 비    |     333,344,852 |     322,387,971
06-04(목) | 비    |     270,422,430 |     261,316,942
06-05(금) | 비    |     326,460,617 |     318,071,750
06-06(토) | -    |     335,705,664 |     339,994,873
06-07(일) | 비    |     299,669,481 |     289,032,961
06-08(월) | 비    |     280,365,120 |     287,073,386
06-09(화) | -    |     288,776,211 |     310,850,024
06-10(수) | 비    |     304,496,975 |     299,664,184
06-11(목) | -    |               - |     334,444,189
06-12(금) | -    |               - |     352,113,348
06-13(토) | -    |               - |     347,836,192
06-14(일) | -    |               - |     319,712,462
06-15(월) | 비    |               - |     310,289,296
06-16(화) | -    |               - |     320,147,832
06-17(수) | -    |               - |     340,083,827
06-18(목) | 비    |               - |     307,854,360
06-19(금) | 비    |               - |     358,898,762
06-20(토) | -    |               - |     353,027,067
06-21(일) | 비    |               - |     311,954,106
06-22(월) | 비    |               - |     315,062,345
06-23(화) | 비    |               - |     302,936,084
06-24(수) | 비    |               - |     340,276,773
06-25(목) | 비    |               - |     327,833,655
06-26(금) | -    |               - |     288,142,099
06-27(토) | -    |               - |     276,991,571
06-28(일) | -    |               - |     257,153,096
06-29(월) | -    |               - |     255,719,390
06-30(화) | -    |               - |     257,624,563
```

메시지 전송 성공: spaces/AAQA8O4oUkw/messages/Uv_uK1DEoHc.Uv_uK1DEoHc

-------------------
2026-06-11 10:00:52 [INFO] 금일 배치 작업이 모두 정상 종료되었습니다. 성공 마커 파일을 기록합니다.
2026-06-11 10:00:52 [INFO] Removed old marker file: .daily_success_20260610
2026-06-11 10:00:52 [INFO] ================ Daily Batch Run Completed ================

2026-06-11 10:00:52 [INFO] run_daily_batch.py completed successfully.
2026-06-11 10:00:52 [INFO] ================ Daily Cron Batch End ================
2026-06-12 10:00:02 [INFO] ================ Daily Cron Batch Start ================
2026-06-12 10:00:02 [INFO] Virtual environment activated.
2026-06-12 10:00:02 [INFO] Running run_daily_batch.py...
2026-06-12 10:00:03 [INFO] ================ Daily Batch Run Attempt (2026-06-12 10:00:03) ================
2026-06-12 10:00:03 [INFO] 필수 데이터 검사 범위: 2026-05-29 ~ 2026-06-11
2026-06-12 10:00:03 [INFO] 누락 데이터 존재 감지: ['2026-06-11']
2026-06-12 10:00:03 [INFO] 누락 날짜 데이터 강제 추출 시도: 2026-06-11
2026-06-12 10:00:03 [INFO] Starting execution of: extract_rich_orders_daily.py 2026-06-11 2026-06-11
2026-06-12 10:00:25 [INFO] 
--- extract_rich_orders_daily.py STDOUT ---
총 1일 치 데이터 추출을 시작합니다.
저장 기본 경로: /Users/galaxy/Google Drive/공유 드라이브/gbike.rich_orders
[2026-06-11] 데이터 추출 중...
[2026-06-11] 성공적으로 저장되었습니다. (건수: 209,176, 소요시간: 20.52초)

-------------------
2026-06-12 10:00:25 [INFO] Starting execution of: send_weekly_report.py 
2026-06-12 10:00:51 [INFO] 
--- send_weekly_report.py STDOUT ---
[2026-05-29 ~ 2026-06-11] 데이터를 로드합니다...
월말 최종 마감 예상 매출(예측 MTD) 계산 시작...
생성된 메시지:
📊 *gbike 실적 리포트*

▶️ *이번 달 누적 (MTD: 2026-06-01 ~ 2026-06-11)*
- 총 실매출(only 트립매출): 3,334,349,786원
- 이번 달 최종 마감 예측 매출: 9,388,220,170원 (모델 소요시간: 15.1초)
- 총 트립 수: 2,204,105건
- 이용 유저 수: 544,047명

▶️ *최근 7일 요약 (2026-06-05 ~ 2026-06-11)*
- 총 실매출(only 트립매출): 2,139,876,931원 (WoW -2.2%)
- 총 트립 수: 1,412,686건
- 이용 유저 수: 436,481명

▶️ *최근 14일 일별 상세*
```
일자       | 날씨 |     트립수 |   only 트립매출(원) |        예상매출(원) |     유저수
---------------------------------------------------------------------------
05-29(금) | -    |  216,255 |     331,983,879 |     334,867,570 |  140,801
05-30(토) | -    |  212,164 |     348,107,779 |     334,459,284 |  134,784
05-31(일) | -    |  189,028 |     313,304,313 |     320,768,206 |  121,173
06-01(월) | -    |  196,116 |     288,747,891 |     305,509,980 |  127,705
06-02(화) | -    |  203,392 |     301,957,680 |     304,079,015 |  132,490
06-03(수) | 비    |  206,648 |     333,344,852 |     321,222,212 |  128,870
06-04(목) | 비    |  185,263 |     270,422,430 |     265,736,727 |  123,092
06-05(금) | 비    |  215,138 |     326,460,617 |     320,253,311 |  140,083
06-06(토) | -    |  205,125 |     335,705,664 |     338,221,968 |  130,171
06-07(일) | 비    |  182,500 |     299,669,481 |     289,146,206 |  116,602
06-08(월) | 비    |  191,234 |     280,365,120 |     286,330,374 |  124,976
06-09(화) | -    |  199,916 |     288,776,211 |     312,872,672 |  129,459
06-10(수) | 비    |  209,597 |     304,496,975 |     298,460,420 |  134,991
06-11(목) | 비    |  209,176 |     304,402,860 |     305,289,171 |  135,697
```

▶️ *이번달 일별 상세 (예상)*
```
일자       | 날씨 |          실매출(원) |         예상매출(원)
---------------------------------------------------
06-01(월) | -    |     288,747,891 |     305,509,980
06-02(화) | -    |     301,957,680 |     304,079,015
06-03(수) | 비    |     333,344,852 |     321,222,212
06-04(목) | 비    |     270,422,430 |     265,736,727
06-05(금) | 비    |     326,460,617 |     320,253,311
06-06(토) | -    |     335,705,664 |     338,221,968
06-07(일) | 비    |     299,669,481 |     289,146,206
06-08(월) | 비    |     280,365,120 |     286,330,374
06-09(화) | -    |     288,776,211 |     312,872,672
06-10(수) | 비    |     304,496,975 |     298,460,420
06-11(목) | 비    |     304,402,860 |     305,289,171
06-12(금) | -    |               - |     351,101,685
06-13(토) | -    |               - |     347,246,839
06-14(일) | -    |               - |     323,049,568
06-15(월) | 비    |               - |     303,167,613
06-16(화) | -    |               - |     321,832,944
06-17(수) | -    |               - |     342,753,642
06-18(목) | 비    |               - |     338,746,714
06-19(금) | 비    |               - |     336,966,476
06-20(토) | 비    |               - |     291,536,605
06-21(일) | 비    |               - |     311,779,194
06-22(월) | 비    |               - |     294,864,781
06-23(화) | 비    |               - |     295,523,559
06-24(수) | 비    |               - |     307,665,687
06-25(목) | -    |               - |     318,207,456
06-26(금) | -    |               - |     343,384,528
06-27(토) | 비    |               - |     317,751,077
06-28(일) | -    |               - |     311,162,745
06-29(월) | -    |               - |     297,353,339
06-30(화) | -    |               - |     299,775,920
```

메시지 전송 성공: spaces/AAQA8O4oUkw/messages/q-mFA257BFQ.q-mFA257BFQ

-------------------
2026-06-12 10:00:51 [INFO] 금일 배치 작업이 모두 정상 종료되었습니다. 성공 마커 파일을 기록합니다.
2026-06-12 10:00:51 [INFO] Removed old marker file: .daily_success_20260611
2026-06-12 10:00:51 [INFO] ================ Daily Batch Run Completed ================

2026-06-12 10:00:03 [INFO] ================ Daily Batch Run Attempt (2026-06-12 10:00:03) ================
2026-06-12 10:00:03 [INFO] 필수 데이터 검사 범위: 2026-05-29 ~ 2026-06-11
2026-06-12 10:00:03 [INFO] 누락 데이터 존재 감지: ['2026-06-11']
2026-06-12 10:00:03 [INFO] 누락 날짜 데이터 강제 추출 시도: 2026-06-11
2026-06-12 10:00:03 [INFO] Starting execution of: extract_rich_orders_daily.py 2026-06-11 2026-06-11
2026-06-12 10:00:25 [INFO] 
--- extract_rich_orders_daily.py STDOUT ---
총 1일 치 데이터 추출을 시작합니다.
저장 기본 경로: /Users/galaxy/Google Drive/공유 드라이브/gbike.rich_orders
[2026-06-11] 데이터 추출 중...
[2026-06-11] 성공적으로 저장되었습니다. (건수: 209,176, 소요시간: 20.52초)

-------------------
2026-06-12 10:00:25 [INFO] Starting execution of: send_weekly_report.py 
2026-06-12 10:00:51 [INFO] 
--- send_weekly_report.py STDOUT ---
[2026-05-29 ~ 2026-06-11] 데이터를 로드합니다...
월말 최종 마감 예상 매출(예측 MTD) 계산 시작...
생성된 메시지:
📊 *gbike 실적 리포트*

▶️ *이번 달 누적 (MTD: 2026-06-01 ~ 2026-06-11)*
- 총 실매출(only 트립매출): 3,334,349,786원
- 이번 달 최종 마감 예측 매출: 9,388,220,170원 (모델 소요시간: 15.1초)
- 총 트립 수: 2,204,105건
- 이용 유저 수: 544,047명

▶️ *최근 7일 요약 (2026-06-05 ~ 2026-06-11)*
- 총 실매출(only 트립매출): 2,139,876,931원 (WoW -2.2%)
- 총 트립 수: 1,412,686건
- 이용 유저 수: 436,481명

▶️ *최근 14일 일별 상세*
```
일자       | 날씨 |     트립수 |   only 트립매출(원) |        예상매출(원) |     유저수
---------------------------------------------------------------------------
05-29(금) | -    |  216,255 |     331,983,879 |     334,867,570 |  140,801
05-30(토) | -    |  212,164 |     348,107,779 |     334,459,284 |  134,784
05-31(일) | -    |  189,028 |     313,304,313 |     320,768,206 |  121,173
06-01(월) | -    |  196,116 |     288,747,891 |     305,509,980 |  127,705
06-02(화) | -    |  203,392 |     301,957,680 |     304,079,015 |  132,490
06-03(수) | 비    |  206,648 |     333,344,852 |     321,222,212 |  128,870
06-04(목) | 비    |  185,263 |     270,422,430 |     265,736,727 |  123,092
06-05(금) | 비    |  215,138 |     326,460,617 |     320,253,311 |  140,083
06-06(토) | -    |  205,125 |     335,705,664 |     338,221,968 |  130,171
06-07(일) | 비    |  182,500 |     299,669,481 |     289,146,206 |  116,602
06-08(월) | 비    |  191,234 |     280,365,120 |     286,330,374 |  124,976
06-09(화) | -    |  199,916 |     288,776,211 |     312,872,672 |  129,459
06-10(수) | 비    |  209,597 |     304,496,975 |     298,460,420 |  134,991
06-11(목) | 비    |  209,176 |     304,402,860 |     305,289,171 |  135,697
```

▶️ *이번달 일별 상세 (예상)*
```
일자       | 날씨 |          실매출(원) |         예상매출(원)
---------------------------------------------------
06-01(월) | -    |     288,747,891 |     305,509,980
06-02(화) | -    |     301,957,680 |     304,079,015
06-03(수) | 비    |     333,344,852 |     321,222,212
06-04(목) | 비    |     270,422,430 |     265,736,727
06-05(금) | 비    |     326,460,617 |     320,253,311
06-06(토) | -    |     335,705,664 |     338,221,968
06-07(일) | 비    |     299,669,481 |     289,146,206
06-08(월) | 비    |     280,365,120 |     286,330,374
06-09(화) | -    |     288,776,211 |     312,872,672
06-10(수) | 비    |     304,496,975 |     298,460,420
06-11(목) | 비    |     304,402,860 |     305,289,171
06-12(금) | -    |               - |     351,101,685
06-13(토) | -    |               - |     347,246,839
06-14(일) | -    |               - |     323,049,568
06-15(월) | 비    |               - |     303,167,613
06-16(화) | -    |               - |     321,832,944
06-17(수) | -    |               - |     342,753,642
06-18(목) | 비    |               - |     338,746,714
06-19(금) | 비    |               - |     336,966,476
06-20(토) | 비    |               - |     291,536,605
06-21(일) | 비    |               - |     311,779,194
06-22(월) | 비    |               - |     294,864,781
06-23(화) | 비    |               - |     295,523,559
06-24(수) | 비    |               - |     307,665,687
06-25(목) | -    |               - |     318,207,456
06-26(금) | -    |               - |     343,384,528
06-27(토) | 비    |               - |     317,751,077
06-28(일) | -    |               - |     311,162,745
06-29(월) | -    |               - |     297,353,339
06-30(화) | -    |               - |     299,775,920
```

메시지 전송 성공: spaces/AAQA8O4oUkw/messages/q-mFA257BFQ.q-mFA257BFQ

-------------------
2026-06-12 10:00:51 [INFO] 금일 배치 작업이 모두 정상 종료되었습니다. 성공 마커 파일을 기록합니다.
2026-06-12 10:00:51 [INFO] Removed old marker file: .daily_success_20260611
2026-06-12 10:00:51 [INFO] ================ Daily Batch Run Completed ================

2026-06-12 10:00:51 [INFO] run_daily_batch.py completed successfully.
2026-06-12 10:00:51 [INFO] ================ Daily Cron Batch End ================
2026-06-13 10:14:56 [INFO] ================ Daily Cron Batch Start ================
2026-06-13 10:14:56 [INFO] Virtual environment activated.
2026-06-13 10:14:56 [INFO] Running run_daily_batch.py...
2026-06-13 10:14:56 [INFO] ================ Daily Batch Run Attempt (2026-06-13 10:14:56) ================
2026-06-13 10:14:56 [INFO] 필수 데이터 검사 범위: 2026-05-30 ~ 2026-06-12
2026-06-13 10:14:56 [INFO] 누락 데이터 존재 감지: ['2026-06-12']
2026-06-13 10:14:56 [INFO] 누락 날짜 데이터 강제 추출 시도: 2026-06-12
2026-06-13 10:14:56 [INFO] Starting execution of: extract_rich_orders_daily.py 2026-06-12 2026-06-12
2026-06-13 10:31:46 [ERROR] Error running extract_rich_orders_daily.py (Exit code: 1)
2026-06-13 10:31:46 [ERROR] STDOUT:
총 1일 치 데이터 추출을 시작합니다.
저장 기본 경로: /Users/galaxy/Google Drive/공유 드라이브/gbike.rich_orders
[2026-06-12] 데이터 추출 중...
Error extracting data for 2026-06-12: (pymysql.err.OperationalError) (2003, "Can't connect to MySQL server on 'live.st.rds.gbility.io' ([Errno 60] Operation timed out)")
(Background on this error at: https://sqlalche.me/e/20/e3q8)
[2026-06-12] 추출 실패. 다음 날짜로 넘어갑니다.
경고: 하나 이상의 날짜 추출 또는 저장에 실패했습니다.

2026-06-13 10:31:46 [ERROR] 2026-06-12 데이터 추출 단계에서 오류가 발생하여 배치 실행을 중단합니다.
2026-06-13 10:31:46 [INFO] ================ Daily Batch Run Failed ================

2026-06-13 10:14:56 [INFO] ================ Daily Batch Run Attempt (2026-06-13 10:14:56) ================
2026-06-13 10:14:56 [INFO] 필수 데이터 검사 범위: 2026-05-30 ~ 2026-06-12
2026-06-13 10:14:56 [INFO] 누락 데이터 존재 감지: ['2026-06-12']
2026-06-13 10:14:56 [INFO] 누락 날짜 데이터 강제 추출 시도: 2026-06-12
2026-06-13 10:14:56 [INFO] Starting execution of: extract_rich_orders_daily.py 2026-06-12 2026-06-12
2026-06-13 10:31:46 [ERROR] Error running extract_rich_orders_daily.py (Exit code: 1)
2026-06-13 10:31:46 [ERROR] STDOUT:
총 1일 치 데이터 추출을 시작합니다.
저장 기본 경로: /Users/galaxy/Google Drive/공유 드라이브/gbike.rich_orders
[2026-06-12] 데이터 추출 중...
Error extracting data for 2026-06-12: (pymysql.err.OperationalError) (2003, "Can't connect to MySQL server on 'live.st.rds.gbility.io' ([Errno 60] Operation timed out)")
(Background on this error at: https://sqlalche.me/e/20/e3q8)
[2026-06-12] 추출 실패. 다음 날짜로 넘어갑니다.
경고: 하나 이상의 날짜 추출 또는 저장에 실패했습니다.

2026-06-13 10:31:46 [ERROR] 2026-06-12 데이터 추출 단계에서 오류가 발생하여 배치 실행을 중단합니다.
2026-06-13 10:31:46 [INFO] ================ Daily Batch Run Failed ================

2026-06-13 10:31:46 [ERROR] run_daily_batch.py failed with exit code 1
2026-06-14 10:00:53 [INFO] ================ Daily Cron Batch Start ================
2026-06-14 10:00:54 [INFO] Virtual environment activated.
2026-06-14 10:00:54 [INFO] Running run_daily_batch.py...
2026-06-14 10:00:54 [INFO] ================ Daily Batch Run Attempt (2026-06-14 10:00:54) ================
2026-06-14 10:00:54 [INFO] 필수 데이터 검사 범위: 2026-05-31 ~ 2026-06-13
2026-06-14 10:00:54 [INFO] 누락 데이터 존재 감지: ['2026-06-12', '2026-06-13']
2026-06-14 10:00:54 [INFO] 누락 날짜 데이터 강제 추출 시도: 2026-06-12
2026-06-14 10:00:54 [INFO] Starting execution of: extract_rich_orders_daily.py 2026-06-12 2026-06-12
2026-06-14 10:17:40 [ERROR] Error running extract_rich_orders_daily.py (Exit code: 1)
2026-06-14 10:17:40 [ERROR] STDOUT:
총 1일 치 데이터 추출을 시작합니다.
저장 기본 경로: /Users/galaxy/Google Drive/공유 드라이브/gbike.rich_orders
[2026-06-12] 데이터 추출 중...
Error extracting data for 2026-06-12: (pymysql.err.OperationalError) (2003, "Can't connect to MySQL server on 'live.st.rds.gbility.io' ([Errno 60] Operation timed out)")
(Background on this error at: https://sqlalche.me/e/20/e3q8)
[2026-06-12] 추출 실패. 다음 날짜로 넘어갑니다.
경고: 하나 이상의 날짜 추출 또는 저장에 실패했습니다.

2026-06-14 10:17:40 [ERROR] 2026-06-12 데이터 추출 단계에서 오류가 발생하여 배치 실행을 중단합니다.
2026-06-14 10:17:40 [INFO] ================ Daily Batch Run Failed ================

2026-06-14 10:00:54 [INFO] ================ Daily Batch Run Attempt (2026-06-14 10:00:54) ================
2026-06-14 10:00:54 [INFO] 필수 데이터 검사 범위: 2026-05-31 ~ 2026-06-13
2026-06-14 10:00:54 [INFO] 누락 데이터 존재 감지: ['2026-06-12', '2026-06-13']
2026-06-14 10:00:54 [INFO] 누락 날짜 데이터 강제 추출 시도: 2026-06-12
2026-06-14 10:00:54 [INFO] Starting execution of: extract_rich_orders_daily.py 2026-06-12 2026-06-12
2026-06-14 10:17:40 [ERROR] Error running extract_rich_orders_daily.py (Exit code: 1)
2026-06-14 10:17:40 [ERROR] STDOUT:
총 1일 치 데이터 추출을 시작합니다.
저장 기본 경로: /Users/galaxy/Google Drive/공유 드라이브/gbike.rich_orders
[2026-06-12] 데이터 추출 중...
Error extracting data for 2026-06-12: (pymysql.err.OperationalError) (2003, "Can't connect to MySQL server on 'live.st.rds.gbility.io' ([Errno 60] Operation timed out)")
(Background on this error at: https://sqlalche.me/e/20/e3q8)
[2026-06-12] 추출 실패. 다음 날짜로 넘어갑니다.
경고: 하나 이상의 날짜 추출 또는 저장에 실패했습니다.

2026-06-14 10:17:40 [ERROR] 2026-06-12 데이터 추출 단계에서 오류가 발생하여 배치 실행을 중단합니다.
2026-06-14 10:17:40 [INFO] ================ Daily Batch Run Failed ================

2026-06-14 10:17:40 [ERROR] run_daily_batch.py failed with exit code 1
2026-06-15 10:00:04 [INFO] ================ Daily Cron Batch Start ================
2026-06-15 10:00:04 [INFO] Virtual environment activated.
2026-06-15 10:00:04 [INFO] Running run_daily_batch.py...
2026-06-15 10:00:04 [INFO] ================ Daily Batch Run Attempt (2026-06-15 10:00:04) ================
2026-06-15 10:00:04 [INFO] 필수 데이터 검사 범위: 2026-06-01 ~ 2026-06-14
2026-06-15 10:00:04 [INFO] 누락 데이터 존재 감지: ['2026-06-12', '2026-06-13', '2026-06-14']
2026-06-15 10:00:04 [INFO] 누락 날짜 데이터 강제 추출 시도: 2026-06-12
2026-06-15 10:00:04 [INFO] Starting execution of: extract_rich_orders_daily.py 2026-06-12 2026-06-12
2026-06-15 10:00:25 [INFO] 
--- extract_rich_orders_daily.py STDOUT ---
총 1일 치 데이터 추출을 시작합니다.
저장 기본 경로: /Users/galaxy/Google Drive/공유 드라이브/gbike.rich_orders
[2026-06-12] 데이터 추출 중...
[2026-06-12] 성공적으로 저장되었습니다. (건수: 225,896, 소요시간: 20.48초)

-------------------
2026-06-15 10:00:25 [INFO] 누락 날짜 데이터 강제 추출 시도: 2026-06-13
2026-06-15 10:00:25 [INFO] Starting execution of: extract_rich_orders_daily.py 2026-06-13 2026-06-13
2026-06-15 10:00:45 [INFO] 
--- extract_rich_orders_daily.py STDOUT ---
총 1일 치 데이터 추출을 시작합니다.
저장 기본 경로: /Users/galaxy/Google Drive/공유 드라이브/gbike.rich_orders
[2026-06-13] 데이터 추출 중...
[2026-06-13] 성공적으로 저장되었습니다. (건수: 220,141, 소요시간: 19.53초)

-------------------
2026-06-15 10:00:45 [INFO] 누락 날짜 데이터 강제 추출 시도: 2026-06-14
2026-06-15 10:00:45 [INFO] Starting execution of: extract_rich_orders_daily.py 2026-06-14 2026-06-14
2026-06-15 10:01:02 [INFO] 
--- extract_rich_orders_daily.py STDOUT ---
총 1일 치 데이터 추출을 시작합니다.
저장 기본 경로: /Users/galaxy/Google Drive/공유 드라이브/gbike.rich_orders
[2026-06-14] 데이터 추출 중...
[2026-06-14] 성공적으로 저장되었습니다. (건수: 179,727, 소요시간: 17.04초)

-------------------
2026-06-15 10:01:02 [INFO] Starting execution of: send_weekly_report.py 
2026-06-15 10:15:08 [INFO] 
--- send_weekly_report.py STDOUT ---
[2026-06-01 ~ 2026-06-14] 데이터를 로드합니다...
월말 최종 마감 예상 매출(예측 MTD) 계산 시작...
생성된 메시지:
📊 *gbike 실적 리포트*

▶️ *이번 달 누적 (MTD: 2026-06-01 ~ 2026-06-14)*
- 총 실매출(only 트립매출): 4,320,745,031원
- 이번 달 최종 마감 예측 매출: 9,305,759,123원 (모델 소요시간: 17.7초)
- 이번 달 경영 목표 매출: 8,978,703,709원
  (경영목표 대비 103.6% 달성 예상입니다.)
- 총 트립 수: 2,829,869건
- 이용 유저 수: 627,014명

▶️ *최근 7일 요약 (2026-06-08 ~ 2026-06-14)*
- 총 실매출(only 트립매출): 2,164,436,413원 (WoW +0.4%)
- 총 트립 수: 1,435,687건
- 이용 유저 수: 442,008명

▶️ *최근 14일 일별 상세*
```
일자       | 날씨 |     트립수 |    운행기기 |   only 트립매출(원) |        예상매출(원)
------------------------------------------------------------------------------
06-01(월) | -    |  196,116 |   70,473 |     288,747,891 |     307,418,149
06-02(화) | -    |  203,392 |   71,584 |     301,957,680 |     309,691,960
06-03(수) | 비    |  206,648 |   71,307 |     333,344,852 |     328,608,811
06-04(목) | 비    |  185,263 |   70,048 |     270,422,430 |     257,544,309
06-05(금) | 비    |  215,138 |   74,169 |     326,460,617 |     317,379,923
06-06(토) | -    |  205,125 |   71,809 |     335,705,664 |     343,666,974
06-07(일) | 비    |  182,500 |   67,515 |     299,669,481 |     288,409,504
06-08(월) | 비    |  191,234 |   69,681 |     280,365,120 |     289,612,853
06-09(화) | -    |  199,916 |   71,688 |     288,776,211 |     314,303,769
06-10(수) | 비    |  209,597 |   73,475 |     304,496,975 |     301,666,791
06-11(목) | 비    |  209,176 |   73,623 |     304,402,860 |     304,694,846
06-12(금) | 비    |  225,896 |   75,856 |     340,418,122 |     350,746,643
06-13(토) | -    |  220,141 |   74,717 |     356,708,837 |     362,179,883
06-14(일) | 비    |  179,727 |   67,687 |     289,268,285 |     292,991,224
```

▶️ *이번달 일별 상세 (예상)*
```
일자       | 날씨 |          실매출(원) |         예상매출(원) |        보수적예상(원)
--------------------------------------------------------------------
06-01(월) | -    |     288,747,891 |     307,418,149 |     301,269,786
06-02(화) | -    |     301,957,680 |     309,691,960 |     303,498,121
06-03(수) | 비    |     333,344,852 |     328,608,811 |     322,036,635
06-04(목) | 비    |     270,422,430 |     257,544,309 |     252,393,423
06-05(금) | 비    |     326,460,617 |     317,379,923 |     311,032,324
06-06(토) | -    |     335,705,664 |     343,666,974 |     336,793,634
06-07(일) | 비    |     299,669,481 |     288,409,504 |     282,641,314
06-08(월) | 비    |     280,365,120 |     289,612,853 |     283,820,596
06-09(화) | -    |     288,776,211 |     314,303,769 |     308,017,694
06-10(수) | 비    |     304,496,975 |     301,666,791 |     295,633,455
06-11(목) | 비    |     304,402,860 |     304,694,846 |     298,600,949
06-12(금) | 비    |     340,418,122 |     350,746,643 |     343,731,710
06-13(토) | -    |     356,708,837 |     362,179,883 |     354,936,286
06-14(일) | 비    |     289,268,285 |     292,991,224 |     287,131,400
06-15(월) | -    |               - |     317,348,401 |     311,001,433
06-16(화) | -    |               - |     323,261,113 |     316,795,891
06-17(수) | -    |               - |     336,477,080 |     329,747,538
06-18(목) | 비    |               - |     331,797,532 |     325,161,581
06-19(금) | -    |               - |     361,676,187 |     354,442,663
06-20(토) | -    |               - |     360,334,791 |     353,128,095
06-21(일) | 비    |               - |     239,556,375 |     234,765,247
06-22(월) | 비    |               - |     316,850,424 |     310,513,415
06-23(화) | 비    |               - |     291,183,748 |     285,360,073
06-24(수) | 비    |               - |     246,617,787 |     241,685,431
06-25(목) | -    |               - |     316,515,870 |     310,185,552
06-26(금) | -    |               - |     346,006,644 |     339,086,511
06-27(토) | -    |               - |     344,039,718 |     337,158,924
06-28(일) | 비    |               - |     277,003,326 |     271,463,259
06-29(월) | 비    |               - |     274,704,761 |     269,210,666
06-30(화) | -    |               - |     301,640,330 |     295,607,523
```

메시지 전송 성공: spaces/AAQA8O4oUkw/messages/nkoO1BsNfHw.nkoO1BsNfHw

-------------------
2026-06-15 10:15:08 [INFO] 금일 배치 작업이 모두 정상 종료되었습니다. 성공 마커 파일을 기록합니다.
2026-06-15 10:15:08 [INFO] Removed old marker file: .daily_success_20260612
2026-06-15 10:15:08 [INFO] ================ Daily Batch Run Completed ================

2026-06-15 10:00:04 [INFO] ================ Daily Batch Run Attempt (2026-06-15 10:00:04) ================
2026-06-15 10:00:04 [INFO] 필수 데이터 검사 범위: 2026-06-01 ~ 2026-06-14
2026-06-15 10:00:04 [INFO] 누락 데이터 존재 감지: ['2026-06-12', '2026-06-13', '2026-06-14']
2026-06-15 10:00:04 [INFO] 누락 날짜 데이터 강제 추출 시도: 2026-06-12
2026-06-15 10:00:04 [INFO] Starting execution of: extract_rich_orders_daily.py 2026-06-12 2026-06-12
2026-06-15 10:00:25 [INFO] 
--- extract_rich_orders_daily.py STDOUT ---
총 1일 치 데이터 추출을 시작합니다.
저장 기본 경로: /Users/galaxy/Google Drive/공유 드라이브/gbike.rich_orders
[2026-06-12] 데이터 추출 중...
[2026-06-12] 성공적으로 저장되었습니다. (건수: 225,896, 소요시간: 20.48초)

-------------------
2026-06-15 10:00:25 [INFO] 누락 날짜 데이터 강제 추출 시도: 2026-06-13
2026-06-15 10:00:25 [INFO] Starting execution of: extract_rich_orders_daily.py 2026-06-13 2026-06-13
2026-06-15 10:00:45 [INFO] 
--- extract_rich_orders_daily.py STDOUT ---
총 1일 치 데이터 추출을 시작합니다.
저장 기본 경로: /Users/galaxy/Google Drive/공유 드라이브/gbike.rich_orders
[2026-06-13] 데이터 추출 중...
[2026-06-13] 성공적으로 저장되었습니다. (건수: 220,141, 소요시간: 19.53초)

-------------------
2026-06-15 10:00:45 [INFO] 누락 날짜 데이터 강제 추출 시도: 2026-06-14
2026-06-15 10:00:45 [INFO] Starting execution of: extract_rich_orders_daily.py 2026-06-14 2026-06-14
2026-06-15 10:01:02 [INFO] 
--- extract_rich_orders_daily.py STDOUT ---
총 1일 치 데이터 추출을 시작합니다.
저장 기본 경로: /Users/galaxy/Google Drive/공유 드라이브/gbike.rich_orders
[2026-06-14] 데이터 추출 중...
[2026-06-14] 성공적으로 저장되었습니다. (건수: 179,727, 소요시간: 17.04초)

-------------------
2026-06-15 10:01:02 [INFO] Starting execution of: send_weekly_report.py 
2026-06-15 10:15:08 [INFO] 
--- send_weekly_report.py STDOUT ---
[2026-06-01 ~ 2026-06-14] 데이터를 로드합니다...
월말 최종 마감 예상 매출(예측 MTD) 계산 시작...
생성된 메시지:
📊 *gbike 실적 리포트*

▶️ *이번 달 누적 (MTD: 2026-06-01 ~ 2026-06-14)*
- 총 실매출(only 트립매출): 4,320,745,031원
- 이번 달 최종 마감 예측 매출: 9,305,759,123원 (모델 소요시간: 17.7초)
- 이번 달 경영 목표 매출: 8,978,703,709원
  (경영목표 대비 103.6% 달성 예상입니다.)
- 총 트립 수: 2,829,869건
- 이용 유저 수: 627,014명

▶️ *최근 7일 요약 (2026-06-08 ~ 2026-06-14)*
- 총 실매출(only 트립매출): 2,164,436,413원 (WoW +0.4%)
- 총 트립 수: 1,435,687건
- 이용 유저 수: 442,008명

▶️ *최근 14일 일별 상세*
```
일자       | 날씨 |     트립수 |    운행기기 |   only 트립매출(원) |        예상매출(원)
------------------------------------------------------------------------------
06-01(월) | -    |  196,116 |   70,473 |     288,747,891 |     307,418,149
06-02(화) | -    |  203,392 |   71,584 |     301,957,680 |     309,691,960
06-03(수) | 비    |  206,648 |   71,307 |     333,344,852 |     328,608,811
06-04(목) | 비    |  185,263 |   70,048 |     270,422,430 |     257,544,309
06-05(금) | 비    |  215,138 |   74,169 |     326,460,617 |     317,379,923
06-06(토) | -    |  205,125 |   71,809 |     335,705,664 |     343,666,974
06-07(일) | 비    |  182,500 |   67,515 |     299,669,481 |     288,409,504
06-08(월) | 비    |  191,234 |   69,681 |     280,365,120 |     289,612,853
06-09(화) | -    |  199,916 |   71,688 |     288,776,211 |     314,303,769
06-10(수) | 비    |  209,597 |   73,475 |     304,496,975 |     301,666,791
06-11(목) | 비    |  209,176 |   73,623 |     304,402,860 |     304,694,846
06-12(금) | 비    |  225,896 |   75,856 |     340,418,122 |     350,746,643
06-13(토) | -    |  220,141 |   74,717 |     356,708,837 |     362,179,883
06-14(일) | 비    |  179,727 |   67,687 |     289,268,285 |     292,991,224
```

▶️ *이번달 일별 상세 (예상)*
```
일자       | 날씨 |          실매출(원) |         예상매출(원) |        보수적예상(원)
--------------------------------------------------------------------
06-01(월) | -    |     288,747,891 |     307,418,149 |     301,269,786
06-02(화) | -    |     301,957,680 |     309,691,960 |     303,498,121
06-03(수) | 비    |     333,344,852 |     328,608,811 |     322,036,635
06-04(목) | 비    |     270,422,430 |     257,544,309 |     252,393,423
06-05(금) | 비    |     326,460,617 |     317,379,923 |     311,032,324
06-06(토) | -    |     335,705,664 |     343,666,974 |     336,793,634
06-07(일) | 비    |     299,669,481 |     288,409,504 |     282,641,314
06-08(월) | 비    |     280,365,120 |     289,612,853 |     283,820,596
06-09(화) | -    |     288,776,211 |     314,303,769 |     308,017,694
06-10(수) | 비    |     304,496,975 |     301,666,791 |     295,633,455
06-11(목) | 비    |     304,402,860 |     304,694,846 |     298,600,949
06-12(금) | 비    |     340,418,122 |     350,746,643 |     343,731,710
06-13(토) | -    |     356,708,837 |     362,179,883 |     354,936,286
06-14(일) | 비    |     289,268,285 |     292,991,224 |     287,131,400
06-15(월) | -    |               - |     317,348,401 |     311,001,433
06-16(화) | -    |               - |     323,261,113 |     316,795,891
06-17(수) | -    |               - |     336,477,080 |     329,747,538
06-18(목) | 비    |               - |     331,797,532 |     325,161,581
06-19(금) | -    |               - |     361,676,187 |     354,442,663
06-20(토) | -    |               - |     360,334,791 |     353,128,095
06-21(일) | 비    |               - |     239,556,375 |     234,765,247
06-22(월) | 비    |               - |     316,850,424 |     310,513,415
06-23(화) | 비    |               - |     291,183,748 |     285,360,073
06-24(수) | 비    |               - |     246,617,787 |     241,685,431
06-25(목) | -    |               - |     316,515,870 |     310,185,552
06-26(금) | -    |               - |     346,006,644 |     339,086,511
06-27(토) | -    |               - |     344,039,718 |     337,158,924
06-28(일) | 비    |               - |     277,003,326 |     271,463,259
06-29(월) | 비    |               - |     274,704,761 |     269,210,666
06-30(화) | -    |               - |     301,640,330 |     295,607,523
```

메시지 전송 성공: spaces/AAQA8O4oUkw/messages/nkoO1BsNfHw.nkoO1BsNfHw

-------------------
2026-06-15 10:15:08 [INFO] 금일 배치 작업이 모두 정상 종료되었습니다. 성공 마커 파일을 기록합니다.
2026-06-15 10:15:08 [INFO] Removed old marker file: .daily_success_20260612
2026-06-15 10:15:08 [INFO] ================ Daily Batch Run Completed ================

2026-06-15 10:15:08 [INFO] run_daily_batch.py completed successfully.
2026-06-15 10:15:08 [INFO] ================ Daily Cron Batch End ================
2026-06-16 10:00:04 [INFO] ================ Daily Cron Batch Start ================
2026-06-16 10:00:04 [INFO] Virtual environment activated.
2026-06-16 10:00:04 [INFO] Running run_daily_batch.py...
2026-06-16 10:00:04 [INFO] ================ Daily Batch Run Attempt (2026-06-16 10:00:04) ================
2026-06-16 10:00:04 [INFO] 필수 데이터 검사 범위: 2026-06-01 ~ 2026-06-15
2026-06-16 10:00:04 [INFO] 누락 데이터 존재 감지: ['2026-06-15']
2026-06-16 10:00:04 [INFO] 누락 날짜 데이터 강제 추출 시도: 2026-06-15
2026-06-16 10:00:04 [INFO] Starting execution of: extract_rich_orders_daily.py 2026-06-15 2026-06-15
2026-06-16 10:00:22 [INFO] 
--- extract_rich_orders_daily.py STDOUT ---
총 1일 치 데이터 추출을 시작합니다.
저장 기본 경로: /Users/galaxy/Google Drive/공유 드라이브/gbike.rich_orders
[2026-06-15] 데이터 추출 중...
[2026-06-15] 성공적으로 저장되었습니다. (건수: 206,063, 소요시간: 16.74초)

-------------------
2026-06-16 10:00:22 [INFO] Starting execution of: send_weekly_report.py 
2026-06-16 10:00:51 [INFO] 
--- send_weekly_report.py STDOUT ---
[2026-06-01 ~ 2026-06-15] 데이터를 로드합니다...
월말 최종 마감 예상 매출(예측 MTD) 계산 시작...
생성된 메시지:
📊 *gbike 실적 리포트*

▶️ *이번 달 누적 (MTD: 2026-06-01 ~ 2026-06-15)*
- 총 실매출(only 트립매출): 4,621,531,859원
- 이번 달 최종 마감 예측 매출: 9,198,761,405원 (모델 소요시간: 17.4초)
- 이번 달 경영 목표 매출: 8,978,703,709원
- (경영목표 대비 102.5% 달성 예상입니다.)
- 총 트립 수: 3,035,932건
- 이용 유저 수: 646,543명

▶️ *최근 7일 요약 (2026-06-09 ~ 2026-06-15)*
- 총 실매출(only 트립매출): 2,184,858,120원 (WoW +1.7%)
- 총 트립 수: 1,450,516건
- 이용 유저 수: 445,766명

▶️ *최근 14일 일별 상세*
```
일자       | 날씨 |     트립수 |    운행기기 |   only 트립매출(원) |        예상매출(원)
------------------------------------------------------------------------------
06-02(화) | -    |  203,392 |   71,584 |     301,957,680 |     309,438,743
06-03(수) | 비    |  206,648 |   71,307 |     333,344,852 |     331,233,517
06-04(목) | 비    |  185,263 |   70,048 |     270,422,430 |     262,528,864
06-05(금) | 비    |  215,138 |   74,169 |     326,460,617 |     322,511,761
06-06(토) | -    |  205,125 |   71,809 |     335,705,664 |     340,575,877
06-07(일) | 비    |  182,500 |   67,515 |     299,669,481 |     288,209,542
06-08(월) | 비    |  191,234 |   69,681 |     280,365,120 |     291,361,734
06-09(화) | -    |  199,916 |   71,688 |     288,776,211 |     312,713,713
06-10(수) | 비    |  209,597 |   73,475 |     304,496,975 |     300,712,666
06-11(목) | 비    |  209,176 |   73,623 |     304,402,860 |     311,126,492
06-12(금) | 비    |  225,896 |   75,856 |     340,418,122 |     346,574,655
06-13(토) | -    |  220,141 |   74,717 |     356,708,837 |     364,485,299
06-14(일) | 비    |  179,727 |   67,687 |     289,268,285 |     292,959,270
06-15(월) | 비    |  206,063 |   72,843 |     300,786,827 |     302,066,195
```

▶️ *이번달 일별 상세 (예상)*
```
일자       | 날씨 |          실매출(원) |         예상매출(원) |        보수적예상(원)
--------------------------------------------------------------------
06-01(월) | -    |     288,747,891 |     308,475,882 |     302,306,364
06-02(화) | -    |     301,957,680 |     309,438,743 |     303,249,968
06-03(수) | 비    |     333,344,852 |     331,233,517 |     324,608,846
06-04(목) | 비    |     270,422,430 |     262,528,864 |     257,278,287
06-05(금) | 비    |     326,460,617 |     322,511,761 |     316,061,526
06-06(토) | -    |     335,705,664 |     340,575,877 |     333,764,359
06-07(일) | 비    |     299,669,481 |     288,209,542 |     282,445,352
06-08(월) | 비    |     280,365,120 |     291,361,734 |     285,534,500
06-09(화) | -    |     288,776,211 |     312,713,713 |     306,459,438
06-10(수) | 비    |     304,496,975 |     300,712,666 |     294,698,412
06-11(목) | 비    |     304,402,860 |     311,126,492 |     304,903,962
06-12(금) | 비    |     340,418,122 |     346,574,655 |     339,643,162
06-13(토) | -    |     356,708,837 |     364,485,299 |     357,195,593
06-14(일) | 비    |     289,268,285 |     292,959,270 |     287,100,085
06-15(월) | 비    |     300,786,827 |     302,066,195 |     296,024,871
06-16(화) | -    |               - |     321,648,339 |     315,215,372
06-17(수) | -    |               - |     334,031,351 |     327,350,724
06-18(목) | -    |               - |     334,158,138 |     327,474,975
06-19(금) | 비    |               - |     353,077,515 |     346,015,965
06-20(토) | 비    |               - |     352,125,783 |     345,083,267
06-21(일) | 비    |               - |     298,278,686 |     292,313,112
06-22(월) | 비    |               - |     289,013,918 |     283,233,639
06-23(화) | -    |               - |     318,303,457 |     311,937,388
06-24(수) | -    |               - |     339,020,847 |     332,240,430
06-25(목) | -    |               - |     339,550,726 |     332,759,711
06-26(금) | -    |               - |     362,769,928 |     355,514,529
06-27(토) | 비    |               - |     250,460,026 |     245,450,825
06-28(일) | 비    |               - |     162,104,585 |     158,862,493
06-29(월) | -    |               - |     302,565,569 |     296,514,257
06-30(화) | 비    |               - |     220,120,671 |     215,718,258
```

메시지 전송 성공: spaces/AAQA8O4oUkw/messages/Utm2iJSUIvE.Utm2iJSUIvE

-------------------
2026-06-16 10:00:51 [INFO] 금일 배치 작업이 모두 정상 종료되었습니다. 성공 마커 파일을 기록합니다.
2026-06-16 10:00:51 [INFO] Removed old marker file: .daily_success_20260615
2026-06-16 10:00:51 [INFO] ================ Daily Batch Run Completed ================

2026-06-16 10:00:04 [INFO] ================ Daily Batch Run Attempt (2026-06-16 10:00:04) ================
2026-06-16 10:00:04 [INFO] 필수 데이터 검사 범위: 2026-06-01 ~ 2026-06-15
2026-06-16 10:00:04 [INFO] 누락 데이터 존재 감지: ['2026-06-15']
2026-06-16 10:00:04 [INFO] 누락 날짜 데이터 강제 추출 시도: 2026-06-15
2026-06-16 10:00:04 [INFO] Starting execution of: extract_rich_orders_daily.py 2026-06-15 2026-06-15
2026-06-16 10:00:22 [INFO] 
--- extract_rich_orders_daily.py STDOUT ---
총 1일 치 데이터 추출을 시작합니다.
저장 기본 경로: /Users/galaxy/Google Drive/공유 드라이브/gbike.rich_orders
[2026-06-15] 데이터 추출 중...
[2026-06-15] 성공적으로 저장되었습니다. (건수: 206,063, 소요시간: 16.74초)

-------------------
2026-06-16 10:00:22 [INFO] Starting execution of: send_weekly_report.py 
2026-06-16 10:00:51 [INFO] 
--- send_weekly_report.py STDOUT ---
[2026-06-01 ~ 2026-06-15] 데이터를 로드합니다...
월말 최종 마감 예상 매출(예측 MTD) 계산 시작...
생성된 메시지:
📊 *gbike 실적 리포트*

▶️ *이번 달 누적 (MTD: 2026-06-01 ~ 2026-06-15)*
- 총 실매출(only 트립매출): 4,621,531,859원
- 이번 달 최종 마감 예측 매출: 9,198,761,405원 (모델 소요시간: 17.4초)
- 이번 달 경영 목표 매출: 8,978,703,709원
- (경영목표 대비 102.5% 달성 예상입니다.)
- 총 트립 수: 3,035,932건
- 이용 유저 수: 646,543명

▶️ *최근 7일 요약 (2026-06-09 ~ 2026-06-15)*
- 총 실매출(only 트립매출): 2,184,858,120원 (WoW +1.7%)
- 총 트립 수: 1,450,516건
- 이용 유저 수: 445,766명

▶️ *최근 14일 일별 상세*
```
일자       | 날씨 |     트립수 |    운행기기 |   only 트립매출(원) |        예상매출(원)
------------------------------------------------------------------------------
06-02(화) | -    |  203,392 |   71,584 |     301,957,680 |     309,438,743
06-03(수) | 비    |  206,648 |   71,307 |     333,344,852 |     331,233,517
06-04(목) | 비    |  185,263 |   70,048 |     270,422,430 |     262,528,864
06-05(금) | 비    |  215,138 |   74,169 |     326,460,617 |     322,511,761
06-06(토) | -    |  205,125 |   71,809 |     335,705,664 |     340,575,877
06-07(일) | 비    |  182,500 |   67,515 |     299,669,481 |     288,209,542
06-08(월) | 비    |  191,234 |   69,681 |     280,365,120 |     291,361,734
06-09(화) | -    |  199,916 |   71,688 |     288,776,211 |     312,713,713
06-10(수) | 비    |  209,597 |   73,475 |     304,496,975 |     300,712,666
06-11(목) | 비    |  209,176 |   73,623 |     304,402,860 |     311,126,492
06-12(금) | 비    |  225,896 |   75,856 |     340,418,122 |     346,574,655
06-13(토) | -    |  220,141 |   74,717 |     356,708,837 |     364,485,299
06-14(일) | 비    |  179,727 |   67,687 |     289,268,285 |     292,959,270
06-15(월) | 비    |  206,063 |   72,843 |     300,786,827 |     302,066,195
```

▶️ *이번달 일별 상세 (예상)*
```
일자       | 날씨 |          실매출(원) |         예상매출(원) |        보수적예상(원)
--------------------------------------------------------------------
06-01(월) | -    |     288,747,891 |     308,475,882 |     302,306,364
06-02(화) | -    |     301,957,680 |     309,438,743 |     303,249,968
06-03(수) | 비    |     333,344,852 |     331,233,517 |     324,608,846
06-04(목) | 비    |     270,422,430 |     262,528,864 |     257,278,287
06-05(금) | 비    |     326,460,617 |     322,511,761 |     316,061,526
06-06(토) | -    |     335,705,664 |     340,575,877 |     333,764,359
06-07(일) | 비    |     299,669,481 |     288,209,542 |     282,445,352
06-08(월) | 비    |     280,365,120 |     291,361,734 |     285,534,500
06-09(화) | -    |     288,776,211 |     312,713,713 |     306,459,438
06-10(수) | 비    |     304,496,975 |     300,712,666 |     294,698,412
06-11(목) | 비    |     304,402,860 |     311,126,492 |     304,903,962
06-12(금) | 비    |     340,418,122 |     346,574,655 |     339,643,162
06-13(토) | -    |     356,708,837 |     364,485,299 |     357,195,593
06-14(일) | 비    |     289,268,285 |     292,959,270 |     287,100,085
06-15(월) | 비    |     300,786,827 |     302,066,195 |     296,024,871
06-16(화) | -    |               - |     321,648,339 |     315,215,372
06-17(수) | -    |               - |     334,031,351 |     327,350,724
06-18(목) | -    |               - |     334,158,138 |     327,474,975
06-19(금) | 비    |               - |     353,077,515 |     346,015,965
06-20(토) | 비    |               - |     352,125,783 |     345,083,267
06-21(일) | 비    |               - |     298,278,686 |     292,313,112
06-22(월) | 비    |               - |     289,013,918 |     283,233,639
06-23(화) | -    |               - |     318,303,457 |     311,937,388
06-24(수) | -    |               - |     339,020,847 |     332,240,430
06-25(목) | -    |               - |     339,550,726 |     332,759,711
06-26(금) | -    |               - |     362,769,928 |     355,514,529
06-27(토) | 비    |               - |     250,460,026 |     245,450,825
06-28(일) | 비    |               - |     162,104,585 |     158,862,493
06-29(월) | -    |               - |     302,565,569 |     296,514,257
06-30(화) | 비    |               - |     220,120,671 |     215,718,258
```

메시지 전송 성공: spaces/AAQA8O4oUkw/messages/Utm2iJSUIvE.Utm2iJSUIvE

-------------------
2026-06-16 10:00:51 [INFO] 금일 배치 작업이 모두 정상 종료되었습니다. 성공 마커 파일을 기록합니다.
2026-06-16 10:00:51 [INFO] Removed old marker file: .daily_success_20260615
2026-06-16 10:00:51 [INFO] ================ Daily Batch Run Completed ================

2026-06-16 10:00:51 [INFO] run_daily_batch.py completed successfully.
2026-06-16 10:00:51 [INFO] ================ Daily Cron Batch End ================
2026-06-17 10:11:05 [INFO] ================ Daily Cron Batch Start ================
2026-06-17 10:11:05 [INFO] Virtual environment activated.
2026-06-17 10:11:05 [INFO] Running run_daily_batch.py...
2026-06-17 10:11:05 [INFO] ================ Daily Batch Run Attempt (2026-06-17 10:11:05) ================
2026-06-17 10:11:05 [INFO] 필수 데이터 검사 범위: 2026-06-01 ~ 2026-06-16
2026-06-17 10:11:05 [INFO] 누락 데이터 존재 감지: ['2026-06-16']
2026-06-17 10:11:05 [INFO] 누락 날짜 데이터 강제 추출 시도: 2026-06-16
2026-06-17 10:11:05 [INFO] Starting execution of: extract_rich_orders_daily.py 2026-06-16 2026-06-16
2026-06-17 10:28:16 [ERROR] Error running extract_rich_orders_daily.py (Exit code: 1)
2026-06-17 10:28:16 [ERROR] STDOUT:
총 1일 치 데이터 추출을 시작합니다.
저장 기본 경로: /Users/galaxy/Google Drive/공유 드라이브/gbike.rich_orders
[2026-06-16] 데이터 추출 중...
Error extracting data for 2026-06-16: (pymysql.err.OperationalError) (2003, "Can't connect to MySQL server on 'live.st.rds.gbility.io' ([Errno 60] Operation timed out)")
(Background on this error at: https://sqlalche.me/e/20/e3q8)
[2026-06-16] 추출 실패. 다음 날짜로 넘어갑니다.
경고: 하나 이상의 날짜 추출 또는 저장에 실패했습니다.

2026-06-17 10:28:16 [ERROR] 2026-06-16 데이터 추출 단계에서 오류가 발생하여 배치 실행을 중단합니다.
2026-06-17 10:28:16 [INFO] ================ Daily Batch Run Failed ================

2026-06-17 10:11:05 [INFO] ================ Daily Batch Run Attempt (2026-06-17 10:11:05) ================
2026-06-17 10:11:05 [INFO] 필수 데이터 검사 범위: 2026-06-01 ~ 2026-06-16
2026-06-17 10:11:05 [INFO] 누락 데이터 존재 감지: ['2026-06-16']
2026-06-17 10:11:05 [INFO] 누락 날짜 데이터 강제 추출 시도: 2026-06-16
2026-06-17 10:11:05 [INFO] Starting execution of: extract_rich_orders_daily.py 2026-06-16 2026-06-16
2026-06-17 10:28:16 [ERROR] Error running extract_rich_orders_daily.py (Exit code: 1)
2026-06-17 10:28:16 [ERROR] STDOUT:
총 1일 치 데이터 추출을 시작합니다.
저장 기본 경로: /Users/galaxy/Google Drive/공유 드라이브/gbike.rich_orders
[2026-06-16] 데이터 추출 중...
Error extracting data for 2026-06-16: (pymysql.err.OperationalError) (2003, "Can't connect to MySQL server on 'live.st.rds.gbility.io' ([Errno 60] Operation timed out)")
(Background on this error at: https://sqlalche.me/e/20/e3q8)
[2026-06-16] 추출 실패. 다음 날짜로 넘어갑니다.
경고: 하나 이상의 날짜 추출 또는 저장에 실패했습니다.

2026-06-17 10:28:16 [ERROR] 2026-06-16 데이터 추출 단계에서 오류가 발생하여 배치 실행을 중단합니다.
2026-06-17 10:28:16 [INFO] ================ Daily Batch Run Failed ================

2026-06-17 10:28:16 [ERROR] run_daily_batch.py failed with exit code 1
2026-06-18 10:00:05 [INFO] ================ Daily Cron Batch Start ================
2026-06-18 10:00:05 [INFO] Virtual environment activated.
2026-06-18 10:00:05 [INFO] Running run_daily_batch.py...
2026-06-18 10:00:05 [INFO] ================ Daily Batch Run Attempt (2026-06-18 10:00:05) ================
2026-06-18 10:00:05 [INFO] 필수 데이터 검사 범위: 2026-06-01 ~ 2026-06-17
2026-06-18 10:00:05 [INFO] 누락 데이터 존재 감지: ['2026-06-16', '2026-06-17']
2026-06-18 10:00:05 [INFO] 누락 날짜 데이터 강제 추출 시도: 2026-06-16
2026-06-18 10:00:05 [INFO] Starting execution of: extract_rich_orders_daily.py 2026-06-16 2026-06-16
2026-06-18 10:00:24 [INFO] 
--- extract_rich_orders_daily.py STDOUT ---
총 1일 치 데이터 추출을 시작합니다.
저장 기본 경로: /Users/galaxy/Google Drive/공유 드라이브/gbike.rich_orders
[2026-06-16] 데이터 추출 중...
[2026-06-16] 성공적으로 저장되었습니다. (건수: 215,549, 소요시간: 17.84초)

-------------------
2026-06-18 10:00:24 [INFO] 누락 날짜 데이터 강제 추출 시도: 2026-06-17
2026-06-18 10:00:24 [INFO] Starting execution of: extract_rich_orders_daily.py 2026-06-17 2026-06-17
2026-06-18 10:01:15 [INFO] 
--- extract_rich_orders_daily.py STDOUT ---
총 1일 치 데이터 추출을 시작합니다.
저장 기본 경로: /Users/galaxy/Google Drive/공유 드라이브/gbike.rich_orders
[2026-06-17] 데이터 추출 중...
[2026-06-17] 성공적으로 저장되었습니다. (건수: 215,085, 소요시간: 49.77초)

-------------------
2026-06-18 10:01:15 [INFO] Starting execution of: send_weekly_report.py 
2026-06-18 10:01:45 [INFO] 
--- send_weekly_report.py STDOUT ---
[2026-06-01 ~ 2026-06-17] 데이터를 로드합니다...
월말 최종 마감 예상 매출(예측 MTD) 계산 시작...
생성된 메시지:
📊 *gbike 실적 리포트*

▶️ *이번 달 누적 (MTD: 2026-06-01 ~ 2026-06-17)*
- 총 실매출(only 트립매출): 5,246,322,887원
- 이번 달 최종 마감 예측 매출: 8,856,759,642원 (모델 소요시간: 18.6초)
- 이번 달 경영 목표 매출: 8,978,703,709원
- (경영목표 대비 98.6% 달성 예상입니다.)
- 총 트립 수: 3,466,566건
- 이용 유저 수: 684,512명

▶️ *최근 7일 요약 (2026-06-11 ~ 2026-06-17)*
- 총 실매출(only 트립매출): 2,216,375,960원 (WoW +5.2%)
- 총 트립 수: 1,471,637건
- 이용 유저 수: 451,514명

▶️ *최근 14일 일별 상세*
```
일자       | 날씨 |     트립수 |    운행기기 |   only 트립매출(원) |        예상매출(원)
------------------------------------------------------------------------------
06-04(목) | 비    |  185,263 |   70,048 |     270,422,430 |     262,888,854
06-05(금) | -    |  215,138 |   74,169 |     326,460,617 |     318,264,446
06-06(토) | -    |  205,125 |   71,809 |     335,705,664 |     336,495,468
06-07(일) | -    |  182,500 |   67,515 |     299,669,481 |     292,192,026
06-08(월) | -    |  191,234 |   69,681 |     280,365,120 |     287,709,610
06-09(화) | -    |  199,916 |   71,688 |     288,776,211 |     312,067,675
06-10(수) | -    |  209,597 |   73,475 |     304,496,975 |     300,926,076
06-11(목) | -    |  209,176 |   73,623 |     304,402,860 |     306,338,155
06-12(금) | -    |  225,896 |   75,856 |     340,418,122 |     350,027,682
06-13(토) | -    |  220,141 |   74,717 |     356,708,837 |     364,389,757
06-14(일) | -    |  179,727 |   67,687 |     289,268,285 |     291,358,814
06-15(월) | -    |  206,063 |   72,843 |     300,786,827 |     298,563,163
06-16(화) | -    |  215,549 |   74,346 |     312,520,580 |     315,987,780
06-17(수) | -    |  215,085 |   74,347 |     312,270,447 |     328,882,094
```

▶️ *이번달 일별 상세 (예상)*
```
일자       | 날씨 |          실매출(원) |         예상매출(원) |        보수적예상(원)
--------------------------------------------------------------------
06-01(월) | -    |     288,747,891 |     308,268,176 |     302,102,813
06-02(화) | -    |     301,957,680 |     312,481,978 |     306,232,338
06-03(수) | -    |     333,344,852 |     328,999,298 |     322,419,312
06-04(목) | 비    |     270,422,430 |     262,888,854 |     257,631,077
06-05(금) | -    |     326,460,617 |     318,264,446 |     311,899,157
06-06(토) | -    |     335,705,664 |     336,495,468 |     329,765,558
06-07(일) | -    |     299,669,481 |     292,192,026 |     286,348,186
06-08(월) | -    |     280,365,120 |     287,709,610 |     281,955,417
06-09(화) | -    |     288,776,211 |     312,067,675 |     305,826,322
06-10(수) | -    |     304,496,975 |     300,926,076 |     294,907,555
06-11(목) | -    |     304,402,860 |     306,338,155 |     300,211,391
06-12(금) | -    |     340,418,122 |     350,027,682 |     343,027,128
06-13(토) | -    |     356,708,837 |     364,389,757 |     357,101,962
06-14(일) | -    |     289,268,285 |     291,358,814 |     285,531,638
06-15(월) | -    |     300,786,827 |     298,563,163 |     292,591,900
06-16(화) | -    |     312,520,580 |     315,987,780 |     309,668,025
06-17(수) | -    |     312,270,447 |     328,882,094 |     322,304,452
06-18(목) | -    |               - |     292,041,700 |     286,200,866
06-19(금) | -    |               - |     305,939,098 |     299,820,316
06-20(토) | 비    |               - |     194,937,438 |     191,038,690
06-21(일) | -    |               - |     309,035,238 |     302,854,533
06-22(월) | -    |               - |     302,810,136 |     296,753,933
06-23(화) | -    |               - |     311,345,669 |     305,118,756
06-24(수) | -    |               - |     264,691,684 |     259,397,850
06-25(목) | -    |               - |     275,622,014 |     270,109,573
06-26(금) | -    |               - |     276,620,239 |     271,087,834
06-27(토) | -    |               - |     344,053,151 |     337,172,088
06-28(일) | -    |               - |     252,163,517 |     247,120,246
06-29(월) | -    |               - |     218,474,280 |     214,104,794
06-30(화) | -    |               - |     262,702,585 |     257,448,534
```

메시지 전송 성공: spaces/AAQA8O4oUkw/messages/SVHoIHUCRk4.SVHoIHUCRk4

-------------------
2026-06-18 10:01:45 [INFO] 금일 배치 작업이 모두 정상 종료되었습니다. 성공 마커 파일을 기록합니다.
2026-06-18 10:01:45 [INFO] Removed old marker file: .daily_success_20260616
2026-06-18 10:01:45 [INFO] ================ Daily Batch Run Completed ================

2026-06-18 10:00:05 [INFO] ================ Daily Batch Run Attempt (2026-06-18 10:00:05) ================
2026-06-18 10:00:05 [INFO] 필수 데이터 검사 범위: 2026-06-01 ~ 2026-06-17
2026-06-18 10:00:05 [INFO] 누락 데이터 존재 감지: ['2026-06-16', '2026-06-17']
2026-06-18 10:00:05 [INFO] 누락 날짜 데이터 강제 추출 시도: 2026-06-16
2026-06-18 10:00:05 [INFO] Starting execution of: extract_rich_orders_daily.py 2026-06-16 2026-06-16
2026-06-18 10:00:24 [INFO] 
--- extract_rich_orders_daily.py STDOUT ---
총 1일 치 데이터 추출을 시작합니다.
저장 기본 경로: /Users/galaxy/Google Drive/공유 드라이브/gbike.rich_orders
[2026-06-16] 데이터 추출 중...
[2026-06-16] 성공적으로 저장되었습니다. (건수: 215,549, 소요시간: 17.84초)

-------------------
2026-06-18 10:00:24 [INFO] 누락 날짜 데이터 강제 추출 시도: 2026-06-17
2026-06-18 10:00:24 [INFO] Starting execution of: extract_rich_orders_daily.py 2026-06-17 2026-06-17
2026-06-18 10:01:15 [INFO] 
--- extract_rich_orders_daily.py STDOUT ---
총 1일 치 데이터 추출을 시작합니다.
저장 기본 경로: /Users/galaxy/Google Drive/공유 드라이브/gbike.rich_orders
[2026-06-17] 데이터 추출 중...
[2026-06-17] 성공적으로 저장되었습니다. (건수: 215,085, 소요시간: 49.77초)

-------------------
2026-06-18 10:01:15 [INFO] Starting execution of: send_weekly_report.py 
2026-06-18 10:01:45 [INFO] 
--- send_weekly_report.py STDOUT ---
[2026-06-01 ~ 2026-06-17] 데이터를 로드합니다...
월말 최종 마감 예상 매출(예측 MTD) 계산 시작...
생성된 메시지:
📊 *gbike 실적 리포트*

▶️ *이번 달 누적 (MTD: 2026-06-01 ~ 2026-06-17)*
- 총 실매출(only 트립매출): 5,246,322,887원
- 이번 달 최종 마감 예측 매출: 8,856,759,642원 (모델 소요시간: 18.6초)
- 이번 달 경영 목표 매출: 8,978,703,709원
- (경영목표 대비 98.6% 달성 예상입니다.)
- 총 트립 수: 3,466,566건
- 이용 유저 수: 684,512명

▶️ *최근 7일 요약 (2026-06-11 ~ 2026-06-17)*
- 총 실매출(only 트립매출): 2,216,375,960원 (WoW +5.2%)
- 총 트립 수: 1,471,637건
- 이용 유저 수: 451,514명

▶️ *최근 14일 일별 상세*
```
일자       | 날씨 |     트립수 |    운행기기 |   only 트립매출(원) |        예상매출(원)
------------------------------------------------------------------------------
06-04(목) | 비    |  185,263 |   70,048 |     270,422,430 |     262,888,854
06-05(금) | -    |  215,138 |   74,169 |     326,460,617 |     318,264,446
06-06(토) | -    |  205,125 |   71,809 |     335,705,664 |     336,495,468
06-07(일) | -    |  182,500 |   67,515 |     299,669,481 |     292,192,026
06-08(월) | -    |  191,234 |   69,681 |     280,365,120 |     287,709,610
06-09(화) | -    |  199,916 |   71,688 |     288,776,211 |     312,067,675
06-10(수) | -    |  209,597 |   73,475 |     304,496,975 |     300,926,076
06-11(목) | -    |  209,176 |   73,623 |     304,402,860 |     306,338,155
06-12(금) | -    |  225,896 |   75,856 |     340,418,122 |     350,027,682
06-13(토) | -    |  220,141 |   74,717 |     356,708,837 |     364,389,757
06-14(일) | -    |  179,727 |   67,687 |     289,268,285 |     291,358,814
06-15(월) | -    |  206,063 |   72,843 |     300,786,827 |     298,563,163
06-16(화) | -    |  215,549 |   74,346 |     312,520,580 |     315,987,780
06-17(수) | -    |  215,085 |   74,347 |     312,270,447 |     328,882,094
```

▶️ *이번달 일별 상세 (예상)*
```
일자       | 날씨 |          실매출(원) |         예상매출(원) |        보수적예상(원)
--------------------------------------------------------------------
06-01(월) | -    |     288,747,891 |     308,268,176 |     302,102,813
06-02(화) | -    |     301,957,680 |     312,481,978 |     306,232,338
06-03(수) | -    |     333,344,852 |     328,999,298 |     322,419,312
06-04(목) | 비    |     270,422,430 |     262,888,854 |     257,631,077
06-05(금) | -    |     326,460,617 |     318,264,446 |     311,899,157
06-06(토) | -    |     335,705,664 |     336,495,468 |     329,765,558
06-07(일) | -    |     299,669,481 |     292,192,026 |     286,348,186
06-08(월) | -    |     280,365,120 |     287,709,610 |     281,955,417
06-09(화) | -    |     288,776,211 |     312,067,675 |     305,826,322
06-10(수) | -    |     304,496,975 |     300,926,076 |     294,907,555
06-11(목) | -    |     304,402,860 |     306,338,155 |     300,211,391
06-12(금) | -    |     340,418,122 |     350,027,682 |     343,027,128
06-13(토) | -    |     356,708,837 |     364,389,757 |     357,101,962
06-14(일) | -    |     289,268,285 |     291,358,814 |     285,531,638
06-15(월) | -    |     300,786,827 |     298,563,163 |     292,591,900
06-16(화) | -    |     312,520,580 |     315,987,780 |     309,668,025
06-17(수) | -    |     312,270,447 |     328,882,094 |     322,304,452
06-18(목) | -    |               - |     292,041,700 |     286,200,866
06-19(금) | -    |               - |     305,939,098 |     299,820,316
06-20(토) | 비    |               - |     194,937,438 |     191,038,690
06-21(일) | -    |               - |     309,035,238 |     302,854,533
06-22(월) | -    |               - |     302,810,136 |     296,753,933
06-23(화) | -    |               - |     311,345,669 |     305,118,756
06-24(수) | -    |               - |     264,691,684 |     259,397,850
06-25(목) | -    |               - |     275,622,014 |     270,109,573
06-26(금) | -    |               - |     276,620,239 |     271,087,834
06-27(토) | -    |               - |     344,053,151 |     337,172,088
06-28(일) | -    |               - |     252,163,517 |     247,120,246
06-29(월) | -    |               - |     218,474,280 |     214,104,794
06-30(화) | -    |               - |     262,702,585 |     257,448,534
```

메시지 전송 성공: spaces/AAQA8O4oUkw/messages/SVHoIHUCRk4.SVHoIHUCRk4

-------------------
2026-06-18 10:01:45 [INFO] 금일 배치 작업이 모두 정상 종료되었습니다. 성공 마커 파일을 기록합니다.
2026-06-18 10:01:45 [INFO] Removed old marker file: .daily_success_20260616
2026-06-18 10:01:45 [INFO] ================ Daily Batch Run Completed ================

2026-06-18 10:01:45 [INFO] run_daily_batch.py completed successfully.
2026-06-18 10:01:45 [INFO] ================ Daily Cron Batch End ================
2026-06-19 10:10:54 [INFO] ================ Daily Cron Batch Start ================
2026-06-19 10:10:54 [INFO] Virtual environment activated.
2026-06-19 10:10:54 [INFO] Running run_daily_batch.py...
2026-06-19 10:10:55 [INFO] ================ Daily Batch Run Attempt (2026-06-19 10:10:55) ================
2026-06-19 10:10:55 [INFO] 필수 데이터 검사 범위: 2026-06-01 ~ 2026-06-18
2026-06-19 10:10:55 [INFO] 누락 데이터 존재 감지: ['2026-06-18']
2026-06-19 10:10:55 [INFO] 누락 날짜 데이터 강제 추출 시도: 2026-06-18
2026-06-19 10:10:55 [INFO] Starting execution of: extract_rich_orders_daily.py 2026-06-18 2026-06-18
2026-06-19 10:11:06 [ERROR] Error running extract_rich_orders_daily.py (Exit code: 1)
2026-06-19 10:11:06 [ERROR] STDOUT:
총 1일 치 데이터 추출을 시작합니다.
저장 기본 경로: /Users/galaxy/Google Drive/공유 드라이브/gbike.rich_orders
[2026-06-18] 데이터 추출 중...
Error extracting data for 2026-06-18: (pymysql.err.OperationalError) (2003, "Can't connect to MySQL server on 'live.st.rds.gbility.io' (timed out)")
(Background on this error at: https://sqlalche.me/e/20/e3q8)
[2026-06-18] 추출 실패. 다음 날짜로 넘어갑니다.
경고: 하나 이상의 날짜 추출 또는 저장에 실패했습니다.

2026-06-19 10:11:06 [ERROR] 2026-06-18 데이터 추출 단계에서 오류가 발생하여 배치 실행을 중단합니다.
2026-06-19 10:11:06 [INFO] ================ Daily Batch Run Failed ================

2026-06-19 10:10:55 [INFO] ================ Daily Batch Run Attempt (2026-06-19 10:10:55) ================
2026-06-19 10:10:55 [INFO] 필수 데이터 검사 범위: 2026-06-01 ~ 2026-06-18
2026-06-19 10:10:55 [INFO] 누락 데이터 존재 감지: ['2026-06-18']
2026-06-19 10:10:55 [INFO] 누락 날짜 데이터 강제 추출 시도: 2026-06-18
2026-06-19 10:10:55 [INFO] Starting execution of: extract_rich_orders_daily.py 2026-06-18 2026-06-18
2026-06-19 10:11:06 [ERROR] Error running extract_rich_orders_daily.py (Exit code: 1)
2026-06-19 10:11:06 [ERROR] STDOUT:
총 1일 치 데이터 추출을 시작합니다.
저장 기본 경로: /Users/galaxy/Google Drive/공유 드라이브/gbike.rich_orders
[2026-06-18] 데이터 추출 중...
Error extracting data for 2026-06-18: (pymysql.err.OperationalError) (2003, "Can't connect to MySQL server on 'live.st.rds.gbility.io' (timed out)")
(Background on this error at: https://sqlalche.me/e/20/e3q8)
[2026-06-18] 추출 실패. 다음 날짜로 넘어갑니다.
경고: 하나 이상의 날짜 추출 또는 저장에 실패했습니다.

2026-06-19 10:11:06 [ERROR] 2026-06-18 데이터 추출 단계에서 오류가 발생하여 배치 실행을 중단합니다.
2026-06-19 10:11:06 [INFO] ================ Daily Batch Run Failed ================

2026-06-19 10:11:06 [ERROR] run_daily_batch.py failed with exit code 1
2026-06-19 10:19:37 [INFO] ================ Daily Cron Batch Start ================
2026-06-19 10:19:37 [INFO] Virtual environment activated.
2026-06-19 10:19:37 [INFO] Running run_daily_batch.py...
2026-06-19 10:19:37 [INFO] ================ Daily Batch Run Attempt (2026-06-19 10:19:37) ================
2026-06-19 10:19:37 [INFO] 필수 데이터 검사 범위: 2026-06-01 ~ 2026-06-18
2026-06-19 10:19:37 [INFO] 누락 데이터 존재 감지: ['2026-06-18']
2026-06-19 10:19:37 [INFO] 누락 날짜 데이터 강제 추출 시도: 2026-06-18
2026-06-19 10:19:37 [INFO] Starting execution of: extract_rich_orders_daily.py 2026-06-18 2026-06-18
2026-06-19 10:19:56 [INFO] 
--- extract_rich_orders_daily.py STDOUT ---
총 1일 치 데이터 추출을 시작합니다.
저장 기본 경로: /Users/galaxy/Google Drive/공유 드라이브/gbike.rich_orders
[2026-06-18] 데이터 추출 중...
[2026-06-18] 성공적으로 저장되었습니다. (건수: 222,331, 소요시간: 18.28초)

-------------------
2026-06-19 10:19:56 [INFO] Starting execution of: send_weekly_report.py 
2026-06-19 10:20:21 [INFO] 
--- send_weekly_report.py STDOUT ---
[2026-06-01 ~ 2026-06-18] 데이터를 로드합니다...
월말 최종 마감 예상 매출(예측 MTD) 계산 시작...
생성된 메시지:
📊 *gbike 실적 리포트*

▶️ *이번 달 누적 (MTD: 2026-06-01 ~ 2026-06-18)*
- 총 실매출(only 트립매출): 5,570,137,889원
- 이번 달 최종 마감 예측 매출: 9,215,573,367원 (모델 소요시간: 15.0초)
- 이번 달 경영 목표 매출: 8,978,703,709원
- (경영목표 대비 102.6% 달성 예상입니다.)
- 총 트립 수: 3,688,897건
- 이용 유저 수: 703,831명

▶️ *최근 7일 요약 (2026-06-12 ~ 2026-06-18)*
- 총 실매출(only 트립매출): 2,235,788,102원 (WoW +4.5%)
- 총 트립 수: 1,484,792건
- 이용 유저 수: 454,392명

▶️ *최근 14일 일별 상세*
```
일자       | 날씨 |     트립수 |    운행기기 |   only 트립매출(원) |        예상매출(원)
------------------------------------------------------------------------------
06-05(금) | -    |  215,138 |   74,169 |     326,460,617 |     324,305,353
06-06(토) | -    |  205,125 |   71,809 |     335,705,664 |     340,122,109
06-07(일) | -    |  182,500 |   67,515 |     299,669,481 |     289,115,814
06-08(월) | -    |  191,234 |   69,681 |     280,365,120 |     289,063,842
06-09(화) | -    |  199,916 |   71,688 |     288,776,211 |     311,523,012
06-10(수) | -    |  209,597 |   73,475 |     304,496,975 |     300,866,538
06-11(목) | -    |  209,176 |   73,623 |     304,402,860 |     309,581,658
06-12(금) | -    |  225,896 |   75,856 |     340,418,122 |     352,268,903
06-13(토) | -    |  220,141 |   74,717 |     356,708,837 |     365,072,749
06-14(일) | -    |  179,727 |   67,687 |     289,268,285 |     289,416,791
06-15(월) | -    |  206,063 |   72,843 |     300,786,827 |     301,449,158
06-16(화) | -    |  215,549 |   74,346 |     312,520,580 |     320,607,777
06-17(수) | -    |  215,085 |   74,347 |     312,270,447 |     325,568,276
06-18(목) | -    |  222,331 |   75,438 |     323,815,001 |     328,276,645
```

▶️ *이번달 일별 상세 (예상)*
```
일자       | 날씨 |          실매출(원) |         예상매출(원) |        보수적예상(원)
--------------------------------------------------------------------
06-01(월) | -    |     288,747,891 |     307,180,500 |     301,036,890
06-02(화) | -    |     301,957,680 |     310,505,121 |     304,295,018
06-03(수) | -    |     333,344,852 |     332,410,423 |     325,762,214
06-04(목) | -    |     270,422,430 |     256,599,544 |     251,467,553
06-05(금) | -    |     326,460,617 |     324,305,353 |     317,819,246
06-06(토) | -    |     335,705,664 |     340,122,109 |     333,319,667
06-07(일) | -    |     299,669,481 |     289,115,814 |     283,333,498
06-08(월) | -    |     280,365,120 |     289,063,842 |     283,282,565
06-09(화) | -    |     288,776,211 |     311,523,012 |     305,292,551
06-10(수) | -    |     304,496,975 |     300,866,538 |     294,849,207
06-11(목) | -    |     304,402,860 |     309,581,658 |     303,390,025
06-12(금) | -    |     340,418,122 |     352,268,903 |     345,223,524
06-13(토) | -    |     356,708,837 |     365,072,749 |     357,771,294
06-14(일) | -    |     289,268,285 |     289,416,791 |     283,628,455
06-15(월) | -    |     300,786,827 |     301,449,158 |     295,420,174
06-16(화) | -    |     312,520,580 |     320,607,777 |     314,195,621
06-17(수) | -    |     312,270,447 |     325,568,276 |     319,056,910
06-18(목) | -    |     323,815,001 |     328,276,645 |     321,711,112
06-19(금) | -    |               - |     343,592,284 |     336,720,438
06-20(토) | 비    |               - |     188,594,583 |     184,822,691
06-21(일) | -    |               - |     318,844,687 |     312,467,794
06-22(월) | -    |               - |     307,873,200 |     301,715,736
06-23(화) | -    |               - |     300,859,097 |     294,841,915
06-24(수) | -    |               - |     318,577,036 |     312,205,495
06-25(목) | -    |               - |     301,284,889 |     295,259,192
06-26(금) | -    |               - |     311,636,373 |     305,403,646
06-27(토) | -    |               - |     345,260,401 |     338,355,193
06-28(일) | -    |               - |     315,013,858 |     308,713,580
06-29(월) | -    |               - |     301,575,526 |     295,544,015
06-30(화) | -    |               - |     292,323,539 |     286,477,068
```

메시지 전송 성공: spaces/AAQA8O4oUkw/messages/Eni9u6dZIlY.Eni9u6dZIlY

-------------------
2026-06-19 10:20:21 [INFO] 금일 배치 작업이 모두 정상 종료되었습니다. 성공 마커 파일을 기록합니다.
2026-06-19 10:20:21 [INFO] Removed old marker file: .daily_success_20260618
2026-06-19 10:20:21 [INFO] ================ Daily Batch Run Completed ================

2026-06-19 10:19:37 [INFO] ================ Daily Batch Run Attempt (2026-06-19 10:19:37) ================
2026-06-19 10:19:37 [INFO] 필수 데이터 검사 범위: 2026-06-01 ~ 2026-06-18
2026-06-19 10:19:37 [INFO] 누락 데이터 존재 감지: ['2026-06-18']
2026-06-19 10:19:37 [INFO] 누락 날짜 데이터 강제 추출 시도: 2026-06-18
2026-06-19 10:19:37 [INFO] Starting execution of: extract_rich_orders_daily.py 2026-06-18 2026-06-18
2026-06-19 10:19:56 [INFO] 
--- extract_rich_orders_daily.py STDOUT ---
총 1일 치 데이터 추출을 시작합니다.
저장 기본 경로: /Users/galaxy/Google Drive/공유 드라이브/gbike.rich_orders
[2026-06-18] 데이터 추출 중...
[2026-06-18] 성공적으로 저장되었습니다. (건수: 222,331, 소요시간: 18.28초)

-------------------
2026-06-19 10:19:56 [INFO] Starting execution of: send_weekly_report.py 
2026-06-19 10:20:21 [INFO] 
--- send_weekly_report.py STDOUT ---
[2026-06-01 ~ 2026-06-18] 데이터를 로드합니다...
월말 최종 마감 예상 매출(예측 MTD) 계산 시작...
생성된 메시지:
📊 *gbike 실적 리포트*

▶️ *이번 달 누적 (MTD: 2026-06-01 ~ 2026-06-18)*
- 총 실매출(only 트립매출): 5,570,137,889원
- 이번 달 최종 마감 예측 매출: 9,215,573,367원 (모델 소요시간: 15.0초)
- 이번 달 경영 목표 매출: 8,978,703,709원
- (경영목표 대비 102.6% 달성 예상입니다.)
- 총 트립 수: 3,688,897건
- 이용 유저 수: 703,831명

▶️ *최근 7일 요약 (2026-06-12 ~ 2026-06-18)*
- 총 실매출(only 트립매출): 2,235,788,102원 (WoW +4.5%)
- 총 트립 수: 1,484,792건
- 이용 유저 수: 454,392명

▶️ *최근 14일 일별 상세*
```
일자       | 날씨 |     트립수 |    운행기기 |   only 트립매출(원) |        예상매출(원)
------------------------------------------------------------------------------
06-05(금) | -    |  215,138 |   74,169 |     326,460,617 |     324,305,353
06-06(토) | -    |  205,125 |   71,809 |     335,705,664 |     340,122,109
06-07(일) | -    |  182,500 |   67,515 |     299,669,481 |     289,115,814
06-08(월) | -    |  191,234 |   69,681 |     280,365,120 |     289,063,842
06-09(화) | -    |  199,916 |   71,688 |     288,776,211 |     311,523,012
06-10(수) | -    |  209,597 |   73,475 |     304,496,975 |     300,866,538
06-11(목) | -    |  209,176 |   73,623 |     304,402,860 |     309,581,658
06-12(금) | -    |  225,896 |   75,856 |     340,418,122 |     352,268,903
06-13(토) | -    |  220,141 |   74,717 |     356,708,837 |     365,072,749
06-14(일) | -    |  179,727 |   67,687 |     289,268,285 |     289,416,791
06-15(월) | -    |  206,063 |   72,843 |     300,786,827 |     301,449,158
06-16(화) | -    |  215,549 |   74,346 |     312,520,580 |     320,607,777
06-17(수) | -    |  215,085 |   74,347 |     312,270,447 |     325,568,276
06-18(목) | -    |  222,331 |   75,438 |     323,815,001 |     328,276,645
```

▶️ *이번달 일별 상세 (예상)*
```
일자       | 날씨 |          실매출(원) |         예상매출(원) |        보수적예상(원)
--------------------------------------------------------------------
06-01(월) | -    |     288,747,891 |     307,180,500 |     301,036,890
06-02(화) | -    |     301,957,680 |     310,505,121 |     304,295,018
06-03(수) | -    |     333,344,852 |     332,410,423 |     325,762,214
06-04(목) | -    |     270,422,430 |     256,599,544 |     251,467,553
06-05(금) | -    |     326,460,617 |     324,305,353 |     317,819,246
06-06(토) | -    |     335,705,664 |     340,122,109 |     333,319,667
06-07(일) | -    |     299,669,481 |     289,115,814 |     283,333,498
06-08(월) | -    |     280,365,120 |     289,063,842 |     283,282,565
06-09(화) | -    |     288,776,211 |     311,523,012 |     305,292,551
06-10(수) | -    |     304,496,975 |     300,866,538 |     294,849,207
06-11(목) | -    |     304,402,860 |     309,581,658 |     303,390,025
06-12(금) | -    |     340,418,122 |     352,268,903 |     345,223,524
06-13(토) | -    |     356,708,837 |     365,072,749 |     357,771,294
06-14(일) | -    |     289,268,285 |     289,416,791 |     283,628,455
06-15(월) | -    |     300,786,827 |     301,449,158 |     295,420,174
06-16(화) | -    |     312,520,580 |     320,607,777 |     314,195,621
06-17(수) | -    |     312,270,447 |     325,568,276 |     319,056,910
06-18(목) | -    |     323,815,001 |     328,276,645 |     321,711,112
06-19(금) | -    |               - |     343,592,284 |     336,720,438
06-20(토) | 비    |               - |     188,594,583 |     184,822,691
06-21(일) | -    |               - |     318,844,687 |     312,467,794
06-22(월) | -    |               - |     307,873,200 |     301,715,736
06-23(화) | -    |               - |     300,859,097 |     294,841,915
06-24(수) | -    |               - |     318,577,036 |     312,205,495
06-25(목) | -    |               - |     301,284,889 |     295,259,192
06-26(금) | -    |               - |     311,636,373 |     305,403,646
06-27(토) | -    |               - |     345,260,401 |     338,355,193
06-28(일) | -    |               - |     315,013,858 |     308,713,580
06-29(월) | -    |               - |     301,575,526 |     295,544,015
06-30(화) | -    |               - |     292,323,539 |     286,477,068
```

메시지 전송 성공: spaces/AAQA8O4oUkw/messages/Eni9u6dZIlY.Eni9u6dZIlY

-------------------
2026-06-19 10:20:21 [INFO] 금일 배치 작업이 모두 정상 종료되었습니다. 성공 마커 파일을 기록합니다.
2026-06-19 10:20:21 [INFO] Removed old marker file: .daily_success_20260618
2026-06-19 10:20:21 [INFO] ================ Daily Batch Run Completed ================

2026-06-19 10:20:21 [INFO] run_daily_batch.py completed successfully.
2026-06-19 10:20:21 [INFO] ================ Daily Cron Batch End ================
2026-06-20 10:13:08 [INFO] ================ Daily Cron Batch Start ================
2026-06-20 10:13:08 [INFO] Virtual environment activated.
2026-06-20 10:13:08 [INFO] Running run_daily_batch.py...
2026-06-20 10:13:08 [INFO] ================ Daily Batch Run Attempt (2026-06-20 10:13:08) ================
2026-06-20 10:13:08 [INFO] 필수 데이터 검사 범위: 2026-06-01 ~ 2026-06-19
2026-06-20 10:13:08 [INFO] 누락 데이터 존재 감지: ['2026-06-19']
2026-06-20 10:13:08 [INFO] 누락 날짜 데이터 강제 추출 시도: 2026-06-19
2026-06-20 10:13:08 [INFO] Starting execution of: extract_rich_orders_daily.py 2026-06-19 2026-06-19
2026-06-20 10:23:16 [ERROR] Error running extract_rich_orders_daily.py (Exit code: 1)
2026-06-20 10:23:16 [ERROR] STDOUT:
총 1일 치 데이터 추출을 시작합니다.
저장 기본 경로: /Users/galaxy/Google Drive/공유 드라이브/gbike.rich_orders
[2026-06-19] 데이터 추출 중...
Error extracting data for 2026-06-19: (pymysql.err.OperationalError) (2003, "Can't connect to MySQL server on 'live.st.rds.gbility.io' (timed out)")
(Background on this error at: https://sqlalche.me/e/20/e3q8)
[2026-06-19] 추출 실패. 다음 날짜로 넘어갑니다.
경고: 하나 이상의 날짜 추출 또는 저장에 실패했습니다.

2026-06-20 10:23:16 [ERROR] 2026-06-19 데이터 추출 단계에서 오류가 발생하여 배치 실행을 중단합니다.
2026-06-20 10:23:16 [INFO] ================ Daily Batch Run Failed ================

2026-06-20 10:13:08 [INFO] ================ Daily Batch Run Attempt (2026-06-20 10:13:08) ================
2026-06-20 10:13:08 [INFO] 필수 데이터 검사 범위: 2026-06-01 ~ 2026-06-19
2026-06-20 10:13:08 [INFO] 누락 데이터 존재 감지: ['2026-06-19']
2026-06-20 10:13:08 [INFO] 누락 날짜 데이터 강제 추출 시도: 2026-06-19
2026-06-20 10:13:08 [INFO] Starting execution of: extract_rich_orders_daily.py 2026-06-19 2026-06-19
2026-06-20 10:23:16 [ERROR] Error running extract_rich_orders_daily.py (Exit code: 1)
2026-06-20 10:23:16 [ERROR] STDOUT:
총 1일 치 데이터 추출을 시작합니다.
저장 기본 경로: /Users/galaxy/Google Drive/공유 드라이브/gbike.rich_orders
[2026-06-19] 데이터 추출 중...
Error extracting data for 2026-06-19: (pymysql.err.OperationalError) (2003, "Can't connect to MySQL server on 'live.st.rds.gbility.io' (timed out)")
(Background on this error at: https://sqlalche.me/e/20/e3q8)
[2026-06-19] 추출 실패. 다음 날짜로 넘어갑니다.
경고: 하나 이상의 날짜 추출 또는 저장에 실패했습니다.

2026-06-20 10:23:16 [ERROR] 2026-06-19 데이터 추출 단계에서 오류가 발생하여 배치 실행을 중단합니다.
2026-06-20 10:23:16 [INFO] ================ Daily Batch Run Failed ================

2026-06-20 10:23:16 [ERROR] run_daily_batch.py failed with exit code 1
2026-06-20 15:14:25 [INFO] ================ Daily Cron Batch Start ================
2026-06-20 15:14:25 [INFO] Virtual environment activated.
2026-06-20 15:14:25 [INFO] Running run_daily_batch.py...
2026-06-20 15:14:25 [INFO] ================ Daily Batch Run Attempt (2026-06-20 15:14:25) ================
2026-06-20 15:14:25 [INFO] 필수 데이터 검사 범위: 2026-06-01 ~ 2026-06-19
2026-06-20 15:14:25 [INFO] 누락 데이터 존재 감지: ['2026-06-19']
2026-06-20 15:14:25 [INFO] 누락 날짜 데이터 강제 추출 시도: 2026-06-19
2026-06-20 15:14:25 [INFO] Starting execution of: extract_rich_orders_daily.py 2026-06-19 2026-06-19
2026-06-20 15:15:00 [INFO] 
--- extract_rich_orders_daily.py STDOUT ---
총 1일 치 데이터 추출을 시작합니다.
저장 기본 경로: /Users/galaxy/Google Drive/공유 드라이브/gbike.rich_orders
[2026-06-19] 데이터 추출 중...
[2026-06-19] 성공적으로 저장되었습니다. (건수: 180,288, 소요시간: 33.84초)

-------------------
2026-06-20 15:15:00 [INFO] Starting execution of: send_weekly_report.py 
2026-06-20 15:15:31 [INFO] 
--- send_weekly_report.py STDOUT ---
[2026-06-01 ~ 2026-06-19] 데이터를 로드합니다...
월말 최종 마감 예상 매출(예측 MTD) 계산 시작...
생성된 메시지:
📊 *gbike 실적 리포트*

▶️ *이번 달 누적 (MTD: 2026-06-01 ~ 2026-06-19)*
- 총 실매출(only 트립매출): 5,836,881,293원
- 이번 달 최종 마감 예측 매출: 9,124,545,039원 (모델 소요시간: 19.2초)
- 이번 달 경영 목표 매출: 8,978,703,709원
- (경영목표 대비 101.6% 달성 예상입니다.)
- 총 트립 수: 3,869,185건
- 이용 유저 수: 719,851명

▶️ *최근 7일 요약 (2026-06-13 ~ 2026-06-19)*
- 총 실매출(only 트립매출): 2,162,113,384원 (WoW +0.4%)
- 총 트립 수: 1,439,184건
- 이용 유저 수: 446,555명

▶️ *최근 14일 일별 상세*
```
일자       | 날씨 |     트립수 |    운행기기 |   only 트립매출(원) |        예상매출(원)
------------------------------------------------------------------------------
06-06(토) | -    |  205,125 |   71,809 |     335,705,664 |     340,726,790
06-07(일) | -    |  182,500 |   67,515 |     299,669,481 |     287,756,944
06-08(월) | -    |  191,234 |   69,681 |     280,365,120 |     288,856,886
06-09(화) | -    |  199,916 |   71,688 |     288,776,211 |     314,851,628
06-10(수) | -    |  209,597 |   73,475 |     304,496,975 |     297,634,469
06-11(목) | -    |  209,176 |   73,623 |     304,402,860 |     307,565,201
06-12(금) | -    |  225,896 |   75,856 |     340,418,122 |     350,304,536
06-13(토) | -    |  220,141 |   74,717 |     356,708,837 |     363,665,605
06-14(일) | -    |  179,727 |   67,687 |     289,268,285 |     290,411,424
06-15(월) | -    |  206,063 |   72,843 |     300,786,827 |     302,751,836
06-16(화) | -    |  215,549 |   74,346 |     312,520,580 |     316,197,174
06-17(수) | -    |  215,085 |   74,347 |     312,270,447 |     325,230,341
06-18(목) | -    |  222,331 |   75,438 |     323,815,001 |     325,398,821
06-19(금) | -    |  180,288 |   69,283 |     266,743,404 |     288,076,793
```

▶️ *이번달 일별 상세 (예상)*
```
일자       | 날씨 |          실매출(원) |         예상매출(원) |        보수적예상(원)
--------------------------------------------------------------------
06-01(월) | -    |     288,747,891 |     307,185,939 |     301,042,220
06-02(화) | -    |     301,957,680 |     311,287,654 |     305,061,901
06-03(수) | -    |     333,344,852 |     329,533,371 |     322,942,704
06-04(목) | -    |     270,422,430 |     258,918,275 |     253,739,910
06-05(금) | -    |     326,460,617 |     320,964,471 |     314,545,181
06-06(토) | -    |     335,705,664 |     340,726,790 |     333,912,254
06-07(일) | -    |     299,669,481 |     287,756,944 |     282,001,805
06-08(월) | -    |     280,365,120 |     288,856,886 |     283,079,748
06-09(화) | -    |     288,776,211 |     314,851,628 |     308,554,596
06-10(수) | -    |     304,496,975 |     297,634,469 |     291,681,779
06-11(목) | -    |     304,402,860 |     307,565,201 |     301,413,897
06-12(금) | -    |     340,418,122 |     350,304,536 |     343,298,445
06-13(토) | -    |     356,708,837 |     363,665,605 |     356,392,293
06-14(일) | -    |     289,268,285 |     290,411,424 |     284,603,196
06-15(월) | -    |     300,786,827 |     302,751,836 |     296,696,799
06-16(화) | -    |     312,520,580 |     316,197,174 |     309,873,231
06-17(수) | -    |     312,270,447 |     325,230,341 |     318,725,734
06-18(목) | -    |     323,815,001 |     325,398,821 |     318,890,844
06-19(금) | -    |     266,743,404 |     288,076,793 |     282,315,257
06-20(토) | 비    |               - |     191,777,231 |     187,941,686
06-21(일) | -    |               - |     324,206,948 |     317,722,809
06-22(월) | -    |               - |     306,063,316 |     299,942,050
06-23(화) | -    |               - |     310,191,065 |     303,987,243
06-24(수) | -    |               - |     322,447,966 |     315,999,007
06-25(목) | -    |               - |     277,455,059 |     271,905,958
06-26(금) | -    |               - |     327,749,479 |     321,194,489
06-27(토) | -    |               - |     332,648,263 |     325,995,297
06-28(일) | -    |               - |     315,013,247 |     308,712,983
06-29(월) | -    |               - |     299,818,468 |     293,822,099
06-30(화) | -    |               - |     280,292,699 |     274,686,845
```

메시지 전송 성공: spaces/AAQA8O4oUkw/messages/DVk5q2TOAEg.DVk5q2TOAEg

-------------------
2026-06-20 15:15:31 [INFO] 금일 배치 작업이 모두 정상 종료되었습니다. 성공 마커 파일을 기록합니다.
2026-06-20 15:15:31 [INFO] Removed old marker file: .daily_success_20260619
2026-06-20 15:15:31 [INFO] ================ Daily Batch Run Completed ================

2026-06-20 15:14:25 [INFO] ================ Daily Batch Run Attempt (2026-06-20 15:14:25) ================
2026-06-20 15:14:25 [INFO] 필수 데이터 검사 범위: 2026-06-01 ~ 2026-06-19
2026-06-20 15:14:25 [INFO] 누락 데이터 존재 감지: ['2026-06-19']
2026-06-20 15:14:25 [INFO] 누락 날짜 데이터 강제 추출 시도: 2026-06-19
2026-06-20 15:14:25 [INFO] Starting execution of: extract_rich_orders_daily.py 2026-06-19 2026-06-19
2026-06-20 15:15:00 [INFO] 
--- extract_rich_orders_daily.py STDOUT ---
총 1일 치 데이터 추출을 시작합니다.
저장 기본 경로: /Users/galaxy/Google Drive/공유 드라이브/gbike.rich_orders
[2026-06-19] 데이터 추출 중...
[2026-06-19] 성공적으로 저장되었습니다. (건수: 180,288, 소요시간: 33.84초)

-------------------
2026-06-20 15:15:00 [INFO] Starting execution of: send_weekly_report.py 
2026-06-20 15:15:31 [INFO] 
--- send_weekly_report.py STDOUT ---
[2026-06-01 ~ 2026-06-19] 데이터를 로드합니다...
월말 최종 마감 예상 매출(예측 MTD) 계산 시작...
생성된 메시지:
📊 *gbike 실적 리포트*

▶️ *이번 달 누적 (MTD: 2026-06-01 ~ 2026-06-19)*
- 총 실매출(only 트립매출): 5,836,881,293원
- 이번 달 최종 마감 예측 매출: 9,124,545,039원 (모델 소요시간: 19.2초)
- 이번 달 경영 목표 매출: 8,978,703,709원
- (경영목표 대비 101.6% 달성 예상입니다.)
- 총 트립 수: 3,869,185건
- 이용 유저 수: 719,851명

▶️ *최근 7일 요약 (2026-06-13 ~ 2026-06-19)*
- 총 실매출(only 트립매출): 2,162,113,384원 (WoW +0.4%)
- 총 트립 수: 1,439,184건
- 이용 유저 수: 446,555명

▶️ *최근 14일 일별 상세*
```
일자       | 날씨 |     트립수 |    운행기기 |   only 트립매출(원) |        예상매출(원)
------------------------------------------------------------------------------
06-06(토) | -    |  205,125 |   71,809 |     335,705,664 |     340,726,790
06-07(일) | -    |  182,500 |   67,515 |     299,669,481 |     287,756,944
06-08(월) | -    |  191,234 |   69,681 |     280,365,120 |     288,856,886
06-09(화) | -    |  199,916 |   71,688 |     288,776,211 |     314,851,628
06-10(수) | -    |  209,597 |   73,475 |     304,496,975 |     297,634,469
06-11(목) | -    |  209,176 |   73,623 |     304,402,860 |     307,565,201
06-12(금) | -    |  225,896 |   75,856 |     340,418,122 |     350,304,536
06-13(토) | -    |  220,141 |   74,717 |     356,708,837 |     363,665,605
06-14(일) | -    |  179,727 |   67,687 |     289,268,285 |     290,411,424
06-15(월) | -    |  206,063 |   72,843 |     300,786,827 |     302,751,836
06-16(화) | -    |  215,549 |   74,346 |     312,520,580 |     316,197,174
06-17(수) | -    |  215,085 |   74,347 |     312,270,447 |     325,230,341
06-18(목) | -    |  222,331 |   75,438 |     323,815,001 |     325,398,821
06-19(금) | -    |  180,288 |   69,283 |     266,743,404 |     288,076,793
```

▶️ *이번달 일별 상세 (예상)*
```
일자       | 날씨 |          실매출(원) |         예상매출(원) |        보수적예상(원)
--------------------------------------------------------------------
06-01(월) | -    |     288,747,891 |     307,185,939 |     301,042,220
06-02(화) | -    |     301,957,680 |     311,287,654 |     305,061,901
06-03(수) | -    |     333,344,852 |     329,533,371 |     322,942,704
06-04(목) | -    |     270,422,430 |     258,918,275 |     253,739,910
06-05(금) | -    |     326,460,617 |     320,964,471 |     314,545,181
06-06(토) | -    |     335,705,664 |     340,726,790 |     333,912,254
06-07(일) | -    |     299,669,481 |     287,756,944 |     282,001,805
06-08(월) | -    |     280,365,120 |     288,856,886 |     283,079,748
06-09(화) | -    |     288,776,211 |     314,851,628 |     308,554,596
06-10(수) | -    |     304,496,975 |     297,634,469 |     291,681,779
06-11(목) | -    |     304,402,860 |     307,565,201 |     301,413,897
06-12(금) | -    |     340,418,122 |     350,304,536 |     343,298,445
06-13(토) | -    |     356,708,837 |     363,665,605 |     356,392,293
06-14(일) | -    |     289,268,285 |     290,411,424 |     284,603,196
06-15(월) | -    |     300,786,827 |     302,751,836 |     296,696,799
06-16(화) | -    |     312,520,580 |     316,197,174 |     309,873,231
06-17(수) | -    |     312,270,447 |     325,230,341 |     318,725,734
06-18(목) | -    |     323,815,001 |     325,398,821 |     318,890,844
06-19(금) | -    |     266,743,404 |     288,076,793 |     282,315,257
06-20(토) | 비    |               - |     191,777,231 |     187,941,686
06-21(일) | -    |               - |     324,206,948 |     317,722,809
06-22(월) | -    |               - |     306,063,316 |     299,942,050
06-23(화) | -    |               - |     310,191,065 |     303,987,243
06-24(수) | -    |               - |     322,447,966 |     315,999,007
06-25(목) | -    |               - |     277,455,059 |     271,905,958
06-26(금) | -    |               - |     327,749,479 |     321,194,489
06-27(토) | -    |               - |     332,648,263 |     325,995,297
06-28(일) | -    |               - |     315,013,247 |     308,712,983
06-29(월) | -    |               - |     299,818,468 |     293,822,099
06-30(화) | -    |               - |     280,292,699 |     274,686,845
```

메시지 전송 성공: spaces/AAQA8O4oUkw/messages/DVk5q2TOAEg.DVk5q2TOAEg

-------------------
2026-06-20 15:15:31 [INFO] 금일 배치 작업이 모두 정상 종료되었습니다. 성공 마커 파일을 기록합니다.
2026-06-20 15:15:31 [INFO] Removed old marker file: .daily_success_20260619
2026-06-20 15:15:31 [INFO] ================ Daily Batch Run Completed ================

2026-06-20 15:15:31 [INFO] run_daily_batch.py completed successfully.
2026-06-20 15:15:31 [INFO] ================ Daily Cron Batch End ================
2026-06-21 14:00:03 [INFO] ================ Daily Cron Batch Start ================
2026-06-21 14:00:04 [INFO] Virtual environment activated.
2026-06-21 14:00:09 [INFO] Running run_daily_batch.py...
2026-06-21 14:00:26 [INFO] ================ Daily Batch Run Attempt (2026-06-21 14:00:26) ================
2026-06-21 14:00:26 [INFO] 필수 데이터 검사 범위: 2026-06-01 ~ 2026-06-20
2026-06-21 14:00:26 [INFO] 누락 데이터 존재 감지: ['2026-06-20']
2026-06-21 14:00:26 [INFO] 누락 날짜 데이터 강제 추출 시도: 2026-06-20
2026-06-21 14:00:26 [INFO] Starting execution of: extract_rich_orders_daily.py 2026-06-20 2026-06-20
2026-06-21 14:00:44 [ERROR] Error running extract_rich_orders_daily.py (Exit code: 1)
2026-06-21 14:00:44 [ERROR] STDOUT:
총 1일 치 데이터 추출을 시작합니다.
저장 기본 경로: /Users/galaxy/Google Drive/공유 드라이브/gbike.rich_orders
[2026-06-20] 데이터 추출 중...
Error extracting data for 2026-06-20: (pymysql.err.OperationalError) (2003, "Can't connect to MySQL server on 'live.st.rds.gbility.io' (timed out)")
(Background on this error at: https://sqlalche.me/e/20/e3q8)
[2026-06-20] 추출 실패. 다음 날짜로 넘어갑니다.
경고: 하나 이상의 날짜 추출 또는 저장에 실패했습니다.

2026-06-21 14:00:44 [ERROR] 2026-06-20 데이터 추출 단계에서 오류가 발생하여 배치 실행을 중단합니다.
2026-06-21 14:00:44 [INFO] ================ Daily Batch Run Failed ================

2026-06-21 14:00:26 [INFO] ================ Daily Batch Run Attempt (2026-06-21 14:00:26) ================
2026-06-21 14:00:26 [INFO] 필수 데이터 검사 범위: 2026-06-01 ~ 2026-06-20
2026-06-21 14:00:26 [INFO] 누락 데이터 존재 감지: ['2026-06-20']
2026-06-21 14:00:26 [INFO] 누락 날짜 데이터 강제 추출 시도: 2026-06-20
2026-06-21 14:00:26 [INFO] Starting execution of: extract_rich_orders_daily.py 2026-06-20 2026-06-20
2026-06-21 14:00:44 [ERROR] Error running extract_rich_orders_daily.py (Exit code: 1)
2026-06-21 14:00:44 [ERROR] STDOUT:
총 1일 치 데이터 추출을 시작합니다.
저장 기본 경로: /Users/galaxy/Google Drive/공유 드라이브/gbike.rich_orders
[2026-06-20] 데이터 추출 중...
Error extracting data for 2026-06-20: (pymysql.err.OperationalError) (2003, "Can't connect to MySQL server on 'live.st.rds.gbility.io' (timed out)")
(Background on this error at: https://sqlalche.me/e/20/e3q8)
[2026-06-20] 추출 실패. 다음 날짜로 넘어갑니다.
경고: 하나 이상의 날짜 추출 또는 저장에 실패했습니다.

2026-06-21 14:00:44 [ERROR] 2026-06-20 데이터 추출 단계에서 오류가 발생하여 배치 실행을 중단합니다.
2026-06-21 14:00:44 [INFO] ================ Daily Batch Run Failed ================

2026-06-21 14:00:44 [ERROR] run_daily_batch.py failed with exit code 1
2026-06-21 14:02:07 [INFO] ================ Daily Cron Batch Start ================
2026-06-21 14:02:07 [INFO] Virtual environment activated.
2026-06-21 14:02:07 [INFO] Running run_daily_batch.py...
2026-06-21 14:02:07 [INFO] ================ Daily Batch Run Attempt (2026-06-21 14:02:07) ================
2026-06-21 14:02:07 [INFO] 필수 데이터 검사 범위: 2026-06-01 ~ 2026-06-20
2026-06-21 14:02:07 [INFO] 누락 데이터 존재 감지: ['2026-06-20']
2026-06-21 14:02:07 [INFO] 누락 날짜 데이터 강제 추출 시도: 2026-06-20
2026-06-21 14:02:07 [INFO] Starting execution of: extract_rich_orders_daily.py 2026-06-20 2026-06-20
2026-06-21 14:02:43 [INFO] 
--- extract_rich_orders_daily.py STDOUT ---
총 1일 치 데이터 추출을 시작합니다.
저장 기본 경로: /Users/galaxy/Google Drive/공유 드라이브/gbike.rich_orders
[2026-06-20] 데이터 추출 중...
[2026-06-20] 성공적으로 저장되었습니다. (건수: 104,728, 소요시간: 28.44초)

-------------------
2026-06-21 14:02:43 [INFO] Starting execution of: send_weekly_report.py 
2026-06-21 14:03:10 [INFO] 
--- send_weekly_report.py STDOUT ---
[2026-06-01 ~ 2026-06-20] 데이터를 로드합니다...
월말 최종 마감 예상 매출(예측 MTD) 계산 시작...
생성된 메시지:
📊 *gbike 실적 리포트*

▶️ *이번 달 누적 (MTD: 2026-06-01 ~ 2026-06-20)*
- 총 실매출(only 트립매출): 5,996,629,298원
- 이번 달 최종 마감 예측 매출: 8,991,347,573원 (모델 소요시간: 16.5초)
- 이번 달 경영 목표 매출: 8,978,703,709원
- (경영목표 대비 100.1% 달성 예상입니다.)
- 총 트립 수: 3,973,913건
- 이용 유저 수: 730,384명

▶️ *최근 7일 요약 (2026-06-14 ~ 2026-06-20)*
- 총 실매출(only 트립매출): 1,965,152,551원 (WoW -9.6%)
- 총 트립 수: 1,323,771건
- 이용 유저 수: 420,621명

▶️ *최근 14일 일별 상세*
```
일자       | 날씨 |     트립수 |    운행기기 |   only 트립매출(원) |        예상매출(원)
------------------------------------------------------------------------------
06-07(일) | -    |  182,500 |   67,515 |     299,669,481 |     287,647,243
06-08(월) | -    |  191,234 |   69,681 |     280,365,120 |     287,925,153
06-09(화) | -    |  199,916 |   71,688 |     288,776,211 |     310,578,506
06-10(수) | -    |  209,597 |   73,475 |     304,496,975 |     297,045,664
06-11(목) | -    |  209,176 |   73,623 |     304,402,860 |     308,843,470
06-12(금) | -    |  225,896 |   75,856 |     340,418,122 |     350,216,055
06-13(토) | -    |  220,141 |   74,717 |     356,708,837 |     365,867,860
06-14(일) | -    |  179,727 |   67,687 |     289,268,285 |     291,474,457
06-15(월) | -    |  206,063 |   72,843 |     300,786,827 |     299,911,206
06-16(화) | -    |  215,549 |   74,346 |     312,520,580 |     316,260,143
06-17(수) | -    |  215,085 |   74,347 |     312,270,447 |     323,625,077
06-18(목) | -    |  222,331 |   75,438 |     323,815,001 |     323,592,185
06-19(금) | -    |  180,288 |   69,283 |     266,743,404 |     291,289,401
06-20(토) | 비    |  104,728 |   49,971 |     159,748,004 |     160,037,249
```

▶️ *이번달 일별 상세 (예상)*
```
일자       | 날씨 |          실매출(원) |         예상매출(원) |        보수적예상(원)
--------------------------------------------------------------------
06-01(월) | -    |     288,747,891 |     308,021,789 |     301,861,354
06-02(화) | -    |     301,957,680 |     309,996,880 |     303,796,942
06-03(수) | -    |     333,344,852 |     331,372,635 |     324,745,182
06-04(목) | -    |     270,422,430 |     262,324,377 |     257,077,889
06-05(금) | -    |     326,460,617 |     321,594,976 |     315,163,077
06-06(토) | -    |     335,705,664 |     340,148,697 |     333,345,723
06-07(일) | -    |     299,669,481 |     287,647,243 |     281,894,298
06-08(월) | -    |     280,365,120 |     287,925,153 |     282,166,650
06-09(화) | -    |     288,776,211 |     310,578,506 |     304,366,936
06-10(수) | -    |     304,496,975 |     297,045,664 |     291,104,751
06-11(목) | -    |     304,402,860 |     308,843,470 |     302,666,601
06-12(금) | -    |     340,418,122 |     350,216,055 |     343,211,734
06-13(토) | -    |     356,708,837 |     365,867,860 |     358,550,502
06-14(일) | -    |     289,268,285 |     291,474,457 |     285,644,968
06-15(월) | -    |     300,786,827 |     299,911,206 |     293,912,982
06-16(화) | -    |     312,520,580 |     316,260,143 |     309,934,940
06-17(수) | -    |     312,270,447 |     323,625,077 |     317,152,575
06-18(목) | -    |     323,815,001 |     323,592,185 |     317,120,342
06-19(금) | -    |     266,743,404 |     291,289,401 |     285,463,613
06-20(토) | 비    |     159,748,004 |     160,037,249 |     156,836,504
06-21(일) | -    |               - |     314,015,798 |     307,735,482
06-22(월) | -    |               - |     299,608,787 |     293,616,611
06-23(화) | -    |               - |     309,699,623 |     303,505,631
06-24(수) | -    |               - |     314,310,582 |     308,024,370
06-25(목) | -    |               - |     241,293,665 |     236,467,791
06-26(금) | -    |               - |     338,903,401 |     332,125,333
06-27(토) | -    |               - |     337,451,686 |     330,702,653
06-28(일) | -    |               - |     273,569,886 |     268,098,489
06-29(월) | -    |               - |     260,582,631 |     255,370,978
06-30(화) | -    |               - |     305,282,213 |     299,176,568
```

메시지 전송 성공: spaces/AAQA8O4oUkw/messages/g9h9drQfie4.g9h9drQfie4

-------------------
2026-06-21 14:03:10 [INFO] 금일 배치 작업이 모두 정상 종료되었습니다. 성공 마커 파일을 기록합니다.
2026-06-21 14:03:10 [INFO] Removed old marker file: .daily_success_20260620
2026-06-21 14:03:10 [INFO] ================ Daily Batch Run Completed ================

2026-06-21 14:02:07 [INFO] ================ Daily Batch Run Attempt (2026-06-21 14:02:07) ================
2026-06-21 14:02:07 [INFO] 필수 데이터 검사 범위: 2026-06-01 ~ 2026-06-20
2026-06-21 14:02:07 [INFO] 누락 데이터 존재 감지: ['2026-06-20']
2026-06-21 14:02:07 [INFO] 누락 날짜 데이터 강제 추출 시도: 2026-06-20
2026-06-21 14:02:07 [INFO] Starting execution of: extract_rich_orders_daily.py 2026-06-20 2026-06-20
2026-06-21 14:02:43 [INFO] 
--- extract_rich_orders_daily.py STDOUT ---
총 1일 치 데이터 추출을 시작합니다.
저장 기본 경로: /Users/galaxy/Google Drive/공유 드라이브/gbike.rich_orders
[2026-06-20] 데이터 추출 중...
[2026-06-20] 성공적으로 저장되었습니다. (건수: 104,728, 소요시간: 28.44초)

-------------------
2026-06-21 14:02:43 [INFO] Starting execution of: send_weekly_report.py 
2026-06-21 14:03:10 [INFO] 
--- send_weekly_report.py STDOUT ---
[2026-06-01 ~ 2026-06-20] 데이터를 로드합니다...
월말 최종 마감 예상 매출(예측 MTD) 계산 시작...
생성된 메시지:
📊 *gbike 실적 리포트*

▶️ *이번 달 누적 (MTD: 2026-06-01 ~ 2026-06-20)*
- 총 실매출(only 트립매출): 5,996,629,298원
- 이번 달 최종 마감 예측 매출: 8,991,347,573원 (모델 소요시간: 16.5초)
- 이번 달 경영 목표 매출: 8,978,703,709원
- (경영목표 대비 100.1% 달성 예상입니다.)
- 총 트립 수: 3,973,913건
- 이용 유저 수: 730,384명

▶️ *최근 7일 요약 (2026-06-14 ~ 2026-06-20)*
- 총 실매출(only 트립매출): 1,965,152,551원 (WoW -9.6%)
- 총 트립 수: 1,323,771건
- 이용 유저 수: 420,621명

▶️ *최근 14일 일별 상세*
```
일자       | 날씨 |     트립수 |    운행기기 |   only 트립매출(원) |        예상매출(원)
------------------------------------------------------------------------------
06-07(일) | -    |  182,500 |   67,515 |     299,669,481 |     287,647,243
06-08(월) | -    |  191,234 |   69,681 |     280,365,120 |     287,925,153
06-09(화) | -    |  199,916 |   71,688 |     288,776,211 |     310,578,506
06-10(수) | -    |  209,597 |   73,475 |     304,496,975 |     297,045,664
06-11(목) | -    |  209,176 |   73,623 |     304,402,860 |     308,843,470
06-12(금) | -    |  225,896 |   75,856 |     340,418,122 |     350,216,055
06-13(토) | -    |  220,141 |   74,717 |     356,708,837 |     365,867,860
06-14(일) | -    |  179,727 |   67,687 |     289,268,285 |     291,474,457
06-15(월) | -    |  206,063 |   72,843 |     300,786,827 |     299,911,206
06-16(화) | -    |  215,549 |   74,346 |     312,520,580 |     316,260,143
06-17(수) | -    |  215,085 |   74,347 |     312,270,447 |     323,625,077
06-18(목) | -    |  222,331 |   75,438 |     323,815,001 |     323,592,185
06-19(금) | -    |  180,288 |   69,283 |     266,743,404 |     291,289,401
06-20(토) | 비    |  104,728 |   49,971 |     159,748,004 |     160,037,249
```

▶️ *이번달 일별 상세 (예상)*
```
일자       | 날씨 |          실매출(원) |         예상매출(원) |        보수적예상(원)
--------------------------------------------------------------------
06-01(월) | -    |     288,747,891 |     308,021,789 |     301,861,354
06-02(화) | -    |     301,957,680 |     309,996,880 |     303,796,942
06-03(수) | -    |     333,344,852 |     331,372,635 |     324,745,182
06-04(목) | -    |     270,422,430 |     262,324,377 |     257,077,889
06-05(금) | -    |     326,460,617 |     321,594,976 |     315,163,077
06-06(토) | -    |     335,705,664 |     340,148,697 |     333,345,723
06-07(일) | -    |     299,669,481 |     287,647,243 |     281,894,298
06-08(월) | -    |     280,365,120 |     287,925,153 |     282,166,650
06-09(화) | -    |     288,776,211 |     310,578,506 |     304,366,936
06-10(수) | -    |     304,496,975 |     297,045,664 |     291,104,751
06-11(목) | -    |     304,402,860 |     308,843,470 |     302,666,601
06-12(금) | -    |     340,418,122 |     350,216,055 |     343,211,734
06-13(토) | -    |     356,708,837 |     365,867,860 |     358,550,502
06-14(일) | -    |     289,268,285 |     291,474,457 |     285,644,968
06-15(월) | -    |     300,786,827 |     299,911,206 |     293,912,982
06-16(화) | -    |     312,520,580 |     316,260,143 |     309,934,940
06-17(수) | -    |     312,270,447 |     323,625,077 |     317,152,575
06-18(목) | -    |     323,815,001 |     323,592,185 |     317,120,342
06-19(금) | -    |     266,743,404 |     291,289,401 |     285,463,613
06-20(토) | 비    |     159,748,004 |     160,037,249 |     156,836,504
06-21(일) | -    |               - |     314,015,798 |     307,735,482
06-22(월) | -    |               - |     299,608,787 |     293,616,611
06-23(화) | -    |               - |     309,699,623 |     303,505,631
06-24(수) | -    |               - |     314,310,582 |     308,024,370
06-25(목) | -    |               - |     241,293,665 |     236,467,791
06-26(금) | -    |               - |     338,903,401 |     332,125,333
06-27(토) | -    |               - |     337,451,686 |     330,702,653
06-28(일) | -    |               - |     273,569,886 |     268,098,489
06-29(월) | -    |               - |     260,582,631 |     255,370,978
06-30(화) | -    |               - |     305,282,213 |     299,176,568
```

메시지 전송 성공: spaces/AAQA8O4oUkw/messages/g9h9drQfie4.g9h9drQfie4

-------------------
2026-06-21 14:03:10 [INFO] 금일 배치 작업이 모두 정상 종료되었습니다. 성공 마커 파일을 기록합니다.
2026-06-21 14:03:10 [INFO] Removed old marker file: .daily_success_20260620
2026-06-21 14:03:10 [INFO] ================ Daily Batch Run Completed ================

2026-06-21 14:03:10 [INFO] run_daily_batch.py completed successfully.
2026-06-21 14:03:10 [INFO] ================ Daily Cron Batch End ================
2026-06-22 09:20:05 [INFO] ================ Daily Cron Batch Start ================
2026-06-22 09:20:05 [INFO] Virtual environment activated.
2026-06-22 09:20:05 [INFO] Running run_daily_batch.py...
2026-06-22 09:20:05 [INFO] ================ Daily Batch Run Attempt (2026-06-22 09:20:05) ================
2026-06-22 09:20:05 [INFO] 필수 데이터 검사 범위: 2026-06-01 ~ 2026-06-21
2026-06-22 09:20:05 [INFO] 누락 데이터 존재 감지: ['2026-06-21']
2026-06-22 09:20:05 [INFO] 누락 날짜 데이터 강제 추출 시도: 2026-06-21
2026-06-22 09:20:05 [INFO] Starting execution of: extract_rich_orders_daily.py 2026-06-21 2026-06-21
2026-06-22 09:20:22 [INFO] 
--- extract_rich_orders_daily.py STDOUT ---
총 1일 치 데이터 추출을 시작합니다.
저장 기본 경로: /Users/galaxy/Google Drive/공유 드라이브/gbike.rich_orders
[2026-06-21] 데이터 추출 중...
[2026-06-21] 성공적으로 저장되었습니다. (건수: 186,766, 소요시간: 17.25초)

-------------------
2026-06-22 09:20:22 [INFO] Starting execution of: send_weekly_report.py 
2026-06-22 09:20:48 [INFO] 
--- send_weekly_report.py STDOUT ---
[2026-06-01 ~ 2026-06-21] 데이터를 로드합니다...
월말 최종 마감 예상 매출(예측 MTD) 계산 시작...
생성된 메시지:
📊 *gbike 실적 리포트*

▶️ *이번 달 누적 (MTD: 2026-06-01 ~ 2026-06-21)*
- 총 실매출(only 트립매출): 6,298,628,481원
- 이번 달 최종 마감 예측 매출: 9,025,362,975원 (모델 소요시간: 14.9초)
- 이번 달 경영 목표 매출: 8,978,703,709원
- (경영목표 대비 100.5% 달성 예상입니다.)
- 총 트립 수: 4,160,679건
- 이용 유저 수: 750,208명

▶️ *최근 7일 요약 (2026-06-15 ~ 2026-06-21)*
- 총 실매출(only 트립매출): 1,977,883,450원 (WoW -8.6%)
- 총 트립 수: 1,330,810건
- 이용 유저 수: 421,505명

▶️ *최근 14일 일별 상세*
```
일자       | 날씨 |     트립수 |    운행기기 |   only 트립매출(원) |        예상매출(원)
------------------------------------------------------------------------------
06-08(월) | -    |  191,234 |   69,681 |     280,365,120 |     286,986,350
06-09(화) | -    |  199,916 |   71,688 |     288,776,211 |     310,564,203
06-10(수) | -    |  209,597 |   73,475 |     304,496,975 |     295,427,744
06-11(목) | -    |  209,176 |   73,623 |     304,402,860 |     305,759,303
06-12(금) | -    |  225,896 |   75,856 |     340,418,122 |     348,777,768
06-13(토) | -    |  220,141 |   74,717 |     356,708,837 |     363,276,408
06-14(일) | -    |  179,727 |   67,687 |     289,268,285 |     289,466,203
06-15(월) | -    |  206,063 |   72,843 |     300,786,827 |     300,817,714
06-16(화) | -    |  215,549 |   74,346 |     312,520,580 |     317,061,108
06-17(수) | -    |  215,085 |   74,347 |     312,270,447 |     324,197,148
06-18(목) | -    |  222,331 |   75,438 |     323,815,001 |     325,801,777
06-19(금) | -    |  180,288 |   69,283 |     266,743,404 |     290,190,423
06-20(토) | 비    |  104,728 |   49,971 |     159,748,004 |     160,841,428
06-21(일) | -    |  186,766 |   67,877 |     301,999,183 |     308,500,238
```

▶️ *이번달 일별 상세 (예상)*
```
일자       | 날씨 |          실매출(원) |         예상매출(원) |        보수적예상(원)
--------------------------------------------------------------------
06-01(월) | -    |     288,747,891 |     308,776,846 |     302,601,309
06-02(화) | -    |     301,957,680 |     313,286,548 |     307,020,817
06-03(수) | -    |     333,344,852 |     327,856,403 |     321,299,275
06-04(목) | -    |     270,422,430 |     256,897,610 |     251,759,658
06-05(금) | -    |     326,460,617 |     320,229,415 |     313,824,827
06-06(토) | -    |     335,705,664 |     338,661,010 |     331,887,790
06-07(일) | -    |     299,669,481 |     288,548,313 |     282,777,347
06-08(월) | -    |     280,365,120 |     286,986,350 |     281,246,623
06-09(화) | -    |     288,776,211 |     310,564,203 |     304,352,918
06-10(수) | -    |     304,496,975 |     295,427,744 |     289,519,189
06-11(목) | -    |     304,402,860 |     305,759,303 |     299,644,117
06-12(금) | -    |     340,418,122 |     348,777,768 |     341,802,213
06-13(토) | -    |     356,708,837 |     363,276,408 |     356,010,880
06-14(일) | -    |     289,268,285 |     289,466,203 |     283,676,879
06-15(월) | -    |     300,786,827 |     300,817,714 |     294,801,360
06-16(화) | -    |     312,520,580 |     317,061,108 |     310,719,886
06-17(수) | -    |     312,270,447 |     324,197,148 |     317,713,205
06-18(목) | -    |     323,815,001 |     325,801,777 |     319,285,741
06-19(금) | -    |     266,743,404 |     290,190,423 |     284,386,615
06-20(토) | 비    |     159,748,004 |     160,841,428 |     157,624,599
06-21(일) | -    |     301,999,183 |     308,500,238 |     302,330,233
06-22(월) | -    |               - |     296,750,719 |     290,815,704
06-23(화) | -    |               - |     311,278,171 |     305,052,607
06-24(수) | -    |               - |     324,295,054 |     317,809,153
06-25(목) | -    |               - |     268,934,803 |     263,556,107
06-26(금) | -    |               - |     333,918,965 |     327,240,586
06-27(토) | -    |               - |     338,819,497 |     332,043,107
06-28(일) | -    |               - |     261,353,704 |     256,126,630
06-29(월) | -    |               - |     283,792,217 |     278,116,373
06-30(화) | -    |               - |     307,591,359 |     301,439,531
```

메시지 전송 성공: spaces/AAQA8O4oUkw/messages/S0Qv-Ja0AoQ.S0Qv-Ja0AoQ

-------------------
2026-06-22 09:20:48 [INFO] 금일 배치 작업이 모두 정상 종료되었습니다. 성공 마커 파일을 기록합니다.
2026-06-22 09:20:48 [INFO] Removed old marker file: .daily_success_20260621
2026-06-22 09:20:48 [INFO] ================ Daily Batch Run Completed ================

2026-06-22 09:20:05 [INFO] ================ Daily Batch Run Attempt (2026-06-22 09:20:05) ================
2026-06-22 09:20:05 [INFO] 필수 데이터 검사 범위: 2026-06-01 ~ 2026-06-21
2026-06-22 09:20:05 [INFO] 누락 데이터 존재 감지: ['2026-06-21']
2026-06-22 09:20:05 [INFO] 누락 날짜 데이터 강제 추출 시도: 2026-06-21
2026-06-22 09:20:05 [INFO] Starting execution of: extract_rich_orders_daily.py 2026-06-21 2026-06-21
2026-06-22 09:20:22 [INFO] 
--- extract_rich_orders_daily.py STDOUT ---
총 1일 치 데이터 추출을 시작합니다.
저장 기본 경로: /Users/galaxy/Google Drive/공유 드라이브/gbike.rich_orders
[2026-06-21] 데이터 추출 중...
[2026-06-21] 성공적으로 저장되었습니다. (건수: 186,766, 소요시간: 17.25초)

-------------------
2026-06-22 09:20:22 [INFO] Starting execution of: send_weekly_report.py 
2026-06-22 09:20:48 [INFO] 
--- send_weekly_report.py STDOUT ---
[2026-06-01 ~ 2026-06-21] 데이터를 로드합니다...
월말 최종 마감 예상 매출(예측 MTD) 계산 시작...
생성된 메시지:
📊 *gbike 실적 리포트*

▶️ *이번 달 누적 (MTD: 2026-06-01 ~ 2026-06-21)*
- 총 실매출(only 트립매출): 6,298,628,481원
- 이번 달 최종 마감 예측 매출: 9,025,362,975원 (모델 소요시간: 14.9초)
- 이번 달 경영 목표 매출: 8,978,703,709원
- (경영목표 대비 100.5% 달성 예상입니다.)
- 총 트립 수: 4,160,679건
- 이용 유저 수: 750,208명

▶️ *최근 7일 요약 (2026-06-15 ~ 2026-06-21)*
- 총 실매출(only 트립매출): 1,977,883,450원 (WoW -8.6%)
- 총 트립 수: 1,330,810건
- 이용 유저 수: 421,505명

▶️ *최근 14일 일별 상세*
```
일자       | 날씨 |     트립수 |    운행기기 |   only 트립매출(원) |        예상매출(원)
------------------------------------------------------------------------------
06-08(월) | -    |  191,234 |   69,681 |     280,365,120 |     286,986,350
06-09(화) | -    |  199,916 |   71,688 |     288,776,211 |     310,564,203
06-10(수) | -    |  209,597 |   73,475 |     304,496,975 |     295,427,744
06-11(목) | -    |  209,176 |   73,623 |     304,402,860 |     305,759,303
06-12(금) | -    |  225,896 |   75,856 |     340,418,122 |     348,777,768
06-13(토) | -    |  220,141 |   74,717 |     356,708,837 |     363,276,408
06-14(일) | -    |  179,727 |   67,687 |     289,268,285 |     289,466,203
06-15(월) | -    |  206,063 |   72,843 |     300,786,827 |     300,817,714
06-16(화) | -    |  215,549 |   74,346 |     312,520,580 |     317,061,108
06-17(수) | -    |  215,085 |   74,347 |     312,270,447 |     324,197,148
06-18(목) | -    |  222,331 |   75,438 |     323,815,001 |     325,801,777
06-19(금) | -    |  180,288 |   69,283 |     266,743,404 |     290,190,423
06-20(토) | 비    |  104,728 |   49,971 |     159,748,004 |     160,841,428
06-21(일) | -    |  186,766 |   67,877 |     301,999,183 |     308,500,238
```

▶️ *이번달 일별 상세 (예상)*
```
일자       | 날씨 |          실매출(원) |         예상매출(원) |        보수적예상(원)
--------------------------------------------------------------------
06-01(월) | -    |     288,747,891 |     308,776,846 |     302,601,309
06-02(화) | -    |     301,957,680 |     313,286,548 |     307,020,817
06-03(수) | -    |     333,344,852 |     327,856,403 |     321,299,275
06-04(목) | -    |     270,422,430 |     256,897,610 |     251,759,658
06-05(금) | -    |     326,460,617 |     320,229,415 |     313,824,827
06-06(토) | -    |     335,705,664 |     338,661,010 |     331,887,790
06-07(일) | -    |     299,669,481 |     288,548,313 |     282,777,347
06-08(월) | -    |     280,365,120 |     286,986,350 |     281,246,623
06-09(화) | -    |     288,776,211 |     310,564,203 |     304,352,918
06-10(수) | -    |     304,496,975 |     295,427,744 |     289,519,189
06-11(목) | -    |     304,402,860 |     305,759,303 |     299,644,117
06-12(금) | -    |     340,418,122 |     348,777,768 |     341,802,213
06-13(토) | -    |     356,708,837 |     363,276,408 |     356,010,880
06-14(일) | -    |     289,268,285 |     289,466,203 |     283,676,879
06-15(월) | -    |     300,786,827 |     300,817,714 |     294,801,360
06-16(화) | -    |     312,520,580 |     317,061,108 |     310,719,886
06-17(수) | -    |     312,270,447 |     324,197,148 |     317,713,205
06-18(목) | -    |     323,815,001 |     325,801,777 |     319,285,741
06-19(금) | -    |     266,743,404 |     290,190,423 |     284,386,615
06-20(토) | 비    |     159,748,004 |     160,841,428 |     157,624,599
06-21(일) | -    |     301,999,183 |     308,500,238 |     302,330,233
06-22(월) | -    |               - |     296,750,719 |     290,815,704
06-23(화) | -    |               - |     311,278,171 |     305,052,607
06-24(수) | -    |               - |     324,295,054 |     317,809,153
06-25(목) | -    |               - |     268,934,803 |     263,556,107
06-26(금) | -    |               - |     333,918,965 |     327,240,586
06-27(토) | -    |               - |     338,819,497 |     332,043,107
06-28(일) | -    |               - |     261,353,704 |     256,126,630
06-29(월) | -    |               - |     283,792,217 |     278,116,373
06-30(화) | -    |               - |     307,591,359 |     301,439,531
```

메시지 전송 성공: spaces/AAQA8O4oUkw/messages/S0Qv-Ja0AoQ.S0Qv-Ja0AoQ

-------------------
2026-06-22 09:20:48 [INFO] 금일 배치 작업이 모두 정상 종료되었습니다. 성공 마커 파일을 기록합니다.
2026-06-22 09:20:48 [INFO] Removed old marker file: .daily_success_20260621
2026-06-22 09:20:48 [INFO] ================ Daily Batch Run Completed ================

2026-06-22 09:20:48 [INFO] run_daily_batch.py completed successfully.
2026-06-22 09:20:48 [INFO] ================ Daily Cron Batch End ================
2026-06-22 09:21:01 [INFO] ================ Daily Cron Batch Start ================
2026-06-22 09:21:01 [INFO] Virtual environment activated.
2026-06-22 09:21:01 [INFO] Running run_daily_batch.py...
2026-06-22 10:03:30 [INFO] ================ Daily Cron Batch Start ================
2026-06-22 10:03:30 [INFO] Virtual environment activated.
2026-06-22 10:03:30 [INFO] Running run_daily_batch.py...
2026-06-22 10:03:30 [INFO] ================ Daily Batch Run Attempt (2026-06-22 10:03:30) ================
2026-06-22 10:03:30 [INFO] 오늘 배치 작업이 이미 성공적으로 완료되었습니다. 실행을 생략합니다.
2026-06-22 10:03:30 [INFO] ================ Daily Batch Run Skip ================

2026-06-22 10:03:30 [INFO] ================ Daily Batch Run Attempt (2026-06-22 10:03:30) ================
2026-06-22 10:03:30 [INFO] 오늘 배치 작업이 이미 성공적으로 완료되었습니다. 실행을 생략합니다.
2026-06-22 10:03:30 [INFO] ================ Daily Batch Run Skip ================

2026-06-22 10:03:30 [INFO] run_daily_batch.py completed successfully.
2026-06-22 10:03:30 [INFO] ================ Daily Cron Batch End ================
2026-06-23 10:00:01 [INFO] ================ Daily Cron Batch Start ================
2026-06-23 10:00:01 [INFO] Virtual environment activated.
2026-06-23 10:00:01 [INFO] Running run_daily_batch.py...
2026-06-23 10:00:01 [INFO] ================ Daily Batch Run Attempt (2026-06-23 10:00:01) ================
2026-06-23 10:00:01 [INFO] 필수 데이터 검사 범위: 2026-06-01 ~ 2026-06-22
2026-06-23 10:00:01 [INFO] 누락 데이터 존재 감지: ['2026-06-22']
2026-06-23 10:00:01 [INFO] 누락 날짜 데이터 강제 추출 시도: 2026-06-22
2026-06-23 10:00:01 [INFO] Starting execution of: extract_rich_orders_daily.py 2026-06-22 2026-06-22
2026-06-23 10:00:22 [INFO] 
--- extract_rich_orders_daily.py STDOUT ---
총 1일 치 데이터 추출을 시작합니다.
저장 기본 경로: /Users/galaxy/Google Drive/공유 드라이브/gbike.rich_orders
[2026-06-22] 데이터 추출 중...
[2026-06-22] 성공적으로 저장되었습니다. (건수: 192,469, 소요시간: 19.60초)

-------------------
2026-06-23 10:00:22 [INFO] Starting execution of: send_weekly_report.py 
2026-06-23 10:00:52 [INFO] 
--- send_weekly_report.py STDOUT ---
[2026-06-01 ~ 2026-06-22] 데이터를 로드합니다...
월말 최종 마감 예상 매출(예측 MTD) 계산 시작...
생성된 메시지:
📊 *gbike 실적 리포트*

▶️ *이번 달 누적 (MTD: 2026-06-01 ~ 2026-06-22)*
- 총 실매출(only 트립매출): 6,584,292,229원
- 이번 달 최종 마감 예측 매출: 9,092,008,042원 (모델 소요시간: 21.0초)
- 이번 달 경영 목표 매출: 8,978,703,709원
- (경영목표 대비 101.3% 달성 예상입니다.)
- 총 트립 수: 4,353,148건
- 이용 유저 수: 765,566명

▶️ *최근 7일 요약 (2026-06-16 ~ 2026-06-22)*
- 총 실매출(only 트립매출): 1,962,760,370원 (WoW -10.2%)
- 총 트립 수: 1,317,216건
- 이용 유저 수: 420,603명

▶️ *최근 14일 일별 상세*
```
일자       | 날씨 |     트립수 |    운행기기 |   only 트립매출(원) |        예상매출(원)
------------------------------------------------------------------------------
06-09(화) | -    |  199,916 |   71,688 |     288,776,211 |     309,393,266
06-10(수) | -    |  209,597 |   73,475 |     304,496,975 |     296,875,415
06-11(목) | -    |  209,176 |   73,623 |     304,402,860 |     305,157,225
06-12(금) | -    |  225,896 |   75,856 |     340,418,122 |     348,514,258
06-13(토) | -    |  220,141 |   74,717 |     356,708,837 |     362,155,393
06-14(일) | -    |  179,727 |   67,687 |     289,268,285 |     290,834,335
06-15(월) | -    |  206,063 |   72,843 |     300,786,827 |     297,808,229
06-16(화) | -    |  215,549 |   74,346 |     312,520,580 |     317,154,201
06-17(수) | -    |  215,085 |   74,347 |     312,270,447 |     322,750,268
06-18(목) | -    |  222,331 |   75,438 |     323,815,001 |     322,731,796
06-19(금) | -    |  180,288 |   69,283 |     266,743,404 |     293,893,032
06-20(토) | 비    |  104,728 |   49,971 |     159,748,004 |     159,320,237
06-21(일) | -    |  186,766 |   67,877 |     301,999,183 |     306,679,164
06-22(월) | -    |  192,469 |   70,063 |     285,663,747 |     268,418,807
```

▶️ *이번달 일별 상세 (예상)*
```
일자       | 날씨 |          실매출(원) |         예상매출(원) |        보수적예상(원)
--------------------------------------------------------------------
06-01(월) | -    |     288,747,891 |     308,395,413 |     302,227,505
06-02(화) | -    |     301,957,680 |     311,775,632 |     305,540,120
06-03(수) | -    |     333,344,852 |     327,987,470 |     321,427,720
06-04(목) | -    |     270,422,430 |     260,119,852 |     254,917,455
06-05(금) | -    |     326,460,617 |     320,491,265 |     314,081,440
06-06(토) | -    |     335,705,664 |     338,099,722 |     331,337,727
06-07(일) | -    |     299,669,481 |     288,120,313 |     282,357,906
06-08(월) | -    |     280,365,120 |     285,079,200 |     279,377,616
06-09(화) | -    |     288,776,211 |     309,393,266 |     303,205,401
06-10(수) | -    |     304,496,975 |     296,875,415 |     290,937,907
06-11(목) | -    |     304,402,860 |     305,157,225 |     299,054,080
06-12(금) | -    |     340,418,122 |     348,514,258 |     341,543,972
06-13(토) | -    |     356,708,837 |     362,155,393 |     354,912,286
06-14(일) | -    |     289,268,285 |     290,834,335 |     285,017,648
06-15(월) | -    |     300,786,827 |     297,808,229 |     291,852,064
06-16(화) | -    |     312,520,580 |     317,154,201 |     310,811,117
06-17(수) | -    |     312,270,447 |     322,750,268 |     316,295,262
06-18(목) | -    |     323,815,001 |     322,731,796 |     316,277,160
06-19(금) | -    |     266,743,404 |     293,893,032 |     288,015,172
06-20(토) | 비    |     159,748,004 |     159,320,237 |     156,133,832
06-21(일) | -    |     301,999,183 |     306,679,164 |     300,545,580
06-22(월) | -    |     285,663,747 |     268,418,807 |     263,050,431
06-23(화) | -    |               - |     292,429,985 |     286,581,385
06-24(수) | -    |               - |     315,718,187 |     309,403,823
06-25(목) | -    |               - |     311,455,271 |     305,226,166
06-26(금) | -    |               - |     339,655,844 |     332,862,727
06-27(토) | -    |               - |     337,064,945 |     330,323,646
06-28(일) | -    |               - |     288,404,477 |     282,636,387
06-29(월) | -    |               - |     305,252,218 |     299,147,174
06-30(화) | -    |               - |     317,734,882 |     311,380,185
```

메시지 전송 성공: spaces/AAQA8O4oUkw/messages/AJ7PtHxRQ5U.AJ7PtHxRQ5U

-------------------
2026-06-23 10:00:52 [INFO] 금일 배치 작업이 모두 정상 종료되었습니다. 성공 마커 파일을 기록합니다.
2026-06-23 10:00:52 [INFO] Removed old marker file: .daily_success_20260622
2026-06-23 10:00:52 [INFO] ================ Daily Batch Run Completed ================

2026-06-23 10:00:01 [INFO] ================ Daily Batch Run Attempt (2026-06-23 10:00:01) ================
2026-06-23 10:00:01 [INFO] 필수 데이터 검사 범위: 2026-06-01 ~ 2026-06-22
2026-06-23 10:00:01 [INFO] 누락 데이터 존재 감지: ['2026-06-22']
2026-06-23 10:00:01 [INFO] 누락 날짜 데이터 강제 추출 시도: 2026-06-22
2026-06-23 10:00:01 [INFO] Starting execution of: extract_rich_orders_daily.py 2026-06-22 2026-06-22
2026-06-23 10:00:22 [INFO] 
--- extract_rich_orders_daily.py STDOUT ---
총 1일 치 데이터 추출을 시작합니다.
저장 기본 경로: /Users/galaxy/Google Drive/공유 드라이브/gbike.rich_orders
[2026-06-22] 데이터 추출 중...
[2026-06-22] 성공적으로 저장되었습니다. (건수: 192,469, 소요시간: 19.60초)

-------------------
2026-06-23 10:00:22 [INFO] Starting execution of: send_weekly_report.py 
2026-06-23 10:00:52 [INFO] 
--- send_weekly_report.py STDOUT ---
[2026-06-01 ~ 2026-06-22] 데이터를 로드합니다...
월말 최종 마감 예상 매출(예측 MTD) 계산 시작...
생성된 메시지:
📊 *gbike 실적 리포트*

▶️ *이번 달 누적 (MTD: 2026-06-01 ~ 2026-06-22)*
- 총 실매출(only 트립매출): 6,584,292,229원
- 이번 달 최종 마감 예측 매출: 9,092,008,042원 (모델 소요시간: 21.0초)
- 이번 달 경영 목표 매출: 8,978,703,709원
- (경영목표 대비 101.3% 달성 예상입니다.)
- 총 트립 수: 4,353,148건
- 이용 유저 수: 765,566명

▶️ *최근 7일 요약 (2026-06-16 ~ 2026-06-22)*
- 총 실매출(only 트립매출): 1,962,760,370원 (WoW -10.2%)
- 총 트립 수: 1,317,216건
- 이용 유저 수: 420,603명

▶️ *최근 14일 일별 상세*
```
일자       | 날씨 |     트립수 |    운행기기 |   only 트립매출(원) |        예상매출(원)
------------------------------------------------------------------------------
06-09(화) | -    |  199,916 |   71,688 |     288,776,211 |     309,393,266
06-10(수) | -    |  209,597 |   73,475 |     304,496,975 |     296,875,415
06-11(목) | -    |  209,176 |   73,623 |     304,402,860 |     305,157,225
06-12(금) | -    |  225,896 |   75,856 |     340,418,122 |     348,514,258
06-13(토) | -    |  220,141 |   74,717 |     356,708,837 |     362,155,393
06-14(일) | -    |  179,727 |   67,687 |     289,268,285 |     290,834,335
06-15(월) | -    |  206,063 |   72,843 |     300,786,827 |     297,808,229
06-16(화) | -    |  215,549 |   74,346 |     312,520,580 |     317,154,201
06-17(수) | -    |  215,085 |   74,347 |     312,270,447 |     322,750,268
06-18(목) | -    |  222,331 |   75,438 |     323,815,001 |     322,731,796
06-19(금) | -    |  180,288 |   69,283 |     266,743,404 |     293,893,032
06-20(토) | 비    |  104,728 |   49,971 |     159,748,004 |     159,320,237
06-21(일) | -    |  186,766 |   67,877 |     301,999,183 |     306,679,164
06-22(월) | -    |  192,469 |   70,063 |     285,663,747 |     268,418,807
```

▶️ *이번달 일별 상세 (예상)*
```
일자       | 날씨 |          실매출(원) |         예상매출(원) |        보수적예상(원)
--------------------------------------------------------------------
06-01(월) | -    |     288,747,891 |     308,395,413 |     302,227,505
06-02(화) | -    |     301,957,680 |     311,775,632 |     305,540,120
06-03(수) | -    |     333,344,852 |     327,987,470 |     321,427,720
06-04(목) | -    |     270,422,430 |     260,119,852 |     254,917,455
06-05(금) | -    |     326,460,617 |     320,491,265 |     314,081,440
06-06(토) | -    |     335,705,664 |     338,099,722 |     331,337,727
06-07(일) | -    |     299,669,481 |     288,120,313 |     282,357,906
06-08(월) | -    |     280,365,120 |     285,079,200 |     279,377,616
06-09(화) | -    |     288,776,211 |     309,393,266 |     303,205,401
06-10(수) | -    |     304,496,975 |     296,875,415 |     290,937,907
06-11(목) | -    |     304,402,860 |     305,157,225 |     299,054,080
06-12(금) | -    |     340,418,122 |     348,514,258 |     341,543,972
06-13(토) | -    |     356,708,837 |     362,155,393 |     354,912,286
06-14(일) | -    |     289,268,285 |     290,834,335 |     285,017,648
06-15(월) | -    |     300,786,827 |     297,808,229 |     291,852,064
06-16(화) | -    |     312,520,580 |     317,154,201 |     310,811,117
06-17(수) | -    |     312,270,447 |     322,750,268 |     316,295,262
06-18(목) | -    |     323,815,001 |     322,731,796 |     316,277,160
06-19(금) | -    |     266,743,404 |     293,893,032 |     288,015,172
06-20(토) | 비    |     159,748,004 |     159,320,237 |     156,133,832
06-21(일) | -    |     301,999,183 |     306,679,164 |     300,545,580
06-22(월) | -    |     285,663,747 |     268,418,807 |     263,050,431
06-23(화) | -    |               - |     292,429,985 |     286,581,385
06-24(수) | -    |               - |     315,718,187 |     309,403,823
06-25(목) | -    |               - |     311,455,271 |     305,226,166
06-26(금) | -    |               - |     339,655,844 |     332,862,727
06-27(토) | -    |               - |     337,064,945 |     330,323,646
06-28(일) | -    |               - |     288,404,477 |     282,636,387
06-29(월) | -    |               - |     305,252,218 |     299,147,174
06-30(화) | -    |               - |     317,734,882 |     311,380,185
```

메시지 전송 성공: spaces/AAQA8O4oUkw/messages/AJ7PtHxRQ5U.AJ7PtHxRQ5U

-------------------
2026-06-23 10:00:52 [INFO] 금일 배치 작업이 모두 정상 종료되었습니다. 성공 마커 파일을 기록합니다.
2026-06-23 10:00:52 [INFO] Removed old marker file: .daily_success_20260622
2026-06-23 10:00:52 [INFO] ================ Daily Batch Run Completed ================

2026-06-23 10:00:52 [INFO] run_daily_batch.py completed successfully.
2026-06-23 10:00:52 [INFO] ================ Daily Cron Batch End ================
2026-06-24 10:00:05 [INFO] ================ Daily Cron Batch Start ================
2026-06-24 10:00:05 [INFO] Virtual environment activated.
2026-06-24 10:00:05 [INFO] Running run_daily_batch.py...
2026-06-24 10:00:05 [INFO] ================ Daily Batch Run Attempt (2026-06-24 10:00:05) ================
2026-06-24 10:00:05 [INFO] 필수 데이터 검사 범위: 2026-06-01 ~ 2026-06-23
2026-06-24 10:00:05 [INFO] 누락 데이터 존재 감지: ['2026-06-23']
2026-06-24 10:00:05 [INFO] 누락 날짜 데이터 강제 추출 시도: 2026-06-23
2026-06-24 10:00:05 [INFO] Starting execution of: extract_rich_orders_daily.py 2026-06-23 2026-06-23
2026-06-24 10:00:25 [INFO] 
--- extract_rich_orders_daily.py STDOUT ---
총 1일 치 데이터 추출을 시작합니다.
저장 기본 경로: /Users/galaxy/Google Drive/공유 드라이브/gbike.rich_orders
[2026-06-23] 데이터 추출 중...
[2026-06-23] 성공적으로 저장되었습니다. (건수: 199,556, 소요시간: 17.12초)

-------------------
2026-06-24 10:00:25 [INFO] Starting execution of: send_weekly_report.py 
2026-06-24 10:00:56 [INFO] 
--- send_weekly_report.py STDOUT ---
[2026-06-01 ~ 2026-06-23] 데이터를 로드합니다...
월말 최종 마감 예상 매출(예측 MTD) 계산 시작...
생성된 메시지:
📊 *gbike 실적 리포트*

▶️ *이번 달 누적 (MTD: 2026-06-01 ~ 2026-06-23)*
- 총 실매출(only 트립매출): 6,876,605,034원
- 이번 달 최종 마감 예측 매출: 9,011,373,614원 (모델 소요시간: 17.9초)
- 이번 달 경영 목표 매출: 8,978,703,709원
- (경영목표 대비 100.4% 달성 예상입니다.)
- 총 트립 수: 4,552,704건
- 이용 유저 수: 781,072명

▶️ *최근 7일 요약 (2026-06-17 ~ 2026-06-23)*
- 총 실매출(only 트립매출): 1,942,552,594원 (WoW -12.0%)
- 총 트립 수: 1,301,223건
- 이용 유저 수: 419,067명

▶️ *최근 14일 일별 상세*
```
일자       | 날씨 |     트립수 |    운행기기 |   only 트립매출(원) |        예상매출(원)
------------------------------------------------------------------------------
06-10(수) | -    |  209,597 |   73,475 |     304,496,975 |     298,106,179
06-11(목) | -    |  209,176 |   73,623 |     304,402,860 |     305,398,024
06-12(금) | -    |  225,896 |   75,856 |     340,418,122 |     351,718,311
06-13(토) | -    |  220,141 |   74,717 |     356,708,837 |     360,825,337
06-14(일) | -    |  179,727 |   67,687 |     289,268,285 |     293,389,018
06-15(월) | -    |  206,063 |   72,843 |     300,786,827 |     300,272,855
06-16(화) | -    |  215,549 |   74,346 |     312,520,580 |     316,939,004
06-17(수) | -    |  215,085 |   74,347 |     312,270,447 |     325,327,031
06-18(목) | -    |  222,331 |   75,438 |     323,815,001 |     325,317,799
06-19(금) | -    |  180,288 |   69,283 |     266,743,404 |     288,584,945
06-20(토) | 비    |  104,728 |   49,971 |     159,748,004 |     160,087,869
06-21(일) | -    |  186,766 |   67,877 |     301,999,183 |     309,323,270
06-22(월) | -    |  192,469 |   70,063 |     285,663,747 |     266,758,717
06-23(화) | -    |  199,556 |   71,371 |     292,312,805 |     290,376,831
```

▶️ *이번달 일별 상세 (예상)*
```
일자       | 날씨 |          실매출(원) |         예상매출(원) |        보수적예상(원)
--------------------------------------------------------------------
06-01(월) | -    |     288,747,891 |     308,746,320 |     302,571,393
06-02(화) | -    |     301,957,680 |     311,204,648 |     304,980,555
06-03(수) | -    |     333,344,852 |     327,087,023 |     320,545,282
06-04(목) | -    |     270,422,430 |     261,733,478 |     256,498,808
06-05(금) | -    |     326,460,617 |     320,555,826 |     314,144,709
06-06(토) | -    |     335,705,664 |     337,977,727 |     331,218,172
06-07(일) | -    |     299,669,481 |     290,191,045 |     284,387,224
06-08(월) | -    |     280,365,120 |     285,866,025 |     280,148,705
06-09(화) | -    |     288,776,211 |     306,774,822 |     300,639,325
06-10(수) | -    |     304,496,975 |     298,106,179 |     292,144,055
06-11(목) | -    |     304,402,860 |     305,398,024 |     299,290,064
06-12(금) | -    |     340,418,122 |     351,718,311 |     344,683,945
06-13(토) | -    |     356,708,837 |     360,825,337 |     353,608,831
06-14(일) | -    |     289,268,285 |     293,389,018 |     287,521,238
06-15(월) | -    |     300,786,827 |     300,272,855 |     294,267,398
06-16(화) | -    |     312,520,580 |     316,939,004 |     310,600,224
06-17(수) | -    |     312,270,447 |     325,327,031 |     318,820,490
06-18(목) | -    |     323,815,001 |     325,317,799 |     318,811,443
06-19(금) | -    |     266,743,404 |     288,584,945 |     282,813,246
06-20(토) | 비    |     159,748,004 |     160,087,869 |     156,886,112
06-21(일) | -    |     301,999,183 |     309,323,270 |     303,136,805
06-22(월) | -    |     285,663,747 |     266,758,717 |     261,423,543
06-23(화) | -    |     292,312,805 |     290,376,831 |     284,569,294
06-24(수) | -    |               - |     315,774,608 |     309,459,116
06-25(목) | -    |               - |     250,611,560 |     245,599,329
06-26(금) | -    |               - |     336,585,428 |     329,853,719
06-27(토) | -    |               - |     340,911,281 |     334,093,056
06-28(일) | -    |               - |     286,788,511 |     281,052,740
06-29(월) | -    |               - |     284,020,733 |     278,340,319
06-30(화) | -    |               - |     320,076,455 |     313,674,926
```

메시지 전송 성공: spaces/AAQA8O4oUkw/messages/H8zI-gLPSqM.H8zI-gLPSqM

-------------------
2026-06-24 10:00:56 [INFO] 금일 배치 작업이 모두 정상 종료되었습니다. 성공 마커 파일을 기록합니다.
2026-06-24 10:00:56 [INFO] Removed old marker file: .daily_success_20260623
2026-06-24 10:00:56 [INFO] ================ Daily Batch Run Completed ================

2026-06-24 10:00:05 [INFO] ================ Daily Batch Run Attempt (2026-06-24 10:00:05) ================
2026-06-24 10:00:05 [INFO] 필수 데이터 검사 범위: 2026-06-01 ~ 2026-06-23
2026-06-24 10:00:05 [INFO] 누락 데이터 존재 감지: ['2026-06-23']
2026-06-24 10:00:05 [INFO] 누락 날짜 데이터 강제 추출 시도: 2026-06-23
2026-06-24 10:00:05 [INFO] Starting execution of: extract_rich_orders_daily.py 2026-06-23 2026-06-23
2026-06-24 10:00:25 [INFO] 
--- extract_rich_orders_daily.py STDOUT ---
총 1일 치 데이터 추출을 시작합니다.
저장 기본 경로: /Users/galaxy/Google Drive/공유 드라이브/gbike.rich_orders
[2026-06-23] 데이터 추출 중...
[2026-06-23] 성공적으로 저장되었습니다. (건수: 199,556, 소요시간: 17.12초)

-------------------
2026-06-24 10:00:25 [INFO] Starting execution of: send_weekly_report.py 
2026-06-24 10:00:56 [INFO] 
--- send_weekly_report.py STDOUT ---
[2026-06-01 ~ 2026-06-23] 데이터를 로드합니다...
월말 최종 마감 예상 매출(예측 MTD) 계산 시작...
생성된 메시지:
📊 *gbike 실적 리포트*

▶️ *이번 달 누적 (MTD: 2026-06-01 ~ 2026-06-23)*
- 총 실매출(only 트립매출): 6,876,605,034원
- 이번 달 최종 마감 예측 매출: 9,011,373,614원 (모델 소요시간: 17.9초)
- 이번 달 경영 목표 매출: 8,978,703,709원
- (경영목표 대비 100.4% 달성 예상입니다.)
- 총 트립 수: 4,552,704건
- 이용 유저 수: 781,072명

▶️ *최근 7일 요약 (2026-06-17 ~ 2026-06-23)*
- 총 실매출(only 트립매출): 1,942,552,594원 (WoW -12.0%)
- 총 트립 수: 1,301,223건
- 이용 유저 수: 419,067명

▶️ *최근 14일 일별 상세*
```
일자       | 날씨 |     트립수 |    운행기기 |   only 트립매출(원) |        예상매출(원)
------------------------------------------------------------------------------
06-10(수) | -    |  209,597 |   73,475 |     304,496,975 |     298,106,179
06-11(목) | -    |  209,176 |   73,623 |     304,402,860 |     305,398,024
06-12(금) | -    |  225,896 |   75,856 |     340,418,122 |     351,718,311
06-13(토) | -    |  220,141 |   74,717 |     356,708,837 |     360,825,337
06-14(일) | -    |  179,727 |   67,687 |     289,268,285 |     293,389,018
06-15(월) | -    |  206,063 |   72,843 |     300,786,827 |     300,272,855
06-16(화) | -    |  215,549 |   74,346 |     312,520,580 |     316,939,004
06-17(수) | -    |  215,085 |   74,347 |     312,270,447 |     325,327,031
06-18(목) | -    |  222,331 |   75,438 |     323,815,001 |     325,317,799
06-19(금) | -    |  180,288 |   69,283 |     266,743,404 |     288,584,945
06-20(토) | 비    |  104,728 |   49,971 |     159,748,004 |     160,087,869
06-21(일) | -    |  186,766 |   67,877 |     301,999,183 |     309,323,270
06-22(월) | -    |  192,469 |   70,063 |     285,663,747 |     266,758,717
06-23(화) | -    |  199,556 |   71,371 |     292,312,805 |     290,376,831
```

▶️ *이번달 일별 상세 (예상)*
```
일자       | 날씨 |          실매출(원) |         예상매출(원) |        보수적예상(원)
--------------------------------------------------------------------
06-01(월) | -    |     288,747,891 |     308,746,320 |     302,571,393
06-02(화) | -    |     301,957,680 |     311,204,648 |     304,980,555
06-03(수) | -    |     333,344,852 |     327,087,023 |     320,545,282
06-04(목) | -    |     270,422,430 |     261,733,478 |     256,498,808
06-05(금) | -    |     326,460,617 |     320,555,826 |     314,144,709
06-06(토) | -    |     335,705,664 |     337,977,727 |     331,218,172
06-07(일) | -    |     299,669,481 |     290,191,045 |     284,387,224
06-08(월) | -    |     280,365,120 |     285,866,025 |     280,148,705
06-09(화) | -    |     288,776,211 |     306,774,822 |     300,639,325
06-10(수) | -    |     304,496,975 |     298,106,179 |     292,144,055
06-11(목) | -    |     304,402,860 |     305,398,024 |     299,290,064
06-12(금) | -    |     340,418,122 |     351,718,311 |     344,683,945
06-13(토) | -    |     356,708,837 |     360,825,337 |     353,608,831
06-14(일) | -    |     289,268,285 |     293,389,018 |     287,521,238
06-15(월) | -    |     300,786,827 |     300,272,855 |     294,267,398
06-16(화) | -    |     312,520,580 |     316,939,004 |     310,600,224
06-17(수) | -    |     312,270,447 |     325,327,031 |     318,820,490
06-18(목) | -    |     323,815,001 |     325,317,799 |     318,811,443
06-19(금) | -    |     266,743,404 |     288,584,945 |     282,813,246
06-20(토) | 비    |     159,748,004 |     160,087,869 |     156,886,112
06-21(일) | -    |     301,999,183 |     309,323,270 |     303,136,805
06-22(월) | -    |     285,663,747 |     266,758,717 |     261,423,543
06-23(화) | -    |     292,312,805 |     290,376,831 |     284,569,294
06-24(수) | -    |               - |     315,774,608 |     309,459,116
06-25(목) | -    |               - |     250,611,560 |     245,599,329
06-26(금) | -    |               - |     336,585,428 |     329,853,719
06-27(토) | -    |               - |     340,911,281 |     334,093,056
06-28(일) | -    |               - |     286,788,511 |     281,052,740
06-29(월) | -    |               - |     284,020,733 |     278,340,319
06-30(화) | -    |               - |     320,076,455 |     313,674,926
```

메시지 전송 성공: spaces/AAQA8O4oUkw/messages/H8zI-gLPSqM.H8zI-gLPSqM

-------------------
2026-06-24 10:00:56 [INFO] 금일 배치 작업이 모두 정상 종료되었습니다. 성공 마커 파일을 기록합니다.
2026-06-24 10:00:56 [INFO] Removed old marker file: .daily_success_20260623
2026-06-24 10:00:56 [INFO] ================ Daily Batch Run Completed ================

2026-06-24 10:00:56 [INFO] run_daily_batch.py completed successfully.
2026-06-24 10:00:56 [INFO] ================ Daily Cron Batch End ================
2026-06-25 10:00:02 [INFO] ================ Daily Cron Batch Start ================
2026-06-25 10:00:02 [INFO] Virtual environment activated.
2026-06-25 10:00:02 [INFO] Running run_daily_batch.py...
2026-06-25 10:00:02 [INFO] ================ Daily Batch Run Attempt (2026-06-25 10:00:02) ================
2026-06-25 10:00:02 [INFO] 필수 데이터 검사 범위: 2026-06-01 ~ 2026-06-24
2026-06-25 10:00:02 [INFO] 누락 데이터 존재 감지: ['2026-06-24']
2026-06-25 10:00:02 [INFO] 누락 날짜 데이터 강제 추출 시도: 2026-06-24
2026-06-25 10:00:02 [INFO] Starting execution of: extract_rich_orders_daily.py 2026-06-24 2026-06-24
2026-06-25 10:00:20 [INFO] 
--- extract_rich_orders_daily.py STDOUT ---
총 1일 치 데이터 추출을 시작합니다.
저장 기본 경로: /Users/galaxy/Google Drive/공유 드라이브/gbike.rich_orders
[2026-06-24] 데이터 추출 중...
[2026-06-24] 성공적으로 저장되었습니다. (건수: 200,095, 소요시간: 16.98초)

-------------------
2026-06-25 10:00:20 [INFO] Starting execution of: send_weekly_report.py 
2026-06-25 10:00:49 [INFO] 
--- send_weekly_report.py STDOUT ---
[2026-06-01 ~ 2026-06-24] 데이터를 로드합니다...
월말 최종 마감 예상 매출(예측 MTD) 계산 시작...
생성된 메시지:
📊 *gbike 실적 리포트*

▶️ *이번 달 누적 (MTD: 2026-06-01 ~ 2026-06-24)*
- 총 실매출(only 트립매출): 7,170,165,031원
- 이번 달 최종 마감 예측 매출: 8,989,181,620원 (모델 소요시간: 11.0초)
- 이번 달 경영 목표 매출: 8,978,703,709원
- (경영목표 대비 100.1% 달성 예상입니다.)
- 총 트립 수: 4,752,799건
- 이용 유저 수: 796,047명

▶️ *최근 7일 요약 (2026-06-18 ~ 2026-06-24)*
- 총 실매출(only 트립매출): 1,923,842,144원 (WoW -13.2%)
- 총 트립 수: 1,286,233건
- 이용 유저 수: 416,275명

▶️ *최근 14일 일별 상세*
```
일자       | 날씨 |     트립수 |    운행기기 |   only 트립매출(원) |        예상매출(원)
------------------------------------------------------------------------------
06-11(목) | -    |  209,176 |   73,623 |     304,402,860 |     305,153,114
06-12(금) | -    |  225,896 |   75,856 |     340,418,122 |     346,463,756
06-13(토) | -    |  220,141 |   74,717 |     356,708,837 |     360,979,364
06-14(일) | -    |  179,727 |   67,687 |     289,268,285 |     292,376,923
06-15(월) | -    |  206,063 |   72,843 |     300,786,827 |     298,849,907
06-16(화) | -    |  215,549 |   74,346 |     312,520,580 |     315,761,424
06-17(수) | -    |  215,085 |   74,347 |     312,270,447 |     325,161,670
06-18(목) | -    |  222,331 |   75,438 |     323,815,001 |     325,176,770
06-19(금) | -    |  180,288 |   69,283 |     266,743,404 |     295,317,455
06-20(토) | 비    |  104,728 |   49,971 |     159,748,004 |     161,636,830
06-21(일) | -    |  186,766 |   67,877 |     301,999,183 |     307,259,339
06-22(월) | -    |  192,469 |   70,063 |     285,663,747 |     267,570,935
06-23(화) | -    |  199,556 |   71,371 |     292,312,805 |     291,421,313
06-24(수) | -    |  200,095 |   71,665 |     293,559,997 |     313,773,158
```

▶️ *이번달 일별 상세 (예상)*
```
일자       | 날씨 |          실매출(원) |         예상매출(원) |        보수적예상(원)
--------------------------------------------------------------------
06-01(월) | -    |     288,747,891 |     306,726,672 |     300,592,138
06-02(화) | -    |     301,957,680 |     311,303,716 |     305,077,641
06-03(수) | -    |     333,344,852 |     327,924,643 |     321,366,150
06-04(목) | -    |     270,422,430 |     253,715,446 |     248,641,137
06-05(금) | -    |     326,460,617 |     320,186,833 |     313,783,096
06-06(토) | -    |     335,705,664 |     338,667,210 |     331,893,865
06-07(일) | -    |     299,669,481 |     287,074,368 |     281,332,881
06-08(월) | -    |     280,365,120 |     289,655,205 |     283,862,101
06-09(화) | -    |     288,776,211 |     308,751,263 |     302,576,237
06-10(수) | -    |     304,496,975 |     299,299,101 |     293,313,119
06-11(목) | -    |     304,402,860 |     305,153,114 |     299,050,052
06-12(금) | -    |     340,418,122 |     346,463,756 |     339,534,481
06-13(토) | -    |     356,708,837 |     360,979,364 |     353,759,777
06-14(일) | -    |     289,268,285 |     292,376,923 |     286,529,384
06-15(월) | -    |     300,786,827 |     298,849,907 |     292,872,909
06-16(화) | -    |     312,520,580 |     315,761,424 |     309,446,196
06-17(수) | -    |     312,270,447 |     325,161,670 |     318,658,436
06-18(목) | -    |     323,815,001 |     325,176,770 |     318,673,235
06-19(금) | -    |     266,743,404 |     295,317,455 |     289,411,106
06-20(토) | 비    |     159,748,004 |     161,636,830 |     158,404,094
06-21(일) | -    |     301,999,183 |     307,259,339 |     301,114,152
06-22(월) | -    |     285,663,747 |     267,570,935 |     262,219,516
06-23(화) | -    |     292,312,805 |     291,421,313 |     285,592,886
06-24(수) | -    |     293,559,997 |     313,773,158 |     307,497,695
06-25(목) | -    |               - |     242,101,742 |     237,259,707
06-26(금) | -    |               - |     331,880,489 |     325,242,879
06-27(토) | -    |               - |     344,412,327 |     337,524,081
06-28(일) | -    |               - |     311,578,055 |     305,346,494
06-29(월) | -    |               - |     304,631,888 |     298,539,250
06-30(화) | -    |               - |     284,412,084 |     278,723,842
```

메시지 전송 성공: spaces/AAQA8O4oUkw/messages/yd5JJFXoI00.yd5JJFXoI00

-------------------
2026-06-25 10:00:49 [INFO] 금일 배치 작업이 모두 정상 종료되었습니다. 성공 마커 파일을 기록합니다.
2026-06-25 10:00:49 [INFO] Removed old marker file: .daily_success_20260624
2026-06-25 10:00:49 [INFO] ================ Daily Batch Run Completed ================

2026-06-25 10:00:02 [INFO] ================ Daily Batch Run Attempt (2026-06-25 10:00:02) ================
2026-06-25 10:00:02 [INFO] 필수 데이터 검사 범위: 2026-06-01 ~ 2026-06-24
2026-06-25 10:00:02 [INFO] 누락 데이터 존재 감지: ['2026-06-24']
2026-06-25 10:00:02 [INFO] 누락 날짜 데이터 강제 추출 시도: 2026-06-24
2026-06-25 10:00:02 [INFO] Starting execution of: extract_rich_orders_daily.py 2026-06-24 2026-06-24
2026-06-25 10:00:20 [INFO] 
--- extract_rich_orders_daily.py STDOUT ---
총 1일 치 데이터 추출을 시작합니다.
저장 기본 경로: /Users/galaxy/Google Drive/공유 드라이브/gbike.rich_orders
[2026-06-24] 데이터 추출 중...
[2026-06-24] 성공적으로 저장되었습니다. (건수: 200,095, 소요시간: 16.98초)

-------------------
2026-06-25 10:00:20 [INFO] Starting execution of: send_weekly_report.py 
2026-06-25 10:00:49 [INFO] 
--- send_weekly_report.py STDOUT ---
[2026-06-01 ~ 2026-06-24] 데이터를 로드합니다...
월말 최종 마감 예상 매출(예측 MTD) 계산 시작...
생성된 메시지:
📊 *gbike 실적 리포트*

▶️ *이번 달 누적 (MTD: 2026-06-01 ~ 2026-06-24)*
- 총 실매출(only 트립매출): 7,170,165,031원
- 이번 달 최종 마감 예측 매출: 8,989,181,620원 (모델 소요시간: 11.0초)
- 이번 달 경영 목표 매출: 8,978,703,709원
- (경영목표 대비 100.1% 달성 예상입니다.)
- 총 트립 수: 4,752,799건
- 이용 유저 수: 796,047명

▶️ *최근 7일 요약 (2026-06-18 ~ 2026-06-24)*
- 총 실매출(only 트립매출): 1,923,842,144원 (WoW -13.2%)
- 총 트립 수: 1,286,233건
- 이용 유저 수: 416,275명

▶️ *최근 14일 일별 상세*
```
일자       | 날씨 |     트립수 |    운행기기 |   only 트립매출(원) |        예상매출(원)
------------------------------------------------------------------------------
06-11(목) | -    |  209,176 |   73,623 |     304,402,860 |     305,153,114
06-12(금) | -    |  225,896 |   75,856 |     340,418,122 |     346,463,756
06-13(토) | -    |  220,141 |   74,717 |     356,708,837 |     360,979,364
06-14(일) | -    |  179,727 |   67,687 |     289,268,285 |     292,376,923
06-15(월) | -    |  206,063 |   72,843 |     300,786,827 |     298,849,907
06-16(화) | -    |  215,549 |   74,346 |     312,520,580 |     315,761,424
06-17(수) | -    |  215,085 |   74,347 |     312,270,447 |     325,161,670
06-18(목) | -    |  222,331 |   75,438 |     323,815,001 |     325,176,770
06-19(금) | -    |  180,288 |   69,283 |     266,743,404 |     295,317,455
06-20(토) | 비    |  104,728 |   49,971 |     159,748,004 |     161,636,830
06-21(일) | -    |  186,766 |   67,877 |     301,999,183 |     307,259,339
06-22(월) | -    |  192,469 |   70,063 |     285,663,747 |     267,570,935
06-23(화) | -    |  199,556 |   71,371 |     292,312,805 |     291,421,313
06-24(수) | -    |  200,095 |   71,665 |     293,559,997 |     313,773,158
```

▶️ *이번달 일별 상세 (예상)*
```
일자       | 날씨 |          실매출(원) |         예상매출(원) |        보수적예상(원)
--------------------------------------------------------------------
06-01(월) | -    |     288,747,891 |     306,726,672 |     300,592,138
06-02(화) | -    |     301,957,680 |     311,303,716 |     305,077,641
06-03(수) | -    |     333,344,852 |     327,924,643 |     321,366,150
06-04(목) | -    |     270,422,430 |     253,715,446 |     248,641,137
06-05(금) | -    |     326,460,617 |     320,186,833 |     313,783,096
06-06(토) | -    |     335,705,664 |     338,667,210 |     331,893,865
06-07(일) | -    |     299,669,481 |     287,074,368 |     281,332,881
06-08(월) | -    |     280,365,120 |     289,655,205 |     283,862,101
06-09(화) | -    |     288,776,211 |     308,751,263 |     302,576,237
06-10(수) | -    |     304,496,975 |     299,299,101 |     293,313,119
06-11(목) | -    |     304,402,860 |     305,153,114 |     299,050,052
06-12(금) | -    |     340,418,122 |     346,463,756 |     339,534,481
06-13(토) | -    |     356,708,837 |     360,979,364 |     353,759,777
06-14(일) | -    |     289,268,285 |     292,376,923 |     286,529,384
06-15(월) | -    |     300,786,827 |     298,849,907 |     292,872,909
06-16(화) | -    |     312,520,580 |     315,761,424 |     309,446,196
06-17(수) | -    |     312,270,447 |     325,161,670 |     318,658,436
06-18(목) | -    |     323,815,001 |     325,176,770 |     318,673,235
06-19(금) | -    |     266,743,404 |     295,317,455 |     289,411,106
06-20(토) | 비    |     159,748,004 |     161,636,830 |     158,404,094
06-21(일) | -    |     301,999,183 |     307,259,339 |     301,114,152
06-22(월) | -    |     285,663,747 |     267,570,935 |     262,219,516
06-23(화) | -    |     292,312,805 |     291,421,313 |     285,592,886
06-24(수) | -    |     293,559,997 |     313,773,158 |     307,497,695
06-25(목) | -    |               - |     242,101,742 |     237,259,707
06-26(금) | -    |               - |     331,880,489 |     325,242,879
06-27(토) | -    |               - |     344,412,327 |     337,524,081
06-28(일) | -    |               - |     311,578,055 |     305,346,494
06-29(월) | -    |               - |     304,631,888 |     298,539,250
06-30(화) | -    |               - |     284,412,084 |     278,723,842
```

메시지 전송 성공: spaces/AAQA8O4oUkw/messages/yd5JJFXoI00.yd5JJFXoI00

-------------------
2026-06-25 10:00:49 [INFO] 금일 배치 작업이 모두 정상 종료되었습니다. 성공 마커 파일을 기록합니다.
2026-06-25 10:00:49 [INFO] Removed old marker file: .daily_success_20260624
2026-06-25 10:00:49 [INFO] ================ Daily Batch Run Completed ================

2026-06-25 10:00:49 [INFO] run_daily_batch.py completed successfully.
2026-06-25 10:00:49 [INFO] ================ Daily Cron Batch End ================
2026-06-26 10:00:05 [INFO] ================ Daily Cron Batch Start ================
2026-06-26 10:00:05 [INFO] Virtual environment activated.
2026-06-26 10:00:05 [INFO] Running run_daily_batch.py...
2026-06-26 10:00:05 [INFO] ================ Daily Batch Run Attempt (2026-06-26 10:00:05) ================
2026-06-26 10:00:05 [INFO] 필수 데이터 검사 범위: 2026-06-01 ~ 2026-06-25
2026-06-26 10:00:05 [INFO] 누락 데이터 존재 감지: ['2026-06-25']
2026-06-26 10:00:05 [INFO] 누락 날짜 데이터 강제 추출 시도: 2026-06-25
2026-06-26 10:00:05 [INFO] Starting execution of: extract_rich_orders_daily.py 2026-06-25 2026-06-25
2026-06-26 10:00:23 [INFO] 
--- extract_rich_orders_daily.py STDOUT ---
총 1일 치 데이터 추출을 시작합니다.
저장 기본 경로: /Users/galaxy/Google Drive/공유 드라이브/gbike.rich_orders
[2026-06-25] 데이터 추출 중...
[2026-06-25] 성공적으로 저장되었습니다. (건수: 194,250, 소요시간: 16.72초)

-------------------
2026-06-26 10:00:23 [INFO] Starting execution of: send_weekly_report.py 
2026-06-26 10:01:14 [INFO] 
--- send_weekly_report.py STDOUT ---
[2026-06-01 ~ 2026-06-25] 데이터를 로드합니다...
월말 최종 마감 예상 매출 계산 시작...
월말 최종 마감 예상 운행수 계산 시작...
매출 메시지 발송 중...
메시지 전송 성공: spaces/AAQA8O4oUkw/messages/b4dAfcQ0ypc.b4dAfcQ0ypc
운행수 메시지 발송 중...
메시지 전송 성공: spaces/AAQA8O4oUkw/messages/ILdubNnor2E.ILdubNnor2E

-------------------
2026-06-26 10:01:14 [INFO] 금일 배치 작업이 모두 정상 종료되었습니다. 성공 마커 파일을 기록합니다.
2026-06-26 10:01:14 [INFO] Removed old marker file: .daily_success_20260625
2026-06-26 10:01:14 [INFO] ================ Daily Batch Run Completed ================

2026-06-26 10:00:05 [INFO] ================ Daily Batch Run Attempt (2026-06-26 10:00:05) ================
2026-06-26 10:00:05 [INFO] 필수 데이터 검사 범위: 2026-06-01 ~ 2026-06-25
2026-06-26 10:00:05 [INFO] 누락 데이터 존재 감지: ['2026-06-25']
2026-06-26 10:00:05 [INFO] 누락 날짜 데이터 강제 추출 시도: 2026-06-25
2026-06-26 10:00:05 [INFO] Starting execution of: extract_rich_orders_daily.py 2026-06-25 2026-06-25
2026-06-26 10:00:23 [INFO] 
--- extract_rich_orders_daily.py STDOUT ---
총 1일 치 데이터 추출을 시작합니다.
저장 기본 경로: /Users/galaxy/Google Drive/공유 드라이브/gbike.rich_orders
[2026-06-25] 데이터 추출 중...
[2026-06-25] 성공적으로 저장되었습니다. (건수: 194,250, 소요시간: 16.72초)

-------------------
2026-06-26 10:00:23 [INFO] Starting execution of: send_weekly_report.py 
2026-06-26 10:01:14 [INFO] 
--- send_weekly_report.py STDOUT ---
[2026-06-01 ~ 2026-06-25] 데이터를 로드합니다...
월말 최종 마감 예상 매출 계산 시작...
월말 최종 마감 예상 운행수 계산 시작...
매출 메시지 발송 중...
메시지 전송 성공: spaces/AAQA8O4oUkw/messages/b4dAfcQ0ypc.b4dAfcQ0ypc
운행수 메시지 발송 중...
메시지 전송 성공: spaces/AAQA8O4oUkw/messages/ILdubNnor2E.ILdubNnor2E

-------------------
2026-06-26 10:01:14 [INFO] 금일 배치 작업이 모두 정상 종료되었습니다. 성공 마커 파일을 기록합니다.
2026-06-26 10:01:14 [INFO] Removed old marker file: .daily_success_20260625
2026-06-26 10:01:14 [INFO] ================ Daily Batch Run Completed ================

2026-06-26 10:01:14 [INFO] run_daily_batch.py completed successfully.
2026-06-26 10:01:14 [INFO] ================ Daily Cron Batch End ================
2026-06-26 10:45:28 [INFO] ================ Daily Cron Batch Start ================
2026-06-26 10:45:28 [INFO] Virtual environment activated.
2026-06-26 10:45:28 [INFO] Running run_daily_batch.py...
2026-06-26 10:45:28 [INFO] ================ Daily Batch Run Attempt (2026-06-26 10:45:28) ================
2026-06-26 10:45:28 [INFO] 오늘 배치 작업이 이미 성공적으로 완료되었습니다. 실행을 생략합니다.
2026-06-26 10:45:28 [INFO] ================ Daily Batch Run Skip ================

2026-06-26 10:45:28 [INFO] ================ Daily Batch Run Attempt (2026-06-26 10:45:28) ================
2026-06-26 10:45:28 [INFO] 오늘 배치 작업이 이미 성공적으로 완료되었습니다. 실행을 생략합니다.
2026-06-26 10:45:28 [INFO] ================ Daily Batch Run Skip ================

2026-06-26 10:45:28 [INFO] run_daily_batch.py completed successfully.
2026-06-26 10:45:28 [INFO] ================ Daily Cron Batch End ================
2026-06-26 10:46:00 [INFO] ================ Daily Cron Batch Start ================
2026-06-26 10:46:00 [INFO] Virtual environment activated.
2026-06-26 10:46:00 [INFO] Running run_daily_batch.py...
2026-06-26 10:46:00 [INFO] ================ Daily Batch Run Attempt (2026-06-26 10:46:00) ================
2026-06-26 10:46:00 [INFO] 필수 데이터 검사 범위: 2026-06-01 ~ 2026-06-25
2026-06-26 10:46:00 [INFO] 모든 필수 날짜의 데이터 파케이 파일이 존재합니다. 추가 추출 단계를 생략합니다.
2026-06-26 10:46:00 [INFO] Starting execution of: extract_rich_user_monthly.py 
2026-06-26 10:46:09 [INFO] 
--- extract_rich_user_monthly.py STDOUT ---
추출 기간: 2026-06-01 ~ 2026-06-25
저장 경로: /Users/galaxy/Google Drive/공유 드라이브/gbike.rich_user/rich_user_this_month/rich_user_this_month.parquet
데이터 추출 중...
성공적으로 덮어쓰기 완료되었습니다. (건수: 81,593, 소요시간: 7.50초)
rich_user_all.parquet 파일 병합(Upsert)을 시작합니다...
rich_user_all.parquet 업데이트 완료! (최종 유저 수: 3,976,602)

-------------------
2026-06-26 10:46:09 [INFO] Starting execution of: extract_rich_user_segment.py 
2026-06-26 10:46:13 [INFO] 
--- extract_rich_user_segment.py STDOUT ---
target-date가 지정되지 않았습니다. 디폴트로 최근 3일치를 계산합니다.
[2026-06-23 기준] 유저 세그먼트 계산을 시작합니다.
운행 이력 로드 기간: 2025-06-23 ~ 2026-06-23
유저별 운행 통계를 집계합니다...
전체 유저 정보를 로드합니다...
지역 정보를 로드하고 유저 정보와 결합합니다...
유저 정보와 운행 통계를 병합합니다...
고객 세그먼트를 분류합니다...
주 이용수단을 판별합니다...
결과가 저장되었습니다: /Users/galaxy/Google Drive/공유 드라이브/gbike.rich_user_segment/dt=2026-06-23/rich_user_segment_2026-06-23.parquet

[세그먼트 분포 요약]
shape: (7, 3)
┌────────────────┬─────────┬──────────┐
│ segment        ┆ count   ┆ ratio(%) │
│ ---            ┆ ---     ┆ ---      │
│ str            ┆ u32     ┆ f64      │
╞════════════════╪═════════╪══════════╡
│ churn_over_365 ┆ 1536585 ┆ 47.6     │
│ churn          ┆ 653252  ┆ 20.2     │
│ inactive       ┆ 331114  ┆ 10.3     │
│ light_active   ┆ 302781  ┆ 9.4      │
│ active         ┆ 263708  ┆ 8.2      │
│ dormant        ┆ 87115   ┆ 2.7      │
│ acquisition    ┆ 52606   ┆ 1.6      │
└────────────────┴─────────┴──────────┘
[2026-06-24 기준] 유저 세그먼트 계산을 시작합니다.
운행 이력 로드 기간: 2025-06-24 ~ 2026-06-24
유저별 운행 통계를 집계합니다...
전체 유저 정보를 로드합니다...
지역 정보를 로드하고 유저 정보와 결합합니다...
유저 정보와 운행 통계를 병합합니다...
고객 세그먼트를 분류합니다...
주 이용수단을 판별합니다...
결과가 저장되었습니다: /Users/galaxy/Google Drive/공유 드라이브/gbike.rich_user_segment/dt=2026-06-24/rich_user_segment_2026-06-24.parquet

[세그먼트 분포 요약]
shape: (7, 3)
┌────────────────┬─────────┬──────────┐
│ segment        ┆ count   ┆ ratio(%) │
│ ---            ┆ ---     ┆ ---      │
│ str            ┆ u32     ┆ f64      │
╞════════════════╪═════════╪══════════╡
│ churn_over_365 ┆ 1537552 ┆ 47.6     │
│ churn          ┆ 652008  ┆ 20.2     │
│ inactive       ┆ 336854  ┆ 10.4     │
│ light_active   ┆ 300895  ┆ 9.3      │
│ active         ┆ 263120  ┆ 8.1      │
│ dormant        ┆ 87568   ┆ 2.7      │
│ acquisition    ┆ 51740   ┆ 1.6      │
└────────────────┴─────────┴──────────┘
[2026-06-25 기준] 유저 세그먼트 계산을 시작합니다.
운행 이력 로드 기간: 2025-06-25 ~ 2026-06-25
유저별 운행 통계를 집계합니다...
전체 유저 정보를 로드합니다...
지역 정보를 로드하고 유저 정보와 결합합니다...
유저 정보와 운행 통계를 병합합니다...
고객 세그먼트를 분류합니다...
주 이용수단을 판별합니다...
결과가 저장되었습니다: /Users/galaxy/Google Drive/공유 드라이브/gbike.rich_user_segment/dt=2026-06-25/rich_user_segment_2026-06-25.parquet

[세그먼트 분포 요약]
shape: (7, 3)
┌────────────────┬─────────┬──────────┐
│ segment        ┆ count   ┆ ratio(%) │
│ ---            ┆ ---     ┆ ---      │
│ str            ┆ u32     ┆ f64      │
╞════════════════╪═════════╪══════════╡
│ churn_over_365 ┆ 1537891 ┆ 47.6     │
│ churn          ┆ 650786  ┆ 20.1     │
│ inactive       ┆ 340936  ┆ 10.5     │
│ light_active   ┆ 299703  ┆ 9.3      │
│ active         ┆ 262788  ┆ 8.1      │
│ dormant        ┆ 88877   ┆ 2.7      │
│ acquisition    ┆ 51126   ┆ 1.6      │
└────────────────┴─────────┴──────────┘

-------------------
2026-06-26 10:46:13 [INFO] Starting execution of: send_weekly_report.py 
2026-06-26 10:46:56 [INFO] 
--- send_weekly_report.py STDOUT ---
[2026-06-01 ~ 2026-06-25] 데이터를 로드합니다...
월말 최종 마감 예상 매출 계산 시작...
월말 최종 마감 예상 운행수 계산 시작...
유저 세그먼트 데이터 로드 및 차트 생성 중 (월별)...
매출 메시지 발송 중...
메시지 전송 성공: spaces/AAQA8O4oUkw/messages/KbWeGwmedBE.KbWeGwmedBE
운행수 메시지 발송 중...
메시지 전송 성공: spaces/AAQA8O4oUkw/messages/KwcdamtkTCY.KwcdamtkTCY
세그먼트 메시지 발송 중...
메시지 전송 성공: spaces/AAQA8O4oUkw/messages/yG9rGjlWD30.yG9rGjlWD30

-------------------
2026-06-26 10:46:56 [INFO] 금일 배치 작업이 모두 정상 종료되었습니다. 성공 마커 파일을 기록합니다.
2026-06-26 10:46:56 [INFO] ================ Daily Batch Run Completed ================

2026-06-26 10:46:00 [INFO] ================ Daily Batch Run Attempt (2026-06-26 10:46:00) ================
2026-06-26 10:46:00 [INFO] 필수 데이터 검사 범위: 2026-06-01 ~ 2026-06-25
2026-06-26 10:46:00 [INFO] 모든 필수 날짜의 데이터 파케이 파일이 존재합니다. 추가 추출 단계를 생략합니다.
2026-06-26 10:46:00 [INFO] Starting execution of: extract_rich_user_monthly.py 
2026-06-26 10:46:09 [INFO] 
--- extract_rich_user_monthly.py STDOUT ---
추출 기간: 2026-06-01 ~ 2026-06-25
저장 경로: /Users/galaxy/Google Drive/공유 드라이브/gbike.rich_user/rich_user_this_month/rich_user_this_month.parquet
데이터 추출 중...
성공적으로 덮어쓰기 완료되었습니다. (건수: 81,593, 소요시간: 7.50초)
rich_user_all.parquet 파일 병합(Upsert)을 시작합니다...
rich_user_all.parquet 업데이트 완료! (최종 유저 수: 3,976,602)

-------------------
2026-06-26 10:46:09 [INFO] Starting execution of: extract_rich_user_segment.py 
2026-06-26 10:46:13 [INFO] 
--- extract_rich_user_segment.py STDOUT ---
target-date가 지정되지 않았습니다. 디폴트로 최근 3일치를 계산합니다.
[2026-06-23 기준] 유저 세그먼트 계산을 시작합니다.
운행 이력 로드 기간: 2025-06-23 ~ 2026-06-23
유저별 운행 통계를 집계합니다...
전체 유저 정보를 로드합니다...
지역 정보를 로드하고 유저 정보와 결합합니다...
유저 정보와 운행 통계를 병합합니다...
고객 세그먼트를 분류합니다...
주 이용수단을 판별합니다...
결과가 저장되었습니다: /Users/galaxy/Google Drive/공유 드라이브/gbike.rich_user_segment/dt=2026-06-23/rich_user_segment_2026-06-23.parquet

[세그먼트 분포 요약]
shape: (7, 3)
┌────────────────┬─────────┬──────────┐
│ segment        ┆ count   ┆ ratio(%) │
│ ---            ┆ ---     ┆ ---      │
│ str            ┆ u32     ┆ f64      │
╞════════════════╪═════════╪══════════╡
│ churn_over_365 ┆ 1536585 ┆ 47.6     │
│ churn          ┆ 653252  ┆ 20.2     │
│ inactive       ┆ 331114  ┆ 10.3     │
│ light_active   ┆ 302781  ┆ 9.4      │
│ active         ┆ 263708  ┆ 8.2      │
│ dormant        ┆ 87115   ┆ 2.7      │
│ acquisition    ┆ 52606   ┆ 1.6      │
└────────────────┴─────────┴──────────┘
[2026-06-24 기준] 유저 세그먼트 계산을 시작합니다.
운행 이력 로드 기간: 2025-06-24 ~ 2026-06-24
유저별 운행 통계를 집계합니다...
전체 유저 정보를 로드합니다...
지역 정보를 로드하고 유저 정보와 결합합니다...
유저 정보와 운행 통계를 병합합니다...
고객 세그먼트를 분류합니다...
주 이용수단을 판별합니다...
결과가 저장되었습니다: /Users/galaxy/Google Drive/공유 드라이브/gbike.rich_user_segment/dt=2026-06-24/rich_user_segment_2026-06-24.parquet

[세그먼트 분포 요약]
shape: (7, 3)
┌────────────────┬─────────┬──────────┐
│ segment        ┆ count   ┆ ratio(%) │
│ ---            ┆ ---     ┆ ---      │
│ str            ┆ u32     ┆ f64      │
╞════════════════╪═════════╪══════════╡
│ churn_over_365 ┆ 1537552 ┆ 47.6     │
│ churn          ┆ 652008  ┆ 20.2     │
│ inactive       ┆ 336854  ┆ 10.4     │
│ light_active   ┆ 300895  ┆ 9.3      │
│ active         ┆ 263120  ┆ 8.1      │
│ dormant        ┆ 87568   ┆ 2.7      │
│ acquisition    ┆ 51740   ┆ 1.6      │
└────────────────┴─────────┴──────────┘
[2026-06-25 기준] 유저 세그먼트 계산을 시작합니다.
운행 이력 로드 기간: 2025-06-25 ~ 2026-06-25
유저별 운행 통계를 집계합니다...
전체 유저 정보를 로드합니다...
지역 정보를 로드하고 유저 정보와 결합합니다...
유저 정보와 운행 통계를 병합합니다...
고객 세그먼트를 분류합니다...
주 이용수단을 판별합니다...
결과가 저장되었습니다: /Users/galaxy/Google Drive/공유 드라이브/gbike.rich_user_segment/dt=2026-06-25/rich_user_segment_2026-06-25.parquet

[세그먼트 분포 요약]
shape: (7, 3)
┌────────────────┬─────────┬──────────┐
│ segment        ┆ count   ┆ ratio(%) │
│ ---            ┆ ---     ┆ ---      │
│ str            ┆ u32     ┆ f64      │
╞════════════════╪═════════╪══════════╡
│ churn_over_365 ┆ 1537891 ┆ 47.6     │
│ churn          ┆ 650786  ┆ 20.1     │
│ inactive       ┆ 340936  ┆ 10.5     │
│ light_active   ┆ 299703  ┆ 9.3      │
│ active         ┆ 262788  ┆ 8.1      │
│ dormant        ┆ 88877   ┆ 2.7      │
│ acquisition    ┆ 51126   ┆ 1.6      │
└────────────────┴─────────┴──────────┘

-------------------
2026-06-26 10:46:13 [INFO] Starting execution of: send_weekly_report.py 
2026-06-26 10:46:56 [INFO] 
--- send_weekly_report.py STDOUT ---
[2026-06-01 ~ 2026-06-25] 데이터를 로드합니다...
월말 최종 마감 예상 매출 계산 시작...
월말 최종 마감 예상 운행수 계산 시작...
유저 세그먼트 데이터 로드 및 차트 생성 중 (월별)...
매출 메시지 발송 중...
메시지 전송 성공: spaces/AAQA8O4oUkw/messages/KbWeGwmedBE.KbWeGwmedBE
운행수 메시지 발송 중...
메시지 전송 성공: spaces/AAQA8O4oUkw/messages/KwcdamtkTCY.KwcdamtkTCY
세그먼트 메시지 발송 중...
메시지 전송 성공: spaces/AAQA8O4oUkw/messages/yG9rGjlWD30.yG9rGjlWD30

-------------------
2026-06-26 10:46:56 [INFO] 금일 배치 작업이 모두 정상 종료되었습니다. 성공 마커 파일을 기록합니다.
2026-06-26 10:46:56 [INFO] ================ Daily Batch Run Completed ================

2026-06-26 10:46:56 [INFO] run_daily_batch.py completed successfully.
2026-06-26 10:46:56 [INFO] ================ Daily Cron Batch End ================
2026-06-27 10:09:55 [INFO] ================ Daily Cron Batch Start ================
2026-06-27 10:09:55 [INFO] Virtual environment activated.
2026-06-27 10:09:55 [INFO] Running run_daily_batch.py...
2026-06-27 10:09:55 [INFO] ================ Daily Batch Run Attempt (2026-06-27 10:09:55) ================
2026-06-27 10:09:55 [INFO] 필수 데이터 검사 범위: 2026-06-01 ~ 2026-06-26
2026-06-27 10:09:55 [INFO] 누락 데이터 존재 감지: ['2026-06-26']
2026-06-27 10:09:55 [INFO] 누락 날짜 데이터 강제 추출 시도: 2026-06-26
2026-06-27 10:09:55 [INFO] Starting execution of: extract_rich_orders_daily.py 2026-06-26 2026-06-26
2026-06-27 10:26:22 [ERROR] Error running extract_rich_orders_daily.py (Exit code: 1)
2026-06-27 10:26:22 [ERROR] STDOUT:
총 1일 치 데이터 추출을 시작합니다.
저장 기본 경로: /Users/galaxy/Google Drive/공유 드라이브/gbike.rich_orders
[2026-06-26] 데이터 추출 중...
Error extracting data for 2026-06-26: (pymysql.err.OperationalError) (2003, "Can't connect to MySQL server on 'live.st.rds.gbility.io' ([Errno 60] Operation timed out)")
(Background on this error at: https://sqlalche.me/e/20/e3q8)
[2026-06-26] 추출 실패. 다음 날짜로 넘어갑니다.
경고: 하나 이상의 날짜 추출 또는 저장에 실패했습니다.

2026-06-27 10:26:22 [ERROR] 2026-06-26 데이터 추출 단계에서 오류가 발생하여 배치 실행을 중단합니다.
2026-06-27 10:26:22 [INFO] ================ Daily Batch Run Failed ================

2026-06-27 10:09:55 [INFO] ================ Daily Batch Run Attempt (2026-06-27 10:09:55) ================
2026-06-27 10:09:55 [INFO] 필수 데이터 검사 범위: 2026-06-01 ~ 2026-06-26
2026-06-27 10:09:55 [INFO] 누락 데이터 존재 감지: ['2026-06-26']
2026-06-27 10:09:55 [INFO] 누락 날짜 데이터 강제 추출 시도: 2026-06-26
2026-06-27 10:09:55 [INFO] Starting execution of: extract_rich_orders_daily.py 2026-06-26 2026-06-26
2026-06-27 10:26:22 [ERROR] Error running extract_rich_orders_daily.py (Exit code: 1)
2026-06-27 10:26:22 [ERROR] STDOUT:
총 1일 치 데이터 추출을 시작합니다.
저장 기본 경로: /Users/galaxy/Google Drive/공유 드라이브/gbike.rich_orders
[2026-06-26] 데이터 추출 중...
Error extracting data for 2026-06-26: (pymysql.err.OperationalError) (2003, "Can't connect to MySQL server on 'live.st.rds.gbility.io' ([Errno 60] Operation timed out)")
(Background on this error at: https://sqlalche.me/e/20/e3q8)
[2026-06-26] 추출 실패. 다음 날짜로 넘어갑니다.
경고: 하나 이상의 날짜 추출 또는 저장에 실패했습니다.

2026-06-27 10:26:22 [ERROR] 2026-06-26 데이터 추출 단계에서 오류가 발생하여 배치 실행을 중단합니다.
2026-06-27 10:26:22 [INFO] ================ Daily Batch Run Failed ================

2026-06-27 10:26:22 [ERROR] run_daily_batch.py failed with exit code 1
2026-06-28 10:16:31 [INFO] ================ Daily Cron Batch Start ================
2026-06-28 10:16:31 [INFO] Virtual environment activated.
2026-06-28 10:16:31 [INFO] Running run_daily_batch.py...
2026-06-28 10:16:31 [INFO] ================ Daily Batch Run Attempt (2026-06-28 10:16:31) ================
2026-06-28 10:16:31 [INFO] 필수 데이터 검사 범위: 2026-06-01 ~ 2026-06-27
2026-06-28 10:16:31 [INFO] 누락 데이터 존재 감지: ['2026-06-26', '2026-06-27']
2026-06-28 10:16:31 [INFO] 누락 날짜 데이터 강제 추출 시도: 2026-06-26
2026-06-28 10:16:31 [INFO] Starting execution of: extract_rich_orders_daily.py 2026-06-26 2026-06-26
2026-06-28 10:32:35 [ERROR] Error running extract_rich_orders_daily.py (Exit code: 1)
2026-06-28 10:32:35 [ERROR] STDOUT:
총 1일 치 데이터 추출을 시작합니다.
저장 기본 경로: /Users/galaxy/Google Drive/공유 드라이브/gbike.rich_orders
[2026-06-26] 데이터 추출 중...
Error extracting data for 2026-06-26: (pymysql.err.OperationalError) (2003, "Can't connect to MySQL server on 'live.st.rds.gbility.io' ([Errno 60] Operation timed out)")
(Background on this error at: https://sqlalche.me/e/20/e3q8)
[2026-06-26] 추출 실패. 다음 날짜로 넘어갑니다.
경고: 하나 이상의 날짜 추출 또는 저장에 실패했습니다.

2026-06-28 10:32:35 [ERROR] 2026-06-26 데이터 추출 단계에서 오류가 발생하여 배치 실행을 중단합니다.
2026-06-28 10:32:35 [INFO] ================ Daily Batch Run Failed ================

2026-06-28 10:16:31 [INFO] ================ Daily Batch Run Attempt (2026-06-28 10:16:31) ================
2026-06-28 10:16:31 [INFO] 필수 데이터 검사 범위: 2026-06-01 ~ 2026-06-27
2026-06-28 10:16:31 [INFO] 누락 데이터 존재 감지: ['2026-06-26', '2026-06-27']
2026-06-28 10:16:31 [INFO] 누락 날짜 데이터 강제 추출 시도: 2026-06-26
2026-06-28 10:16:31 [INFO] Starting execution of: extract_rich_orders_daily.py 2026-06-26 2026-06-26
2026-06-28 10:32:35 [ERROR] Error running extract_rich_orders_daily.py (Exit code: 1)
2026-06-28 10:32:35 [ERROR] STDOUT:
총 1일 치 데이터 추출을 시작합니다.
저장 기본 경로: /Users/galaxy/Google Drive/공유 드라이브/gbike.rich_orders
[2026-06-26] 데이터 추출 중...
Error extracting data for 2026-06-26: (pymysql.err.OperationalError) (2003, "Can't connect to MySQL server on 'live.st.rds.gbility.io' ([Errno 60] Operation timed out)")
(Background on this error at: https://sqlalche.me/e/20/e3q8)
[2026-06-26] 추출 실패. 다음 날짜로 넘어갑니다.
경고: 하나 이상의 날짜 추출 또는 저장에 실패했습니다.

2026-06-28 10:32:35 [ERROR] 2026-06-26 데이터 추출 단계에서 오류가 발생하여 배치 실행을 중단합니다.
2026-06-28 10:32:35 [INFO] ================ Daily Batch Run Failed ================

2026-06-28 10:32:35 [ERROR] run_daily_batch.py failed with exit code 1
2026-06-29 10:00:04 [INFO] ================ Daily Cron Batch Start ================
2026-06-29 10:00:04 [INFO] Virtual environment activated.
2026-06-29 10:00:04 [INFO] Running run_daily_batch.py...
2026-06-29 10:00:04 [INFO] ================ Daily Batch Run Attempt (2026-06-29 10:00:04) ================
2026-06-29 10:00:04 [INFO] 필수 데이터 검사 범위: 2026-06-01 ~ 2026-06-28
2026-06-29 10:00:04 [INFO] 누락 데이터 존재 감지: ['2026-06-26', '2026-06-27', '2026-06-28']
2026-06-29 10:00:04 [INFO] 누락 날짜 데이터 강제 추출 시도: 2026-06-26
2026-06-29 10:00:04 [INFO] Starting execution of: extract_rich_orders_daily.py 2026-06-26 2026-06-26
2026-06-29 10:00:25 [INFO] 
--- extract_rich_orders_daily.py STDOUT ---
총 1일 치 데이터 추출을 시작합니다.
저장 기본 경로: /Users/galaxy/Google Drive/공유 드라이브/gbike.rich_orders
[2026-06-26] 데이터 추출 중...
[2026-06-26] 성공적으로 저장되었습니다. (건수: 220,661, 소요시간: 18.72초)

-------------------
2026-06-29 10:00:25 [INFO] 누락 날짜 데이터 강제 추출 시도: 2026-06-27
2026-06-29 10:00:25 [INFO] Starting execution of: extract_rich_orders_daily.py 2026-06-27 2026-06-27
2026-06-29 10:00:45 [INFO] 
--- extract_rich_orders_daily.py STDOUT ---
총 1일 치 데이터 추출을 시작합니다.
저장 기본 경로: /Users/galaxy/Google Drive/공유 드라이브/gbike.rich_orders
[2026-06-27] 데이터 추출 중...
[2026-06-27] 성공적으로 저장되었습니다. (건수: 214,472, 소요시간: 19.60초)

-------------------
2026-06-29 10:00:45 [INFO] 누락 날짜 데이터 강제 추출 시도: 2026-06-28
2026-06-29 10:00:45 [INFO] Starting execution of: extract_rich_orders_daily.py 2026-06-28 2026-06-28
2026-06-29 10:01:03 [INFO] 
--- extract_rich_orders_daily.py STDOUT ---
총 1일 치 데이터 추출을 시작합니다.
저장 기본 경로: /Users/galaxy/Google Drive/공유 드라이브/gbike.rich_orders
[2026-06-28] 데이터 추출 중...
[2026-06-28] 성공적으로 저장되었습니다. (건수: 190,222, 소요시간: 18.09초)

-------------------
2026-06-29 10:01:03 [INFO] Starting execution of: extract_rich_user_monthly.py 
2026-06-29 10:01:08 [INFO] 
--- extract_rich_user_monthly.py STDOUT ---
추출 기간: 2026-06-01 ~ 2026-06-28
저장 경로: /Users/galaxy/Google Drive/공유 드라이브/gbike.rich_user/rich_user_this_month/rich_user_this_month.parquet
데이터 추출 중...
성공적으로 덮어쓰기 완료되었습니다. (건수: 93,894, 소요시간: 2.86초)
rich_user_all.parquet 파일 병합(Upsert)을 시작합니다...
rich_user_all.parquet 업데이트 완료! (최종 유저 수: 3,988,957)

-------------------
2026-06-29 10:01:08 [INFO] Starting execution of: extract_rich_user_segment.py 
2026-06-29 10:01:13 [INFO] 
--- extract_rich_user_segment.py STDOUT ---
target-date가 지정되지 않았습니다. 디폴트로 최근 3일치를 계산합니다.
[2026-06-26 기준] 유저 세그먼트 계산을 시작합니다.
운행 이력 로드 기간: 2025-06-26 ~ 2026-06-26
유저별 운행 통계를 집계합니다...
전체 유저 정보를 로드합니다...
지역 정보를 로드하고 유저 정보와 결합합니다...
유저 정보와 운행 통계를 병합합니다...
고객 세그먼트를 분류합니다...
주 이용수단을 판별합니다...
결과가 저장되었습니다: /Users/galaxy/Google Drive/공유 드라이브/gbike.rich_user_segment/dt=2026-06-26/rich_user_segment_2026-06-26.parquet

[세그먼트 분포 요약]
shape: (7, 3)
┌────────────────┬─────────┬──────────┐
│ segment        ┆ count   ┆ ratio(%) │
│ ---            ┆ ---     ┆ ---      │
│ str            ┆ u32     ┆ f64      │
╞════════════════╪═════════╪══════════╡
│ churn_over_365 ┆ 1537749 ┆ 47.5     │
│ churn          ┆ 650256  ┆ 20.1     │
│ inactive       ┆ 338955  ┆ 10.5     │
│ light_active   ┆ 301281  ┆ 9.3      │
│ active         ┆ 265013  ┆ 8.2      │
│ dormant        ┆ 89921   ┆ 2.8      │
│ acquisition    ┆ 51911   ┆ 1.6      │
└────────────────┴─────────┴──────────┘
[2026-06-27 기준] 유저 세그먼트 계산을 시작합니다.
운행 이력 로드 기간: 2025-06-27 ~ 2026-06-27
유저별 운행 통계를 집계합니다...
전체 유저 정보를 로드합니다...
지역 정보를 로드하고 유저 정보와 결합합니다...
유저 정보와 운행 통계를 병합합니다...
고객 세그먼트를 분류합니다...
주 이용수단을 판별합니다...
결과가 저장되었습니다: /Users/galaxy/Google Drive/공유 드라이브/gbike.rich_user_segment/dt=2026-06-27/rich_user_segment_2026-06-27.parquet

[세그먼트 분포 요약]
shape: (7, 3)
┌────────────────┬─────────┬──────────┐
│ segment        ┆ count   ┆ ratio(%) │
│ ---            ┆ ---     ┆ ---      │
│ str            ┆ u32     ┆ f64      │
╞════════════════╪═════════╪══════════╡
│ churn_over_365 ┆ 1537843 ┆ 47.5     │
│ churn          ┆ 648791  ┆ 20.0     │
│ inactive       ┆ 334811  ┆ 10.3     │
│ light_active   ┆ 304892  ┆ 9.4      │
│ active         ┆ 267567  ┆ 8.3      │
│ dormant        ┆ 91924   ┆ 2.8      │
│ acquisition    ┆ 53304   ┆ 1.6      │
└────────────────┴─────────┴──────────┘
[2026-06-28 기준] 유저 세그먼트 계산을 시작합니다.
운행 이력 로드 기간: 2025-06-28 ~ 2026-06-28
유저별 운행 통계를 집계합니다...
전체 유저 정보를 로드합니다...
지역 정보를 로드하고 유저 정보와 결합합니다...
유저 정보와 운행 통계를 병합합니다...
고객 세그먼트를 분류합니다...
주 이용수단을 판별합니다...
결과가 저장되었습니다: /Users/galaxy/Google Drive/공유 드라이브/gbike.rich_user_segment/dt=2026-06-28/rich_user_segment_2026-06-28.parquet

[세그먼트 분포 요약]
shape: (7, 3)
┌────────────────┬─────────┬──────────┐
│ segment        ┆ count   ┆ ratio(%) │
│ ---            ┆ ---     ┆ ---      │
│ str            ┆ u32     ┆ f64      │
╞════════════════╪═════════╪══════════╡
│ churn_over_365 ┆ 1538933 ┆ 47.5     │
│ churn          ┆ 647333  ┆ 20.0     │
│ inactive       ┆ 333007  ┆ 10.3     │
│ light_active   ┆ 307152  ┆ 9.5      │
│ active         ┆ 268859  ┆ 8.3      │
│ dormant        ┆ 93239   ┆ 2.9      │
│ acquisition    ┆ 54046   ┆ 1.7      │
└────────────────┴─────────┴──────────┘

-------------------
2026-06-29 10:01:13 [INFO] Starting execution of: send_weekly_report.py 
2026-06-29 10:02:08 [INFO] 
--- send_weekly_report.py STDOUT ---
[2026-06-01 ~ 2026-06-28] 데이터를 로드합니다...
월말 최종 마감 예상 매출 계산 시작...
월말 최종 마감 예상 운행수 계산 시작...
유저 세그먼트 데이터 로드 및 차트 생성 중 (월별)...
매출 메시지 발송 중...
메시지 전송 성공: spaces/AAQA8O4oUkw/messages/AH-CQ5Uy1q4.AH-CQ5Uy1q4
운행수 메시지 발송 중...
메시지 전송 성공: spaces/AAQA8O4oUkw/messages/208cPcwrRHY.208cPcwrRHY
세그먼트 메시지 발송 중...
메시지 전송 성공: spaces/AAQA8O4oUkw/messages/4719pwIa4mM.4719pwIa4mM

-------------------
2026-06-29 10:02:08 [INFO] 금일 배치 작업이 모두 정상 종료되었습니다. 성공 마커 파일을 기록합니다.
2026-06-29 10:02:08 [INFO] Removed old marker file: .daily_success_20260626
2026-06-29 10:02:08 [INFO] ================ Daily Batch Run Completed ================

2026-06-29 10:00:04 [INFO] ================ Daily Batch Run Attempt (2026-06-29 10:00:04) ================
2026-06-29 10:00:04 [INFO] 필수 데이터 검사 범위: 2026-06-01 ~ 2026-06-28
2026-06-29 10:00:04 [INFO] 누락 데이터 존재 감지: ['2026-06-26', '2026-06-27', '2026-06-28']
2026-06-29 10:00:04 [INFO] 누락 날짜 데이터 강제 추출 시도: 2026-06-26
2026-06-29 10:00:04 [INFO] Starting execution of: extract_rich_orders_daily.py 2026-06-26 2026-06-26
2026-06-29 10:00:25 [INFO] 
--- extract_rich_orders_daily.py STDOUT ---
총 1일 치 데이터 추출을 시작합니다.
저장 기본 경로: /Users/galaxy/Google Drive/공유 드라이브/gbike.rich_orders
[2026-06-26] 데이터 추출 중...
[2026-06-26] 성공적으로 저장되었습니다. (건수: 220,661, 소요시간: 18.72초)

-------------------
2026-06-29 10:00:25 [INFO] 누락 날짜 데이터 강제 추출 시도: 2026-06-27
2026-06-29 10:00:25 [INFO] Starting execution of: extract_rich_orders_daily.py 2026-06-27 2026-06-27
2026-06-29 10:00:45 [INFO] 
--- extract_rich_orders_daily.py STDOUT ---
총 1일 치 데이터 추출을 시작합니다.
저장 기본 경로: /Users/galaxy/Google Drive/공유 드라이브/gbike.rich_orders
[2026-06-27] 데이터 추출 중...
[2026-06-27] 성공적으로 저장되었습니다. (건수: 214,472, 소요시간: 19.60초)

-------------------
2026-06-29 10:00:45 [INFO] 누락 날짜 데이터 강제 추출 시도: 2026-06-28
2026-06-29 10:00:45 [INFO] Starting execution of: extract_rich_orders_daily.py 2026-06-28 2026-06-28
2026-06-29 10:01:03 [INFO] 
--- extract_rich_orders_daily.py STDOUT ---
총 1일 치 데이터 추출을 시작합니다.
저장 기본 경로: /Users/galaxy/Google Drive/공유 드라이브/gbike.rich_orders
[2026-06-28] 데이터 추출 중...
[2026-06-28] 성공적으로 저장되었습니다. (건수: 190,222, 소요시간: 18.09초)

-------------------
2026-06-29 10:01:03 [INFO] Starting execution of: extract_rich_user_monthly.py 
2026-06-29 10:01:08 [INFO] 
--- extract_rich_user_monthly.py STDOUT ---
추출 기간: 2026-06-01 ~ 2026-06-28
저장 경로: /Users/galaxy/Google Drive/공유 드라이브/gbike.rich_user/rich_user_this_month/rich_user_this_month.parquet
데이터 추출 중...
성공적으로 덮어쓰기 완료되었습니다. (건수: 93,894, 소요시간: 2.86초)
rich_user_all.parquet 파일 병합(Upsert)을 시작합니다...
rich_user_all.parquet 업데이트 완료! (최종 유저 수: 3,988,957)

-------------------
2026-06-29 10:01:08 [INFO] Starting execution of: extract_rich_user_segment.py 
2026-06-29 10:01:13 [INFO] 
--- extract_rich_user_segment.py STDOUT ---
target-date가 지정되지 않았습니다. 디폴트로 최근 3일치를 계산합니다.
[2026-06-26 기준] 유저 세그먼트 계산을 시작합니다.
운행 이력 로드 기간: 2025-06-26 ~ 2026-06-26
유저별 운행 통계를 집계합니다...
전체 유저 정보를 로드합니다...
지역 정보를 로드하고 유저 정보와 결합합니다...
유저 정보와 운행 통계를 병합합니다...
고객 세그먼트를 분류합니다...
주 이용수단을 판별합니다...
결과가 저장되었습니다: /Users/galaxy/Google Drive/공유 드라이브/gbike.rich_user_segment/dt=2026-06-26/rich_user_segment_2026-06-26.parquet

[세그먼트 분포 요약]
shape: (7, 3)
┌────────────────┬─────────┬──────────┐
│ segment        ┆ count   ┆ ratio(%) │
│ ---            ┆ ---     ┆ ---      │
│ str            ┆ u32     ┆ f64      │
╞════════════════╪═════════╪══════════╡
│ churn_over_365 ┆ 1537749 ┆ 47.5     │
│ churn          ┆ 650256  ┆ 20.1     │
│ inactive       ┆ 338955  ┆ 10.5     │
│ light_active   ┆ 301281  ┆ 9.3      │
│ active         ┆ 265013  ┆ 8.2      │
│ dormant        ┆ 89921   ┆ 2.8      │
│ acquisition    ┆ 51911   ┆ 1.6      │
└────────────────┴─────────┴──────────┘
[2026-06-27 기준] 유저 세그먼트 계산을 시작합니다.
운행 이력 로드 기간: 2025-06-27 ~ 2026-06-27
유저별 운행 통계를 집계합니다...
전체 유저 정보를 로드합니다...
지역 정보를 로드하고 유저 정보와 결합합니다...
유저 정보와 운행 통계를 병합합니다...
고객 세그먼트를 분류합니다...
주 이용수단을 판별합니다...
결과가 저장되었습니다: /Users/galaxy/Google Drive/공유 드라이브/gbike.rich_user_segment/dt=2026-06-27/rich_user_segment_2026-06-27.parquet

[세그먼트 분포 요약]
shape: (7, 3)
┌────────────────┬─────────┬──────────┐
│ segment        ┆ count   ┆ ratio(%) │
│ ---            ┆ ---     ┆ ---      │
│ str            ┆ u32     ┆ f64      │
╞════════════════╪═════════╪══════════╡
│ churn_over_365 ┆ 1537843 ┆ 47.5     │
│ churn          ┆ 648791  ┆ 20.0     │
│ inactive       ┆ 334811  ┆ 10.3     │
│ light_active   ┆ 304892  ┆ 9.4      │
│ active         ┆ 267567  ┆ 8.3      │
│ dormant        ┆ 91924   ┆ 2.8      │
│ acquisition    ┆ 53304   ┆ 1.6      │
└────────────────┴─────────┴──────────┘
[2026-06-28 기준] 유저 세그먼트 계산을 시작합니다.
운행 이력 로드 기간: 2025-06-28 ~ 2026-06-28
유저별 운행 통계를 집계합니다...
전체 유저 정보를 로드합니다...
지역 정보를 로드하고 유저 정보와 결합합니다...
유저 정보와 운행 통계를 병합합니다...
고객 세그먼트를 분류합니다...
주 이용수단을 판별합니다...
결과가 저장되었습니다: /Users/galaxy/Google Drive/공유 드라이브/gbike.rich_user_segment/dt=2026-06-28/rich_user_segment_2026-06-28.parquet

[세그먼트 분포 요약]
shape: (7, 3)
┌────────────────┬─────────┬──────────┐
│ segment        ┆ count   ┆ ratio(%) │
│ ---            ┆ ---     ┆ ---      │
│ str            ┆ u32     ┆ f64      │
╞════════════════╪═════════╪══════════╡
│ churn_over_365 ┆ 1538933 ┆ 47.5     │
│ churn          ┆ 647333  ┆ 20.0     │
│ inactive       ┆ 333007  ┆ 10.3     │
│ light_active   ┆ 307152  ┆ 9.5      │
│ active         ┆ 268859  ┆ 8.3      │
│ dormant        ┆ 93239   ┆ 2.9      │
│ acquisition    ┆ 54046   ┆ 1.7      │
└────────────────┴─────────┴──────────┘

-------------------
2026-06-29 10:01:13 [INFO] Starting execution of: send_weekly_report.py 
2026-06-29 10:02:08 [INFO] 
--- send_weekly_report.py STDOUT ---
[2026-06-01 ~ 2026-06-28] 데이터를 로드합니다...
월말 최종 마감 예상 매출 계산 시작...
월말 최종 마감 예상 운행수 계산 시작...
유저 세그먼트 데이터 로드 및 차트 생성 중 (월별)...
매출 메시지 발송 중...
메시지 전송 성공: spaces/AAQA8O4oUkw/messages/AH-CQ5Uy1q4.AH-CQ5Uy1q4
운행수 메시지 발송 중...
메시지 전송 성공: spaces/AAQA8O4oUkw/messages/208cPcwrRHY.208cPcwrRHY
세그먼트 메시지 발송 중...
메시지 전송 성공: spaces/AAQA8O4oUkw/messages/4719pwIa4mM.4719pwIa4mM

-------------------
2026-06-29 10:02:08 [INFO] 금일 배치 작업이 모두 정상 종료되었습니다. 성공 마커 파일을 기록합니다.
2026-06-29 10:02:08 [INFO] Removed old marker file: .daily_success_20260626
2026-06-29 10:02:08 [INFO] ================ Daily Batch Run Completed ================

2026-06-29 10:02:08 [INFO] run_daily_batch.py completed successfully.
2026-06-29 10:02:08 [INFO] ================ Daily Cron Batch End ================
2026-06-30 10:00:04 [INFO] ================ Daily Cron Batch Start ================
2026-06-30 10:00:04 [INFO] Virtual environment activated.
2026-06-30 10:00:04 [INFO] Running run_daily_batch.py...
2026-06-30 10:00:04 [INFO] ================ Daily Batch Run Attempt (2026-06-30 10:00:04) ================
2026-06-30 10:00:04 [INFO] 필수 데이터 검사 범위: 2026-06-01 ~ 2026-06-29
2026-06-30 10:00:04 [INFO] 누락 데이터 존재 감지: ['2026-06-29']
2026-06-30 10:00:04 [INFO] 누락 날짜 데이터 강제 추출 시도: 2026-06-29
2026-06-30 10:00:04 [INFO] Starting execution of: extract_rich_orders_daily.py 2026-06-29 2026-06-29
2026-06-30 10:00:24 [INFO] 
--- extract_rich_orders_daily.py STDOUT ---
총 1일 치 데이터 추출을 시작합니다.
저장 기본 경로: /Users/galaxy/Google Drive/공유 드라이브/gbike.rich_orders
[2026-06-29] 데이터 추출 중...
[2026-06-29] 성공적으로 저장되었습니다. (건수: 208,053, 소요시간: 19.22초)

-------------------
2026-06-30 10:00:24 [INFO] Starting execution of: extract_rich_user_monthly.py 
2026-06-30 10:00:40 [INFO] 
--- extract_rich_user_monthly.py STDOUT ---
추출 기간: 2026-06-01 ~ 2026-06-29
저장 경로: /Users/galaxy/Google Drive/공유 드라이브/gbike.rich_user/rich_user_this_month/rich_user_this_month.parquet
데이터 추출 중...
성공적으로 덮어쓰기 완료되었습니다. (건수: 97,025, 소요시간: 14.97초)
rich_user_all.parquet 파일 병합(Upsert)을 시작합니다...
rich_user_all.parquet 업데이트 완료! (최종 유저 수: 3,992,122)

-------------------
2026-06-30 10:00:40 [INFO] Starting execution of: extract_rich_user_segment.py 
2026-06-30 10:00:46 [INFO] 
--- extract_rich_user_segment.py STDOUT ---
target-date가 지정되지 않았습니다. 디폴트로 최근 3일치를 계산합니다.
[2026-06-27 기준] 유저 세그먼트 계산을 시작합니다.
운행 이력 로드 기간: 2025-06-27 ~ 2026-06-27
유저별 운행 통계를 집계합니다...
전체 유저 정보를 로드합니다...
지역 정보를 로드하고 유저 정보와 결합합니다...
유저 정보와 운행 통계를 병합합니다...
고객 세그먼트를 분류합니다...
주 이용수단을 판별합니다...
RFM 스코어 및 CLTV를 계산합니다...
결과가 저장되었습니다: /Users/galaxy/Google Drive/공유 드라이브/gbike.rich_user_segment/dt=2026-06-27/rich_user_segment_2026-06-27.parquet

[세그먼트 분포 요약]
shape: (7, 3)
┌────────────────┬─────────┬──────────┐
│ segment        ┆ count   ┆ ratio(%) │
│ ---            ┆ ---     ┆ ---      │
│ str            ┆ u32     ┆ f64      │
╞════════════════╪═════════╪══════════╡
│ churn_over_365 ┆ 1537843 ┆ 47.5     │
│ churn          ┆ 648791  ┆ 20.0     │
│ inactive       ┆ 334811  ┆ 10.3     │
│ light_active   ┆ 304886  ┆ 9.4      │
│ active         ┆ 267579  ┆ 8.3      │
│ dormant        ┆ 91924   ┆ 2.8      │
│ acquisition    ┆ 53275   ┆ 1.6      │
└────────────────┴─────────┴──────────┘
[2026-06-28 기준] 유저 세그먼트 계산을 시작합니다.
운행 이력 로드 기간: 2025-06-28 ~ 2026-06-28
유저별 운행 통계를 집계합니다...
전체 유저 정보를 로드합니다...
지역 정보를 로드하고 유저 정보와 결합합니다...
유저 정보와 운행 통계를 병합합니다...
고객 세그먼트를 분류합니다...
주 이용수단을 판별합니다...
RFM 스코어 및 CLTV를 계산합니다...
결과가 저장되었습니다: /Users/galaxy/Google Drive/공유 드라이브/gbike.rich_user_segment/dt=2026-06-28/rich_user_segment_2026-06-28.parquet

[세그먼트 분포 요약]
shape: (7, 3)
┌────────────────┬─────────┬──────────┐
│ segment        ┆ count   ┆ ratio(%) │
│ ---            ┆ ---     ┆ ---      │
│ str            ┆ u32     ┆ f64      │
╞════════════════╪═════════╪══════════╡
│ churn_over_365 ┆ 1538933 ┆ 47.5     │
│ churn          ┆ 647333  ┆ 20.0     │
│ inactive       ┆ 333007  ┆ 10.3     │
│ light_active   ┆ 307145  ┆ 9.5      │
│ active         ┆ 268868  ┆ 8.3      │
│ dormant        ┆ 93239   ┆ 2.9      │
│ acquisition    ┆ 54007   ┆ 1.7      │
└────────────────┴─────────┴──────────┘
[2026-06-29 기준] 유저 세그먼트 계산을 시작합니다.
운행 이력 로드 기간: 2025-06-29 ~ 2026-06-29
유저별 운행 통계를 집계합니다...
전체 유저 정보를 로드합니다...
지역 정보를 로드하고 유저 정보와 결합합니다...
유저 정보와 운행 통계를 병합합니다...
고객 세그먼트를 분류합니다...
주 이용수단을 판별합니다...
RFM 스코어 및 CLTV를 계산합니다...
결과가 저장되었습니다: /Users/galaxy/Google Drive/공유 드라이브/gbike.rich_user_segment/dt=2026-06-29/rich_user_segment_2026-06-29.parquet

[세그먼트 분포 요약]
shape: (7, 3)
┌────────────────┬─────────┬──────────┐
│ segment        ┆ count   ┆ ratio(%) │
│ ---            ┆ ---     ┆ ---      │
│ str            ┆ u32     ┆ f64      │
╞════════════════╪═════════╪══════════╡
│ churn_over_365 ┆ 1540589 ┆ 47.5     │
│ churn          ┆ 646639  ┆ 19.9     │
│ inactive       ┆ 337401  ┆ 10.4     │
│ light_active   ┆ 306727  ┆ 9.5      │
│ active         ┆ 268626  ┆ 8.3      │
│ dormant        ┆ 91364   ┆ 2.8      │
│ acquisition    ┆ 53921   ┆ 1.7      │
└────────────────┴─────────┴──────────┘

-------------------
2026-06-30 10:00:46 [INFO] Starting execution of: send_weekly_report.py 
2026-06-30 10:01:44 [INFO] 
--- send_weekly_report.py STDOUT ---
[2026-06-01 ~ 2026-06-29] 데이터를 로드합니다...
월말 최종 마감 예상 매출 계산 시작...
월말 최종 마감 예상 운행수 계산 시작...
유저 세그먼트 데이터 로드 및 차트 생성 중 (월별)...
[2026-06-29] 세그먼트 데이터에 LTV 컬럼이 존재하지 않습니다.
매출 메시지 발송 중...
메시지 전송 성공: spaces/AAQA8O4oUkw/messages/ExUutk2ObBk.ExUutk2ObBk
운행수 메시지 발송 중...
메시지 전송 성공: spaces/AAQA8O4oUkw/messages/If3CR6_R0Ls.If3CR6_R0Ls
세그먼트 메시지 발송 중...
메시지 전송 성공: spaces/AAQA8O4oUkw/messages/o1SfxDGLOCQ.o1SfxDGLOCQ

-------------------
2026-06-30 10:01:44 [INFO] 금일 배치 작업이 모두 정상 종료되었습니다. 성공 마커 파일을 기록합니다.
2026-06-30 10:01:44 [INFO] Removed old marker file: .daily_success_20260629
2026-06-30 10:01:44 [INFO] ================ Daily Batch Run Completed ================

2026-06-30 10:00:04 [INFO] ================ Daily Batch Run Attempt (2026-06-30 10:00:04) ================
2026-06-30 10:00:04 [INFO] 필수 데이터 검사 범위: 2026-06-01 ~ 2026-06-29
2026-06-30 10:00:04 [INFO] 누락 데이터 존재 감지: ['2026-06-29']
2026-06-30 10:00:04 [INFO] 누락 날짜 데이터 강제 추출 시도: 2026-06-29
2026-06-30 10:00:04 [INFO] Starting execution of: extract_rich_orders_daily.py 2026-06-29 2026-06-29
2026-06-30 10:00:24 [INFO] 
--- extract_rich_orders_daily.py STDOUT ---
총 1일 치 데이터 추출을 시작합니다.
저장 기본 경로: /Users/galaxy/Google Drive/공유 드라이브/gbike.rich_orders
[2026-06-29] 데이터 추출 중...
[2026-06-29] 성공적으로 저장되었습니다. (건수: 208,053, 소요시간: 19.22초)

-------------------
2026-06-30 10:00:24 [INFO] Starting execution of: extract_rich_user_monthly.py 
2026-06-30 10:00:40 [INFO] 
--- extract_rich_user_monthly.py STDOUT ---
추출 기간: 2026-06-01 ~ 2026-06-29
저장 경로: /Users/galaxy/Google Drive/공유 드라이브/gbike.rich_user/rich_user_this_month/rich_user_this_month.parquet
데이터 추출 중...
성공적으로 덮어쓰기 완료되었습니다. (건수: 97,025, 소요시간: 14.97초)
rich_user_all.parquet 파일 병합(Upsert)을 시작합니다...
rich_user_all.parquet 업데이트 완료! (최종 유저 수: 3,992,122)

-------------------
2026-06-30 10:00:40 [INFO] Starting execution of: extract_rich_user_segment.py 
2026-06-30 10:00:46 [INFO] 
--- extract_rich_user_segment.py STDOUT ---
target-date가 지정되지 않았습니다. 디폴트로 최근 3일치를 계산합니다.
[2026-06-27 기준] 유저 세그먼트 계산을 시작합니다.
운행 이력 로드 기간: 2025-06-27 ~ 2026-06-27
유저별 운행 통계를 집계합니다...
전체 유저 정보를 로드합니다...
지역 정보를 로드하고 유저 정보와 결합합니다...
유저 정보와 운행 통계를 병합합니다...
고객 세그먼트를 분류합니다...
주 이용수단을 판별합니다...
RFM 스코어 및 CLTV를 계산합니다...
결과가 저장되었습니다: /Users/galaxy/Google Drive/공유 드라이브/gbike.rich_user_segment/dt=2026-06-27/rich_user_segment_2026-06-27.parquet

[세그먼트 분포 요약]
shape: (7, 3)
┌────────────────┬─────────┬──────────┐
│ segment        ┆ count   ┆ ratio(%) │
│ ---            ┆ ---     ┆ ---      │
│ str            ┆ u32     ┆ f64      │
╞════════════════╪═════════╪══════════╡
│ churn_over_365 ┆ 1537843 ┆ 47.5     │
│ churn          ┆ 648791  ┆ 20.0     │
│ inactive       ┆ 334811  ┆ 10.3     │
│ light_active   ┆ 304886  ┆ 9.4      │
│ active         ┆ 267579  ┆ 8.3      │
│ dormant        ┆ 91924   ┆ 2.8      │
│ acquisition    ┆ 53275   ┆ 1.6      │
└────────────────┴─────────┴──────────┘
[2026-06-28 기준] 유저 세그먼트 계산을 시작합니다.
운행 이력 로드 기간: 2025-06-28 ~ 2026-06-28
유저별 운행 통계를 집계합니다...
전체 유저 정보를 로드합니다...
지역 정보를 로드하고 유저 정보와 결합합니다...
유저 정보와 운행 통계를 병합합니다...
고객 세그먼트를 분류합니다...
주 이용수단을 판별합니다...
RFM 스코어 및 CLTV를 계산합니다...
결과가 저장되었습니다: /Users/galaxy/Google Drive/공유 드라이브/gbike.rich_user_segment/dt=2026-06-28/rich_user_segment_2026-06-28.parquet

[세그먼트 분포 요약]
shape: (7, 3)
┌────────────────┬─────────┬──────────┐
│ segment        ┆ count   ┆ ratio(%) │
│ ---            ┆ ---     ┆ ---      │
│ str            ┆ u32     ┆ f64      │
╞════════════════╪═════════╪══════════╡
│ churn_over_365 ┆ 1538933 ┆ 47.5     │
│ churn          ┆ 647333  ┆ 20.0     │
│ inactive       ┆ 333007  ┆ 10.3     │
│ light_active   ┆ 307145  ┆ 9.5      │
│ active         ┆ 268868  ┆ 8.3      │
│ dormant        ┆ 93239   ┆ 2.9      │
│ acquisition    ┆ 54007   ┆ 1.7      │
└────────────────┴─────────┴──────────┘
[2026-06-29 기준] 유저 세그먼트 계산을 시작합니다.
운행 이력 로드 기간: 2025-06-29 ~ 2026-06-29
유저별 운행 통계를 집계합니다...
전체 유저 정보를 로드합니다...
지역 정보를 로드하고 유저 정보와 결합합니다...
유저 정보와 운행 통계를 병합합니다...
고객 세그먼트를 분류합니다...
주 이용수단을 판별합니다...
RFM 스코어 및 CLTV를 계산합니다...
결과가 저장되었습니다: /Users/galaxy/Google Drive/공유 드라이브/gbike.rich_user_segment/dt=2026-06-29/rich_user_segment_2026-06-29.parquet

[세그먼트 분포 요약]
shape: (7, 3)
┌────────────────┬─────────┬──────────┐
│ segment        ┆ count   ┆ ratio(%) │
│ ---            ┆ ---     ┆ ---      │
│ str            ┆ u32     ┆ f64      │
╞════════════════╪═════════╪══════════╡
│ churn_over_365 ┆ 1540589 ┆ 47.5     │
│ churn          ┆ 646639  ┆ 19.9     │
│ inactive       ┆ 337401  ┆ 10.4     │
│ light_active   ┆ 306727  ┆ 9.5      │
│ active         ┆ 268626  ┆ 8.3      │
│ dormant        ┆ 91364   ┆ 2.8      │
│ acquisition    ┆ 53921   ┆ 1.7      │
└────────────────┴─────────┴──────────┘

-------------------
2026-06-30 10:00:46 [INFO] Starting execution of: send_weekly_report.py 
2026-06-30 10:01:44 [INFO] 
--- send_weekly_report.py STDOUT ---
[2026-06-01 ~ 2026-06-29] 데이터를 로드합니다...
월말 최종 마감 예상 매출 계산 시작...
월말 최종 마감 예상 운행수 계산 시작...
유저 세그먼트 데이터 로드 및 차트 생성 중 (월별)...
[2026-06-29] 세그먼트 데이터에 LTV 컬럼이 존재하지 않습니다.
매출 메시지 발송 중...
메시지 전송 성공: spaces/AAQA8O4oUkw/messages/ExUutk2ObBk.ExUutk2ObBk
운행수 메시지 발송 중...
메시지 전송 성공: spaces/AAQA8O4oUkw/messages/If3CR6_R0Ls.If3CR6_R0Ls
세그먼트 메시지 발송 중...
메시지 전송 성공: spaces/AAQA8O4oUkw/messages/o1SfxDGLOCQ.o1SfxDGLOCQ

-------------------
2026-06-30 10:01:44 [INFO] 금일 배치 작업이 모두 정상 종료되었습니다. 성공 마커 파일을 기록합니다.
2026-06-30 10:01:44 [INFO] Removed old marker file: .daily_success_20260629
2026-06-30 10:01:44 [INFO] ================ Daily Batch Run Completed ================

2026-06-30 10:01:44 [INFO] run_daily_batch.py completed successfully.
2026-06-30 10:01:44 [INFO] ================ Daily Cron Batch End ================
2026-07-01 10:00:00 [INFO] ================ Daily Cron Batch Start ================
2026-07-01 10:00:00 [INFO] Virtual environment activated.
2026-07-01 10:00:00 [INFO] Running run_daily_batch.py...
2026-07-01 10:00:01 [INFO] ================ Daily Batch Run Attempt (2026-07-01 10:00:01) ================
2026-07-01 10:00:01 [INFO] 필수 데이터 검사 범위: 2026-06-01 ~ 2026-06-30
2026-07-01 10:00:01 [INFO] 누락 데이터 존재 감지: ['2026-06-30']
2026-07-01 10:00:01 [INFO] 누락 날짜 데이터 강제 추출 시도: 2026-06-30
2026-07-01 10:00:01 [INFO] Starting execution of: extract_rich_orders_daily.py 2026-06-30 2026-06-30
2026-07-01 10:00:22 [INFO] 
--- extract_rich_orders_daily.py STDOUT ---
총 1일 치 데이터 추출을 시작합니다.
저장 기본 경로: /Users/galaxy/Google Drive/공유 드라이브/gbike.rich_orders
[2026-06-30] 데이터 추출 중...
[2026-06-30] 성공적으로 저장되었습니다. (건수: 214,815, 소요시간: 19.51초)

-------------------
2026-07-01 10:00:22 [INFO] Starting execution of: extract_rich_user_monthly.py 
2026-07-01 10:00:28 [INFO] 
--- extract_rich_user_monthly.py STDOUT ---
추출 기간: 2026-06-01 ~ 2026-06-30
저장 경로: /Users/galaxy/Google Drive/공유 드라이브/gbike.rich_user/rich_user_this_month/rich_user_this_month.parquet
데이터 추출 중...
성공적으로 덮어쓰기 완료되었습니다. (건수: 100,215, 소요시간: 5.24초)
rich_user_all.parquet 파일 병합(Upsert)을 시작합니다...
rich_user_all.parquet 업데이트 완료! (최종 유저 수: 3,995,337)

-------------------
2026-07-01 10:00:28 [INFO] Starting execution of: extract_rich_user_segment.py 
2026-07-01 10:00:36 [INFO] 
--- extract_rich_user_segment.py STDOUT ---
target-date가 지정되지 않았습니다. 디폴트로 최근 3일치를 계산합니다.
[2026-06-28 기준] 유저 세그먼트 계산을 시작합니다.
운행 이력 로드 기간: 2025-06-28 ~ 2026-06-28
유저별 운행 통계를 집계합니다...
전체 유저 정보를 로드합니다...
지역 정보를 로드하고 유저 정보와 결합합니다...
유저 정보와 운행 통계를 병합합니다...
고객 세그먼트를 분류합니다...
주 이용수단을 판별합니다...
RFM 스코어 및 CLTV를 계산합니다...
결과가 저장되었습니다: /Users/galaxy/Google Drive/공유 드라이브/gbike.rich_user_segment/dt=2026-06-28/rich_user_segment_2026-06-28.parquet

[세그먼트 분포 요약]
shape: (7, 3)
┌────────────────┬─────────┬──────────┐
│ segment        ┆ count   ┆ ratio(%) │
│ ---            ┆ ---     ┆ ---      │
│ str            ┆ u32     ┆ f64      │
╞════════════════╪═════════╪══════════╡
│ churn_over_365 ┆ 1538933 ┆ 47.5     │
│ churn          ┆ 647333  ┆ 20.0     │
│ inactive       ┆ 333007  ┆ 10.3     │
│ light_active   ┆ 307157  ┆ 9.5      │
│ active         ┆ 268819  ┆ 8.3      │
│ dormant        ┆ 93239   ┆ 2.9      │
│ acquisition    ┆ 53994   ┆ 1.7      │
└────────────────┴─────────┴──────────┘
[2026-06-29 기준] 유저 세그먼트 계산을 시작합니다.
운행 이력 로드 기간: 2025-06-29 ~ 2026-06-29
유저별 운행 통계를 집계합니다...
전체 유저 정보를 로드합니다...
지역 정보를 로드하고 유저 정보와 결합합니다...
유저 정보와 운행 통계를 병합합니다...
고객 세그먼트를 분류합니다...
주 이용수단을 판별합니다...
RFM 스코어 및 CLTV를 계산합니다...
결과가 저장되었습니다: /Users/galaxy/Google Drive/공유 드라이브/gbike.rich_user_segment/dt=2026-06-29/rich_user_segment_2026-06-29.parquet

[세그먼트 분포 요약]
shape: (7, 3)
┌────────────────┬─────────┬──────────┐
│ segment        ┆ count   ┆ ratio(%) │
│ ---            ┆ ---     ┆ ---      │
│ str            ┆ u32     ┆ f64      │
╞════════════════╪═════════╪══════════╡
│ churn_over_365 ┆ 1540589 ┆ 47.5     │
│ churn          ┆ 646639  ┆ 19.9     │
│ inactive       ┆ 337401  ┆ 10.4     │
│ light_active   ┆ 306721  ┆ 9.5      │
│ active         ┆ 268580  ┆ 8.3      │
│ dormant        ┆ 91364   ┆ 2.8      │
│ acquisition    ┆ 53915   ┆ 1.7      │
└────────────────┴─────────┴──────────┘
[2026-06-30 기준] 유저 세그먼트 계산을 시작합니다.
운행 이력 로드 기간: 2025-06-30 ~ 2026-06-30
유저별 운행 통계를 집계합니다...
전체 유저 정보를 로드합니다...
지역 정보를 로드하고 유저 정보와 결합합니다...
유저 정보와 운행 통계를 병합합니다...
고객 세그먼트를 분류합니다...
주 이용수단을 판별합니다...
RFM 스코어 및 CLTV를 계산합니다...
결과가 저장되었습니다: /Users/galaxy/Google Drive/공유 드라이브/gbike.rich_user_segment/dt=2026-06-30/rich_user_segment_2026-06-30.parquet

[세그먼트 분포 요약]
shape: (7, 3)
┌────────────────┬─────────┬──────────┐
│ segment        ┆ count   ┆ ratio(%) │
│ ---            ┆ ---     ┆ ---      │
│ str            ┆ u32     ┆ f64      │
╞════════════════╪═════════╪══════════╡
│ churn_over_365 ┆ 1542071 ┆ 47.5     │
│ churn          ┆ 645797  ┆ 19.9     │
│ inactive       ┆ 343809  ┆ 10.6     │
│ light_active   ┆ 305254  ┆ 9.4      │
│ active         ┆ 267666  ┆ 8.2      │
│ dormant        ┆ 90120   ┆ 2.8      │
│ acquisition    ┆ 53236   ┆ 1.6      │
└────────────────┴─────────┴──────────┘

-------------------
2026-07-01 10:00:36 [INFO] Starting execution of: send_weekly_report.py 
2026-07-01 10:01:30 [INFO] 
--- send_weekly_report.py STDOUT ---
[2026-06-01 ~ 2026-06-30] 데이터를 로드합니다...
월말 최종 마감 예상 매출 계산 시작...
월말 최종 마감 예상 운행수 계산 시작...
유저 세그먼트 데이터 로드 및 차트 생성 중 (월별)...
매출 메시지 발송 중...
메시지 전송 성공: spaces/AAQA8O4oUkw/messages/b9rkjHzf5xs.b9rkjHzf5xs
운행수 메시지 발송 중...
메시지 전송 성공: spaces/AAQA8O4oUkw/messages/5SWeYSPiHpo.5SWeYSPiHpo
세그먼트 메시지 발송 중...
메시지 전송 성공: spaces/AAQA8O4oUkw/messages/VCb-cUjEJlM.VCb-cUjEJlM

-------------------
2026-07-01 10:01:30 [INFO] 금일 배치 작업이 모두 정상 종료되었습니다. 성공 마커 파일을 기록합니다.
2026-07-01 10:01:30 [INFO] Removed old marker file: .daily_success_20260630
2026-07-01 10:01:30 [INFO] ================ Daily Batch Run Completed ================

2026-07-01 10:00:01 [INFO] ================ Daily Batch Run Attempt (2026-07-01 10:00:01) ================
2026-07-01 10:00:01 [INFO] 필수 데이터 검사 범위: 2026-06-01 ~ 2026-06-30
2026-07-01 10:00:01 [INFO] 누락 데이터 존재 감지: ['2026-06-30']
2026-07-01 10:00:01 [INFO] 누락 날짜 데이터 강제 추출 시도: 2026-06-30
2026-07-01 10:00:01 [INFO] Starting execution of: extract_rich_orders_daily.py 2026-06-30 2026-06-30
2026-07-01 10:00:22 [INFO] 
--- extract_rich_orders_daily.py STDOUT ---
총 1일 치 데이터 추출을 시작합니다.
저장 기본 경로: /Users/galaxy/Google Drive/공유 드라이브/gbike.rich_orders
[2026-06-30] 데이터 추출 중...
[2026-06-30] 성공적으로 저장되었습니다. (건수: 214,815, 소요시간: 19.51초)

-------------------
2026-07-01 10:00:22 [INFO] Starting execution of: extract_rich_user_monthly.py 
2026-07-01 10:00:28 [INFO] 
--- extract_rich_user_monthly.py STDOUT ---
추출 기간: 2026-06-01 ~ 2026-06-30
저장 경로: /Users/galaxy/Google Drive/공유 드라이브/gbike.rich_user/rich_user_this_month/rich_user_this_month.parquet
데이터 추출 중...
성공적으로 덮어쓰기 완료되었습니다. (건수: 100,215, 소요시간: 5.24초)
rich_user_all.parquet 파일 병합(Upsert)을 시작합니다...
rich_user_all.parquet 업데이트 완료! (최종 유저 수: 3,995,337)

-------------------
2026-07-01 10:00:28 [INFO] Starting execution of: extract_rich_user_segment.py 
2026-07-01 10:00:36 [INFO] 
--- extract_rich_user_segment.py STDOUT ---
target-date가 지정되지 않았습니다. 디폴트로 최근 3일치를 계산합니다.
[2026-06-28 기준] 유저 세그먼트 계산을 시작합니다.
운행 이력 로드 기간: 2025-06-28 ~ 2026-06-28
유저별 운행 통계를 집계합니다...
전체 유저 정보를 로드합니다...
지역 정보를 로드하고 유저 정보와 결합합니다...
유저 정보와 운행 통계를 병합합니다...
고객 세그먼트를 분류합니다...
주 이용수단을 판별합니다...
RFM 스코어 및 CLTV를 계산합니다...
결과가 저장되었습니다: /Users/galaxy/Google Drive/공유 드라이브/gbike.rich_user_segment/dt=2026-06-28/rich_user_segment_2026-06-28.parquet

[세그먼트 분포 요약]
shape: (7, 3)
┌────────────────┬─────────┬──────────┐
│ segment        ┆ count   ┆ ratio(%) │
│ ---            ┆ ---     ┆ ---      │
│ str            ┆ u32     ┆ f64      │
╞════════════════╪═════════╪══════════╡
│ churn_over_365 ┆ 1538933 ┆ 47.5     │
│ churn          ┆ 647333  ┆ 20.0     │
│ inactive       ┆ 333007  ┆ 10.3     │
│ light_active   ┆ 307157  ┆ 9.5      │
│ active         ┆ 268819  ┆ 8.3      │
│ dormant        ┆ 93239   ┆ 2.9      │
│ acquisition    ┆ 53994   ┆ 1.7      │
└────────────────┴─────────┴──────────┘
[2026-06-29 기준] 유저 세그먼트 계산을 시작합니다.
운행 이력 로드 기간: 2025-06-29 ~ 2026-06-29
유저별 운행 통계를 집계합니다...
전체 유저 정보를 로드합니다...
지역 정보를 로드하고 유저 정보와 결합합니다...
유저 정보와 운행 통계를 병합합니다...
고객 세그먼트를 분류합니다...
주 이용수단을 판별합니다...
RFM 스코어 및 CLTV를 계산합니다...
결과가 저장되었습니다: /Users/galaxy/Google Drive/공유 드라이브/gbike.rich_user_segment/dt=2026-06-29/rich_user_segment_2026-06-29.parquet

[세그먼트 분포 요약]
shape: (7, 3)
┌────────────────┬─────────┬──────────┐
│ segment        ┆ count   ┆ ratio(%) │
│ ---            ┆ ---     ┆ ---      │
│ str            ┆ u32     ┆ f64      │
╞════════════════╪═════════╪══════════╡
│ churn_over_365 ┆ 1540589 ┆ 47.5     │
│ churn          ┆ 646639  ┆ 19.9     │
│ inactive       ┆ 337401  ┆ 10.4     │
│ light_active   ┆ 306721  ┆ 9.5      │
│ active         ┆ 268580  ┆ 8.3      │
│ dormant        ┆ 91364   ┆ 2.8      │
│ acquisition    ┆ 53915   ┆ 1.7      │
└────────────────┴─────────┴──────────┘
[2026-06-30 기준] 유저 세그먼트 계산을 시작합니다.
운행 이력 로드 기간: 2025-06-30 ~ 2026-06-30
유저별 운행 통계를 집계합니다...
전체 유저 정보를 로드합니다...
지역 정보를 로드하고 유저 정보와 결합합니다...
유저 정보와 운행 통계를 병합합니다...
고객 세그먼트를 분류합니다...
주 이용수단을 판별합니다...
RFM 스코어 및 CLTV를 계산합니다...
결과가 저장되었습니다: /Users/galaxy/Google Drive/공유 드라이브/gbike.rich_user_segment/dt=2026-06-30/rich_user_segment_2026-06-30.parquet

[세그먼트 분포 요약]
shape: (7, 3)
┌────────────────┬─────────┬──────────┐
│ segment        ┆ count   ┆ ratio(%) │
│ ---            ┆ ---     ┆ ---      │
│ str            ┆ u32     ┆ f64      │
╞════════════════╪═════════╪══════════╡
│ churn_over_365 ┆ 1542071 ┆ 47.5     │
│ churn          ┆ 645797  ┆ 19.9     │
│ inactive       ┆ 343809  ┆ 10.6     │
│ light_active   ┆ 305254  ┆ 9.4      │
│ active         ┆ 267666  ┆ 8.2      │
│ dormant        ┆ 90120   ┆ 2.8      │
│ acquisition    ┆ 53236   ┆ 1.6      │
└────────────────┴─────────┴──────────┘

-------------------
2026-07-01 10:00:36 [INFO] Starting execution of: send_weekly_report.py 
2026-07-01 10:01:30 [INFO] 
--- send_weekly_report.py STDOUT ---
[2026-06-01 ~ 2026-06-30] 데이터를 로드합니다...
월말 최종 마감 예상 매출 계산 시작...
월말 최종 마감 예상 운행수 계산 시작...
유저 세그먼트 데이터 로드 및 차트 생성 중 (월별)...
매출 메시지 발송 중...
메시지 전송 성공: spaces/AAQA8O4oUkw/messages/b9rkjHzf5xs.b9rkjHzf5xs
운행수 메시지 발송 중...
메시지 전송 성공: spaces/AAQA8O4oUkw/messages/5SWeYSPiHpo.5SWeYSPiHpo
세그먼트 메시지 발송 중...
메시지 전송 성공: spaces/AAQA8O4oUkw/messages/VCb-cUjEJlM.VCb-cUjEJlM

-------------------
2026-07-01 10:01:30 [INFO] 금일 배치 작업이 모두 정상 종료되었습니다. 성공 마커 파일을 기록합니다.
2026-07-01 10:01:30 [INFO] Removed old marker file: .daily_success_20260630
2026-07-01 10:01:30 [INFO] ================ Daily Batch Run Completed ================

2026-07-01 10:01:30 [INFO] run_daily_batch.py completed successfully.
2026-07-01 10:01:30 [INFO] ================ Daily Cron Batch End ================
2026-07-02 10:14:40 [INFO] ================ Daily Cron Batch Start ================
2026-07-02 10:14:40 [INFO] Virtual environment activated.
2026-07-02 10:14:40 [INFO] Running run_daily_batch.py...
2026-07-02 10:14:40 [INFO] ================ Daily Batch Run Attempt (2026-07-02 10:14:40) ================
2026-07-02 10:14:40 [INFO] 필수 데이터 검사 범위: 2026-06-18 ~ 2026-07-01
2026-07-02 10:14:40 [INFO] 누락 데이터 존재 감지: ['2026-07-01']
2026-07-02 10:14:40 [INFO] 누락 날짜 데이터 강제 추출 시도: 2026-07-01
2026-07-02 10:14:40 [INFO] Starting execution of: extract_rich_orders_daily.py 2026-07-01 2026-07-01
2026-07-02 10:23:58 [ERROR] Error running extract_rich_orders_daily.py (Exit code: 1)
2026-07-02 10:23:58 [ERROR] STDOUT:
총 1일 치 데이터 추출을 시작합니다.
저장 기본 경로: /Users/galaxy/Google Drive/공유 드라이브/gbike.rich_orders
[2026-07-01] 데이터 추출 중...
Error extracting data for 2026-07-01: (pymysql.err.OperationalError) (2003, "Can't connect to MySQL server on 'live.st.rds.gbility.io' (timed out)")
(Background on this error at: https://sqlalche.me/e/20/e3q8)
[2026-07-01] 추출 실패. 다음 날짜로 넘어갑니다.
경고: 하나 이상의 날짜 추출 또는 저장에 실패했습니다.

2026-07-02 10:23:58 [ERROR] 2026-07-01 데이터 추출 단계에서 오류가 발생하여 배치 실행을 중단합니다.
2026-07-02 10:23:58 [INFO] ================ Daily Batch Run Failed ================

2026-07-02 10:14:40 [INFO] ================ Daily Batch Run Attempt (2026-07-02 10:14:40) ================
2026-07-02 10:14:40 [INFO] 필수 데이터 검사 범위: 2026-06-18 ~ 2026-07-01
2026-07-02 10:14:40 [INFO] 누락 데이터 존재 감지: ['2026-07-01']
2026-07-02 10:14:40 [INFO] 누락 날짜 데이터 강제 추출 시도: 2026-07-01
2026-07-02 10:14:40 [INFO] Starting execution of: extract_rich_orders_daily.py 2026-07-01 2026-07-01
2026-07-02 10:23:58 [ERROR] Error running extract_rich_orders_daily.py (Exit code: 1)
2026-07-02 10:23:58 [ERROR] STDOUT:
총 1일 치 데이터 추출을 시작합니다.
저장 기본 경로: /Users/galaxy/Google Drive/공유 드라이브/gbike.rich_orders
[2026-07-01] 데이터 추출 중...
Error extracting data for 2026-07-01: (pymysql.err.OperationalError) (2003, "Can't connect to MySQL server on 'live.st.rds.gbility.io' (timed out)")
(Background on this error at: https://sqlalche.me/e/20/e3q8)
[2026-07-01] 추출 실패. 다음 날짜로 넘어갑니다.
경고: 하나 이상의 날짜 추출 또는 저장에 실패했습니다.

2026-07-02 10:23:58 [ERROR] 2026-07-01 데이터 추출 단계에서 오류가 발생하여 배치 실행을 중단합니다.
2026-07-02 10:23:58 [INFO] ================ Daily Batch Run Failed ================

2026-07-02 10:23:58 [ERROR] run_daily_batch.py failed with exit code 1
2026-07-02 10:25:14 [INFO] ================ Daily Cron Batch Start ================
2026-07-02 10:25:14 [INFO] Virtual environment activated.
2026-07-02 10:25:14 [INFO] Running run_daily_batch.py...
2026-07-02 10:25:14 [INFO] ================ Daily Batch Run Attempt (2026-07-02 10:25:14) ================
2026-07-02 10:25:14 [INFO] 필수 데이터 검사 범위: 2026-06-18 ~ 2026-07-01
2026-07-02 10:25:14 [INFO] 누락 데이터 존재 감지: ['2026-07-01']
2026-07-02 10:25:14 [INFO] 누락 날짜 데이터 강제 추출 시도: 2026-07-01
2026-07-02 10:25:14 [INFO] Starting execution of: extract_rich_orders_daily.py 2026-07-01 2026-07-01
2026-07-02 10:25:31 [INFO] 
--- extract_rich_orders_daily.py STDOUT ---
총 1일 치 데이터 추출을 시작합니다.
저장 기본 경로: /Users/galaxy/Google Drive/공유 드라이브/gbike.rich_orders
[2026-07-01] 데이터 추출 중...
[2026-07-01] 성공적으로 저장되었습니다. (건수: 198,201, 소요시간: 17.13초)

-------------------
2026-07-02 10:25:31 [INFO] Starting execution of: extract_rich_user_monthly.py 
2026-07-02 10:25:34 [INFO] 
--- extract_rich_user_monthly.py STDOUT ---
추출 기간: 2026-07-01 ~ 2026-07-01
저장 경로: /Users/galaxy/Google Drive/공유 드라이브/gbike.rich_user/rich_user_this_month/rich_user_this_month.parquet
데이터 추출 중...
성공적으로 덮어쓰기 완료되었습니다. (건수: 3,048, 소요시간: 1.20초)
rich_user_all.parquet 파일 병합(Upsert)을 시작합니다...
rich_user_all.parquet 업데이트 완료! (최종 유저 수: 3,998,385)

-------------------
2026-07-02 10:25:34 [INFO] Starting execution of: extract_rich_user_segment.py 
2026-07-02 10:25:42 [INFO] 
--- extract_rich_user_segment.py STDOUT ---
target-date가 지정되지 않았습니다. 디폴트로 최근 3일치를 계산합니다.
[2026-06-29 기준] 유저 세그먼트 계산을 시작합니다.
운행 이력 로드 기간: 2025-06-29 ~ 2026-06-29
유저별 운행 통계를 집계합니다...
전체 유저 정보를 로드합니다...
지역 정보를 로드하고 유저 정보와 결합합니다...
유저 정보와 운행 통계를 병합합니다...
고객 세그먼트를 분류합니다...
주 이용수단을 판별합니다...
RFM 스코어 및 CLTV를 계산합니다...
결과가 저장되었습니다: /Users/galaxy/Google Drive/공유 드라이브/gbike.rich_user_segment/dt=2026-06-29/rich_user_segment_2026-06-29.parquet

[세그먼트 분포 요약]
shape: (7, 3)
┌────────────────┬─────────┬──────────┐
│ segment        ┆ count   ┆ ratio(%) │
│ ---            ┆ ---     ┆ ---      │
│ str            ┆ u32     ┆ f64      │
╞════════════════╪═════════╪══════════╡
│ churn_over_365 ┆ 1540589 ┆ 47.5     │
│ churn          ┆ 646639  ┆ 19.9     │
│ inactive       ┆ 337401  ┆ 10.4     │
│ light_active   ┆ 306721  ┆ 9.5      │
│ active         ┆ 268580  ┆ 8.3      │
│ dormant        ┆ 91364   ┆ 2.8      │
│ acquisition    ┆ 53915   ┆ 1.7      │
└────────────────┴─────────┴──────────┘
[2026-06-30 기준] 유저 세그먼트 계산을 시작합니다.
운행 이력 로드 기간: 2025-06-30 ~ 2026-06-30
유저별 운행 통계를 집계합니다...
전체 유저 정보를 로드합니다...
지역 정보를 로드하고 유저 정보와 결합합니다...
유저 정보와 운행 통계를 병합합니다...
고객 세그먼트를 분류합니다...
주 이용수단을 판별합니다...
RFM 스코어 및 CLTV를 계산합니다...
결과가 저장되었습니다: /Users/galaxy/Google Drive/공유 드라이브/gbike.rich_user_segment/dt=2026-06-30/rich_user_segment_2026-06-30.parquet

[세그먼트 분포 요약]
shape: (7, 3)
┌────────────────┬─────────┬──────────┐
│ segment        ┆ count   ┆ ratio(%) │
│ ---            ┆ ---     ┆ ---      │
│ str            ┆ u32     ┆ f64      │
╞════════════════╪═════════╪══════════╡
│ churn_over_365 ┆ 1542071 ┆ 47.5     │
│ churn          ┆ 645797  ┆ 19.9     │
│ inactive       ┆ 343809  ┆ 10.6     │
│ light_active   ┆ 305254  ┆ 9.4      │
│ active         ┆ 267666  ┆ 8.2      │
│ dormant        ┆ 90120   ┆ 2.8      │
│ acquisition    ┆ 53236   ┆ 1.6      │
└────────────────┴─────────┴──────────┘
[2026-07-01 기준] 유저 세그먼트 계산을 시작합니다.
운행 이력 로드 기간: 2025-07-01 ~ 2026-07-01
유저별 운행 통계를 집계합니다...
전체 유저 정보를 로드합니다...
지역 정보를 로드하고 유저 정보와 결합합니다...
유저 정보와 운행 통계를 병합합니다...
고객 세그먼트를 분류합니다...
주 이용수단을 판별합니다...
RFM 스코어 및 CLTV를 계산합니다...
결과가 저장되었습니다: /Users/galaxy/Google Drive/공유 드라이브/gbike.rich_user_segment/dt=2026-07-01/rich_user_segment_2026-07-01.parquet

[세그먼트 분포 요약]
shape: (7, 3)
┌────────────────┬─────────┬──────────┐
│ segment        ┆ count   ┆ ratio(%) │
│ ---            ┆ ---     ┆ ---      │
│ str            ┆ u32     ┆ f64      │
╞════════════════╪═════════╪══════════╡
│ churn_over_365 ┆ 1542988 ┆ 47.5     │
│ churn          ┆ 643139  ┆ 19.8     │
│ inactive       ┆ 348878  ┆ 10.7     │
│ light_active   ┆ 303958  ┆ 9.4      │
│ active         ┆ 266820  ┆ 8.2      │
│ dormant        ┆ 91999   ┆ 2.8      │
│ acquisition    ┆ 52762   ┆ 1.6      │
└────────────────┴─────────┴──────────┘

-------------------
2026-07-02 10:25:42 [INFO] Starting execution of: send_weekly_report.py 
2026-07-02 10:26:44 [INFO] 
--- send_weekly_report.py STDOUT ---
[2026-06-18 ~ 2026-07-01] 데이터를 로드합니다...
월말 최종 마감 예상 매출 계산 시작...
월말 최종 마감 예상 운행수 계산 시작...
유저 세그먼트 데이터 로드 및 차트 생성 중 (월별)...
매출 메시지 발송 중...
메시지 전송 성공: spaces/AAQA8O4oUkw/messages/Fbu96CDor5Y.Fbu96CDor5Y
운행수 메시지 발송 중...
메시지 전송 성공: spaces/AAQA8O4oUkw/messages/7hX603KzX-Q.7hX603KzX-Q
세그먼트 메시지 발송 중...
메시지 전송 성공: spaces/AAQA8O4oUkw/messages/QZ0bdxiUxLM.QZ0bdxiUxLM

-------------------
2026-07-02 10:26:44 [INFO] 금일 배치 작업이 모두 정상 종료되었습니다. 성공 마커 파일을 기록합니다.
2026-07-02 10:26:44 [INFO] Removed old marker file: .daily_success_20260701
2026-07-02 10:26:44 [INFO] ================ Daily Batch Run Completed ================

2026-07-02 10:25:14 [INFO] ================ Daily Batch Run Attempt (2026-07-02 10:25:14) ================
2026-07-02 10:25:14 [INFO] 필수 데이터 검사 범위: 2026-06-18 ~ 2026-07-01
2026-07-02 10:25:14 [INFO] 누락 데이터 존재 감지: ['2026-07-01']
2026-07-02 10:25:14 [INFO] 누락 날짜 데이터 강제 추출 시도: 2026-07-01
2026-07-02 10:25:14 [INFO] Starting execution of: extract_rich_orders_daily.py 2026-07-01 2026-07-01
2026-07-02 10:25:31 [INFO] 
--- extract_rich_orders_daily.py STDOUT ---
총 1일 치 데이터 추출을 시작합니다.
저장 기본 경로: /Users/galaxy/Google Drive/공유 드라이브/gbike.rich_orders
[2026-07-01] 데이터 추출 중...
[2026-07-01] 성공적으로 저장되었습니다. (건수: 198,201, 소요시간: 17.13초)

-------------------
2026-07-02 10:25:31 [INFO] Starting execution of: extract_rich_user_monthly.py 
2026-07-02 10:25:34 [INFO] 
--- extract_rich_user_monthly.py STDOUT ---
추출 기간: 2026-07-01 ~ 2026-07-01
저장 경로: /Users/galaxy/Google Drive/공유 드라이브/gbike.rich_user/rich_user_this_month/rich_user_this_month.parquet
데이터 추출 중...
성공적으로 덮어쓰기 완료되었습니다. (건수: 3,048, 소요시간: 1.20초)
rich_user_all.parquet 파일 병합(Upsert)을 시작합니다...
rich_user_all.parquet 업데이트 완료! (최종 유저 수: 3,998,385)

-------------------
2026-07-02 10:25:34 [INFO] Starting execution of: extract_rich_user_segment.py 
2026-07-02 10:25:42 [INFO] 
--- extract_rich_user_segment.py STDOUT ---
target-date가 지정되지 않았습니다. 디폴트로 최근 3일치를 계산합니다.
[2026-06-29 기준] 유저 세그먼트 계산을 시작합니다.
운행 이력 로드 기간: 2025-06-29 ~ 2026-06-29
유저별 운행 통계를 집계합니다...
전체 유저 정보를 로드합니다...
지역 정보를 로드하고 유저 정보와 결합합니다...
유저 정보와 운행 통계를 병합합니다...
고객 세그먼트를 분류합니다...
주 이용수단을 판별합니다...
RFM 스코어 및 CLTV를 계산합니다...
결과가 저장되었습니다: /Users/galaxy/Google Drive/공유 드라이브/gbike.rich_user_segment/dt=2026-06-29/rich_user_segment_2026-06-29.parquet

[세그먼트 분포 요약]
shape: (7, 3)
┌────────────────┬─────────┬──────────┐
│ segment        ┆ count   ┆ ratio(%) │
│ ---            ┆ ---     ┆ ---      │
│ str            ┆ u32     ┆ f64      │
╞════════════════╪═════════╪══════════╡
│ churn_over_365 ┆ 1540589 ┆ 47.5     │
│ churn          ┆ 646639  ┆ 19.9     │
│ inactive       ┆ 337401  ┆ 10.4     │
│ light_active   ┆ 306721  ┆ 9.5      │
│ active         ┆ 268580  ┆ 8.3      │
│ dormant        ┆ 91364   ┆ 2.8      │
│ acquisition    ┆ 53915   ┆ 1.7      │
└────────────────┴─────────┴──────────┘
[2026-06-30 기준] 유저 세그먼트 계산을 시작합니다.
운행 이력 로드 기간: 2025-06-30 ~ 2026-06-30
유저별 운행 통계를 집계합니다...
전체 유저 정보를 로드합니다...
지역 정보를 로드하고 유저 정보와 결합합니다...
유저 정보와 운행 통계를 병합합니다...
고객 세그먼트를 분류합니다...
주 이용수단을 판별합니다...
RFM 스코어 및 CLTV를 계산합니다...
결과가 저장되었습니다: /Users/galaxy/Google Drive/공유 드라이브/gbike.rich_user_segment/dt=2026-06-30/rich_user_segment_2026-06-30.parquet

[세그먼트 분포 요약]
shape: (7, 3)
┌────────────────┬─────────┬──────────┐
│ segment        ┆ count   ┆ ratio(%) │
│ ---            ┆ ---     ┆ ---      │
│ str            ┆ u32     ┆ f64      │
╞════════════════╪═════════╪══════════╡
│ churn_over_365 ┆ 1542071 ┆ 47.5     │
│ churn          ┆ 645797  ┆ 19.9     │
│ inactive       ┆ 343809  ┆ 10.6     │
│ light_active   ┆ 305254  ┆ 9.4      │
│ active         ┆ 267666  ┆ 8.2      │
│ dormant        ┆ 90120   ┆ 2.8      │
│ acquisition    ┆ 53236   ┆ 1.6      │
└────────────────┴─────────┴──────────┘
[2026-07-01 기준] 유저 세그먼트 계산을 시작합니다.
운행 이력 로드 기간: 2025-07-01 ~ 2026-07-01
유저별 운행 통계를 집계합니다...
전체 유저 정보를 로드합니다...
지역 정보를 로드하고 유저 정보와 결합합니다...
유저 정보와 운행 통계를 병합합니다...
고객 세그먼트를 분류합니다...
주 이용수단을 판별합니다...
RFM 스코어 및 CLTV를 계산합니다...
결과가 저장되었습니다: /Users/galaxy/Google Drive/공유 드라이브/gbike.rich_user_segment/dt=2026-07-01/rich_user_segment_2026-07-01.parquet

[세그먼트 분포 요약]
shape: (7, 3)
┌────────────────┬─────────┬──────────┐
│ segment        ┆ count   ┆ ratio(%) │
│ ---            ┆ ---     ┆ ---      │
│ str            ┆ u32     ┆ f64      │
╞════════════════╪═════════╪══════════╡
│ churn_over_365 ┆ 1542988 ┆ 47.5     │
│ churn          ┆ 643139  ┆ 19.8     │
│ inactive       ┆ 348878  ┆ 10.7     │
│ light_active   ┆ 303958  ┆ 9.4      │
│ active         ┆ 266820  ┆ 8.2      │
│ dormant        ┆ 91999   ┆ 2.8      │
│ acquisition    ┆ 52762   ┆ 1.6      │
└────────────────┴─────────┴──────────┘

-------------------
2026-07-02 10:25:42 [INFO] Starting execution of: send_weekly_report.py 
2026-07-02 10:26:44 [INFO] 
--- send_weekly_report.py STDOUT ---
[2026-06-18 ~ 2026-07-01] 데이터를 로드합니다...
월말 최종 마감 예상 매출 계산 시작...
월말 최종 마감 예상 운행수 계산 시작...
유저 세그먼트 데이터 로드 및 차트 생성 중 (월별)...
매출 메시지 발송 중...
메시지 전송 성공: spaces/AAQA8O4oUkw/messages/Fbu96CDor5Y.Fbu96CDor5Y
운행수 메시지 발송 중...
메시지 전송 성공: spaces/AAQA8O4oUkw/messages/7hX603KzX-Q.7hX603KzX-Q
세그먼트 메시지 발송 중...
메시지 전송 성공: spaces/AAQA8O4oUkw/messages/QZ0bdxiUxLM.QZ0bdxiUxLM

-------------------
2026-07-02 10:26:44 [INFO] 금일 배치 작업이 모두 정상 종료되었습니다. 성공 마커 파일을 기록합니다.
2026-07-02 10:26:44 [INFO] Removed old marker file: .daily_success_20260701
2026-07-02 10:26:44 [INFO] ================ Daily Batch Run Completed ================

2026-07-02 10:26:44 [INFO] run_daily_batch.py completed successfully.
2026-07-02 10:26:44 [INFO] ================ Daily Cron Batch End ================
2026-07-03 10:00:05 [INFO] ================ Daily Cron Batch Start ================
2026-07-03 10:00:05 [INFO] Virtual environment activated.
2026-07-03 10:00:05 [INFO] Running run_daily_batch.py...
2026-07-03 10:00:05 [INFO] ================ Daily Batch Run Attempt (2026-07-03 10:00:05) ================
2026-07-03 10:00:05 [INFO] 필수 데이터 검사 범위: 2026-06-19 ~ 2026-07-02
2026-07-03 10:00:05 [INFO] 누락 데이터 존재 감지: ['2026-07-02']
2026-07-03 10:00:05 [INFO] 누락 날짜 데이터 강제 추출 시도: 2026-07-02
2026-07-03 10:00:05 [INFO] Starting execution of: extract_rich_orders_daily.py 2026-07-02 2026-07-02
2026-07-03 10:00:25 [INFO] 
--- extract_rich_orders_daily.py STDOUT ---
총 1일 치 데이터 추출을 시작합니다.
저장 기본 경로: /Users/galaxy/Google Drive/공유 드라이브/gbike.rich_orders
[2026-07-02] 데이터 추출 중...
[2026-07-02] 성공적으로 저장되었습니다. (건수: 210,973, 소요시간: 18.69초)

-------------------
2026-07-03 10:00:25 [INFO] Starting execution of: extract_rich_user_monthly.py 
2026-07-03 10:00:27 [INFO] 
--- extract_rich_user_monthly.py STDOUT ---
추출 기간: 2026-07-01 ~ 2026-07-02
저장 경로: /Users/galaxy/Google Drive/공유 드라이브/gbike.rich_user/rich_user_this_month/rich_user_this_month.parquet
데이터 추출 중...
성공적으로 덮어쓰기 완료되었습니다. (건수: 6,338, 소요시간: 1.00초)
rich_user_all.parquet 파일 병합(Upsert)을 시작합니다...
rich_user_all.parquet 업데이트 완료! (최종 유저 수: 4,001,682)

-------------------
2026-07-03 10:00:27 [INFO] Starting execution of: extract_rich_user_segment.py 
2026-07-03 10:00:35 [INFO] 
--- extract_rich_user_segment.py STDOUT ---
target-date가 지정되지 않았습니다. 디폴트로 최근 3일치를 계산합니다.
[2026-06-30 기준] 유저 세그먼트 계산을 시작합니다.
운행 이력 로드 기간: 2025-06-30 ~ 2026-06-30
유저별 운행 통계를 집계합니다...
전체 유저 정보를 로드합니다...
지역 정보를 로드하고 유저 정보와 결합합니다...
유저 정보와 운행 통계를 병합합니다...
고객 세그먼트를 분류합니다...
주 이용수단을 판별합니다...
RFM 스코어 및 CLTV를 계산합니다...
결과가 저장되었습니다: /Users/galaxy/Google Drive/공유 드라이브/gbike.rich_user_segment/dt=2026-06-30/rich_user_segment_2026-06-30.parquet

[세그먼트 분포 요약]
shape: (7, 3)
┌────────────────┬─────────┬──────────┐
│ segment        ┆ count   ┆ ratio(%) │
│ ---            ┆ ---     ┆ ---      │
│ str            ┆ u32     ┆ f64      │
╞════════════════╪═════════╪══════════╡
│ churn_over_365 ┆ 1542071 ┆ 47.5     │
│ churn          ┆ 645797  ┆ 19.9     │
│ inactive       ┆ 343809  ┆ 10.6     │
│ light_active   ┆ 305254  ┆ 9.4      │
│ active         ┆ 267666  ┆ 8.2      │
│ dormant        ┆ 90120   ┆ 2.8      │
│ acquisition    ┆ 53236   ┆ 1.6      │
└────────────────┴─────────┴──────────┘
[2026-07-01 기준] 유저 세그먼트 계산을 시작합니다.
운행 이력 로드 기간: 2025-07-01 ~ 2026-07-01
유저별 운행 통계를 집계합니다...
전체 유저 정보를 로드합니다...
지역 정보를 로드하고 유저 정보와 결합합니다...
유저 정보와 운행 통계를 병합합니다...
고객 세그먼트를 분류합니다...
주 이용수단을 판별합니다...
RFM 스코어 및 CLTV를 계산합니다...
결과가 저장되었습니다: /Users/galaxy/Google Drive/공유 드라이브/gbike.rich_user_segment/dt=2026-07-01/rich_user_segment_2026-07-01.parquet

[세그먼트 분포 요약]
shape: (7, 3)
┌────────────────┬─────────┬──────────┐
│ segment        ┆ count   ┆ ratio(%) │
│ ---            ┆ ---     ┆ ---      │
│ str            ┆ u32     ┆ f64      │
╞════════════════╪═════════╪══════════╡
│ churn_over_365 ┆ 1542988 ┆ 47.5     │
│ churn          ┆ 643139  ┆ 19.8     │
│ inactive       ┆ 348878  ┆ 10.7     │
│ light_active   ┆ 303955  ┆ 9.4      │
│ active         ┆ 266818  ┆ 8.2      │
│ dormant        ┆ 91999   ┆ 2.8      │
│ acquisition    ┆ 52767   ┆ 1.6      │
└────────────────┴─────────┴──────────┘
[2026-07-02 기준] 유저 세그먼트 계산을 시작합니다.
운행 이력 로드 기간: 2025-07-02 ~ 2026-07-02
유저별 운행 통계를 집계합니다...
전체 유저 정보를 로드합니다...
지역 정보를 로드하고 유저 정보와 결합합니다...
유저 정보와 운행 통계를 병합합니다...
고객 세그먼트를 분류합니다...
주 이용수단을 판별합니다...
RFM 스코어 및 CLTV를 계산합니다...
결과가 저장되었습니다: /Users/galaxy/Google Drive/공유 드라이브/gbike.rich_user_segment/dt=2026-07-02/rich_user_segment_2026-07-02.parquet

[세그먼트 분포 요약]
shape: (7, 3)
┌────────────────┬─────────┬──────────┐
│ segment        ┆ count   ┆ ratio(%) │
│ ---            ┆ ---     ┆ ---      │
│ str            ┆ u32     ┆ f64      │
╞════════════════╪═════════╪══════════╡
│ churn_over_365 ┆ 1543870 ┆ 47.5     │
│ churn          ┆ 641638  ┆ 19.7     │
│ inactive       ┆ 349737  ┆ 10.8     │
│ light_active   ┆ 305134  ┆ 9.4      │
│ active         ┆ 267291  ┆ 8.2      │
│ dormant        ┆ 92723   ┆ 2.9      │
│ acquisition    ┆ 52963   ┆ 1.6      │
└────────────────┴─────────┴──────────┘

-------------------
2026-07-03 10:00:35 [INFO] Starting execution of: send_weekly_report.py 
2026-07-03 10:01:02 [INFO] 
--- send_weekly_report.py STDOUT ---
[2026-06-19 ~ 2026-07-02] 데이터를 로드합니다...
월말 최종 마감 예상 매출 계산 시작...
파일 읽기 및 병합 중 오류 발생: extra column in file outside of expected schema: order_info, hint: specify this column in the schema, or pass extra_columns='ignore' in scan options. File containing extra column: '/Users/galaxy/Google Drive/공유 드라이브/gbike.rich_orders/dt=2025-01-01/rich_orders_2025-01-01.parquet'.
예측 매출 계산 실패: unable to find column "date_str"; valid columns: []
월말 최종 마감 예상 운행수 계산 시작...
파일 읽기 및 병합 중 오류 발생: extra column in file outside of expected schema: order_info, hint: specify this column in the schema, or pass extra_columns='ignore' in scan options. File containing extra column: '/Users/galaxy/Google Drive/공유 드라이브/gbike.rich_orders/dt=2025-01-01/rich_orders_2025-01-01.parquet'.
예측 운행수 계산 실패: unable to find column "date_str"; valid columns: []
유저 세그먼트 데이터 로드 및 차트 생성 중 (월별)...
매출 메시지 발송 중...
메시지 전송 성공: spaces/AAQA8O4oUkw/messages/XlTCk0ugWUg.XlTCk0ugWUg
운행수 메시지 발송 중...
메시지 전송 성공: spaces/AAQA8O4oUkw/messages/ftVLzFyqdAk.ftVLzFyqdAk
세그먼트 메시지 발송 중...
메시지 전송 성공: spaces/AAQA8O4oUkw/messages/JemJUadd3Ds.JemJUadd3Ds

-------------------
2026-07-03 10:01:02 [INFO] 금일 배치 작업이 모두 정상 종료되었습니다. 성공 마커 파일을 기록합니다.
2026-07-03 10:01:02 [INFO] Removed old marker file: .daily_success_20260702
2026-07-03 10:01:02 [INFO] ================ Daily Batch Run Completed ================

2026-07-03 10:00:05 [INFO] ================ Daily Batch Run Attempt (2026-07-03 10:00:05) ================
2026-07-03 10:00:05 [INFO] 필수 데이터 검사 범위: 2026-06-19 ~ 2026-07-02
2026-07-03 10:00:05 [INFO] 누락 데이터 존재 감지: ['2026-07-02']
2026-07-03 10:00:05 [INFO] 누락 날짜 데이터 강제 추출 시도: 2026-07-02
2026-07-03 10:00:05 [INFO] Starting execution of: extract_rich_orders_daily.py 2026-07-02 2026-07-02
2026-07-03 10:00:25 [INFO] 
--- extract_rich_orders_daily.py STDOUT ---
총 1일 치 데이터 추출을 시작합니다.
저장 기본 경로: /Users/galaxy/Google Drive/공유 드라이브/gbike.rich_orders
[2026-07-02] 데이터 추출 중...
[2026-07-02] 성공적으로 저장되었습니다. (건수: 210,973, 소요시간: 18.69초)

-------------------
2026-07-03 10:00:25 [INFO] Starting execution of: extract_rich_user_monthly.py 
2026-07-03 10:00:27 [INFO] 
--- extract_rich_user_monthly.py STDOUT ---
추출 기간: 2026-07-01 ~ 2026-07-02
저장 경로: /Users/galaxy/Google Drive/공유 드라이브/gbike.rich_user/rich_user_this_month/rich_user_this_month.parquet
데이터 추출 중...
성공적으로 덮어쓰기 완료되었습니다. (건수: 6,338, 소요시간: 1.00초)
rich_user_all.parquet 파일 병합(Upsert)을 시작합니다...
rich_user_all.parquet 업데이트 완료! (최종 유저 수: 4,001,682)

-------------------
2026-07-03 10:00:27 [INFO] Starting execution of: extract_rich_user_segment.py 
2026-07-03 10:00:35 [INFO] 
--- extract_rich_user_segment.py STDOUT ---
target-date가 지정되지 않았습니다. 디폴트로 최근 3일치를 계산합니다.
[2026-06-30 기준] 유저 세그먼트 계산을 시작합니다.
운행 이력 로드 기간: 2025-06-30 ~ 2026-06-30
유저별 운행 통계를 집계합니다...
전체 유저 정보를 로드합니다...
지역 정보를 로드하고 유저 정보와 결합합니다...
유저 정보와 운행 통계를 병합합니다...
고객 세그먼트를 분류합니다...
주 이용수단을 판별합니다...
RFM 스코어 및 CLTV를 계산합니다...
결과가 저장되었습니다: /Users/galaxy/Google Drive/공유 드라이브/gbike.rich_user_segment/dt=2026-06-30/rich_user_segment_2026-06-30.parquet

[세그먼트 분포 요약]
shape: (7, 3)
┌────────────────┬─────────┬──────────┐
│ segment        ┆ count   ┆ ratio(%) │
│ ---            ┆ ---     ┆ ---      │
│ str            ┆ u32     ┆ f64      │
╞════════════════╪═════════╪══════════╡
│ churn_over_365 ┆ 1542071 ┆ 47.5     │
│ churn          ┆ 645797  ┆ 19.9     │
│ inactive       ┆ 343809  ┆ 10.6     │
│ light_active   ┆ 305254  ┆ 9.4      │
│ active         ┆ 267666  ┆ 8.2      │
│ dormant        ┆ 90120   ┆ 2.8      │
│ acquisition    ┆ 53236   ┆ 1.6      │
└────────────────┴─────────┴──────────┘
[2026-07-01 기준] 유저 세그먼트 계산을 시작합니다.
운행 이력 로드 기간: 2025-07-01 ~ 2026-07-01
유저별 운행 통계를 집계합니다...
전체 유저 정보를 로드합니다...
지역 정보를 로드하고 유저 정보와 결합합니다...
유저 정보와 운행 통계를 병합합니다...
고객 세그먼트를 분류합니다...
주 이용수단을 판별합니다...
RFM 스코어 및 CLTV를 계산합니다...
결과가 저장되었습니다: /Users/galaxy/Google Drive/공유 드라이브/gbike.rich_user_segment/dt=2026-07-01/rich_user_segment_2026-07-01.parquet

[세그먼트 분포 요약]
shape: (7, 3)
┌────────────────┬─────────┬──────────┐
│ segment        ┆ count   ┆ ratio(%) │
│ ---            ┆ ---     ┆ ---      │
│ str            ┆ u32     ┆ f64      │
╞════════════════╪═════════╪══════════╡
│ churn_over_365 ┆ 1542988 ┆ 47.5     │
│ churn          ┆ 643139  ┆ 19.8     │
│ inactive       ┆ 348878  ┆ 10.7     │
│ light_active   ┆ 303955  ┆ 9.4      │
│ active         ┆ 266818  ┆ 8.2      │
│ dormant        ┆ 91999   ┆ 2.8      │
│ acquisition    ┆ 52767   ┆ 1.6      │
└────────────────┴─────────┴──────────┘
[2026-07-02 기준] 유저 세그먼트 계산을 시작합니다.
운행 이력 로드 기간: 2025-07-02 ~ 2026-07-02
유저별 운행 통계를 집계합니다...
전체 유저 정보를 로드합니다...
지역 정보를 로드하고 유저 정보와 결합합니다...
유저 정보와 운행 통계를 병합합니다...
고객 세그먼트를 분류합니다...
주 이용수단을 판별합니다...
RFM 스코어 및 CLTV를 계산합니다...
결과가 저장되었습니다: /Users/galaxy/Google Drive/공유 드라이브/gbike.rich_user_segment/dt=2026-07-02/rich_user_segment_2026-07-02.parquet

[세그먼트 분포 요약]
shape: (7, 3)
┌────────────────┬─────────┬──────────┐
│ segment        ┆ count   ┆ ratio(%) │
│ ---            ┆ ---     ┆ ---      │
│ str            ┆ u32     ┆ f64      │
╞════════════════╪═════════╪══════════╡
│ churn_over_365 ┆ 1543870 ┆ 47.5     │
│ churn          ┆ 641638  ┆ 19.7     │
│ inactive       ┆ 349737  ┆ 10.8     │
│ light_active   ┆ 305134  ┆ 9.4      │
│ active         ┆ 267291  ┆ 8.2      │
│ dormant        ┆ 92723   ┆ 2.9      │
│ acquisition    ┆ 52963   ┆ 1.6      │
└────────────────┴─────────┴──────────┘

-------------------
2026-07-03 10:00:35 [INFO] Starting execution of: send_weekly_report.py 
2026-07-03 10:01:02 [INFO] 
--- send_weekly_report.py STDOUT ---
[2026-06-19 ~ 2026-07-02] 데이터를 로드합니다...
월말 최종 마감 예상 매출 계산 시작...
파일 읽기 및 병합 중 오류 발생: extra column in file outside of expected schema: order_info, hint: specify this column in the schema, or pass extra_columns='ignore' in scan options. File containing extra column: '/Users/galaxy/Google Drive/공유 드라이브/gbike.rich_orders/dt=2025-01-01/rich_orders_2025-01-01.parquet'.
예측 매출 계산 실패: unable to find column "date_str"; valid columns: []
월말 최종 마감 예상 운행수 계산 시작...
파일 읽기 및 병합 중 오류 발생: extra column in file outside of expected schema: order_info, hint: specify this column in the schema, or pass extra_columns='ignore' in scan options. File containing extra column: '/Users/galaxy/Google Drive/공유 드라이브/gbike.rich_orders/dt=2025-01-01/rich_orders_2025-01-01.parquet'.
예측 운행수 계산 실패: unable to find column "date_str"; valid columns: []
유저 세그먼트 데이터 로드 및 차트 생성 중 (월별)...
매출 메시지 발송 중...
메시지 전송 성공: spaces/AAQA8O4oUkw/messages/XlTCk0ugWUg.XlTCk0ugWUg
운행수 메시지 발송 중...
메시지 전송 성공: spaces/AAQA8O4oUkw/messages/ftVLzFyqdAk.ftVLzFyqdAk
세그먼트 메시지 발송 중...
메시지 전송 성공: spaces/AAQA8O4oUkw/messages/JemJUadd3Ds.JemJUadd3Ds

-------------------
2026-07-03 10:01:02 [INFO] 금일 배치 작업이 모두 정상 종료되었습니다. 성공 마커 파일을 기록합니다.
2026-07-03 10:01:02 [INFO] Removed old marker file: .daily_success_20260702
2026-07-03 10:01:02 [INFO] ================ Daily Batch Run Completed ================

2026-07-03 10:01:02 [INFO] run_daily_batch.py completed successfully.
2026-07-03 10:01:02 [INFO] ================ Daily Cron Batch End ================
2026-07-04 10:03:07 [INFO] ================ Daily Cron Batch Start ================
2026-07-04 10:03:07 [INFO] Virtual environment activated.
2026-07-04 10:03:07 [INFO] Running run_daily_batch.py...
2026-07-04 10:03:07 [INFO] ================ Daily Batch Run Attempt (2026-07-04 10:03:07) ================
2026-07-04 10:03:07 [INFO] 필수 데이터 검사 범위: 2026-06-20 ~ 2026-07-03
2026-07-04 10:03:07 [INFO] 누락 데이터 존재 감지: ['2026-07-03']
2026-07-04 10:03:07 [INFO] 누락 날짜 데이터 강제 추출 시도: 2026-07-03
2026-07-04 10:03:07 [INFO] Starting execution of: extract_rich_orders_daily.py 2026-07-03 2026-07-03
2026-07-04 10:14:51 [ERROR] Error running extract_rich_orders_daily.py (Exit code: 1)
2026-07-04 10:14:51 [ERROR] STDOUT:
총 1일 치 데이터 추출을 시작합니다.
저장 기본 경로: /Users/galaxy/Google Drive/공유 드라이브/gbike.rich_orders
[2026-07-03] 데이터 추출 중...
Error extracting data for 2026-07-03: (pymysql.err.OperationalError) (2003, "Can't connect to MySQL server on 'live.st.rds.gbility.io' (timed out)")
(Background on this error at: https://sqlalche.me/e/20/e3q8)
[2026-07-03] 추출 실패. 다음 날짜로 넘어갑니다.
경고: 하나 이상의 날짜 추출 또는 저장에 실패했습니다.

2026-07-04 10:14:51 [ERROR] 2026-07-03 데이터 추출 단계에서 오류가 발생하여 배치 실행을 중단합니다.
2026-07-04 10:14:51 [INFO] ================ Daily Batch Run Failed ================

2026-07-04 10:03:07 [INFO] ================ Daily Batch Run Attempt (2026-07-04 10:03:07) ================
2026-07-04 10:03:07 [INFO] 필수 데이터 검사 범위: 2026-06-20 ~ 2026-07-03
2026-07-04 10:03:07 [INFO] 누락 데이터 존재 감지: ['2026-07-03']
2026-07-04 10:03:07 [INFO] 누락 날짜 데이터 강제 추출 시도: 2026-07-03
2026-07-04 10:03:07 [INFO] Starting execution of: extract_rich_orders_daily.py 2026-07-03 2026-07-03
2026-07-04 10:14:51 [ERROR] Error running extract_rich_orders_daily.py (Exit code: 1)
2026-07-04 10:14:51 [ERROR] STDOUT:
총 1일 치 데이터 추출을 시작합니다.
저장 기본 경로: /Users/galaxy/Google Drive/공유 드라이브/gbike.rich_orders
[2026-07-03] 데이터 추출 중...
Error extracting data for 2026-07-03: (pymysql.err.OperationalError) (2003, "Can't connect to MySQL server on 'live.st.rds.gbility.io' (timed out)")
(Background on this error at: https://sqlalche.me/e/20/e3q8)
[2026-07-03] 추출 실패. 다음 날짜로 넘어갑니다.
경고: 하나 이상의 날짜 추출 또는 저장에 실패했습니다.

2026-07-04 10:14:51 [ERROR] 2026-07-03 데이터 추출 단계에서 오류가 발생하여 배치 실행을 중단합니다.
2026-07-04 10:14:51 [INFO] ================ Daily Batch Run Failed ================

2026-07-04 10:14:51 [ERROR] run_daily_batch.py failed with exit code 1
2026-07-05 10:08:39 [INFO] ================ Daily Cron Batch Start ================
2026-07-05 10:08:39 [INFO] Virtual environment activated.
2026-07-05 10:08:39 [INFO] Running run_daily_batch.py...
2026-07-05 10:08:39 [INFO] ================ Daily Batch Run Attempt (2026-07-05 10:08:39) ================
2026-07-05 10:08:39 [INFO] 필수 데이터 검사 범위: 2026-06-21 ~ 2026-07-04
2026-07-05 10:08:40 [INFO] 누락 데이터 존재 감지: ['2026-07-03', '2026-07-04']
2026-07-05 10:08:40 [INFO] 누락 날짜 데이터 강제 추출 시도: 2026-07-03
2026-07-05 10:08:40 [INFO] Starting execution of: extract_rich_orders_daily.py 2026-07-03 2026-07-03
2026-07-05 10:17:32 [ERROR] Error running extract_rich_orders_daily.py (Exit code: 1)
2026-07-05 10:17:32 [ERROR] STDOUT:
총 1일 치 데이터 추출을 시작합니다.
저장 기본 경로: /Users/galaxy/Google Drive/공유 드라이브/gbike.rich_orders
[2026-07-03] 데이터 추출 중...
Error extracting data for 2026-07-03: (pymysql.err.OperationalError) (2003, "Can't connect to MySQL server on 'live.st.rds.gbility.io' (timed out)")
(Background on this error at: https://sqlalche.me/e/20/e3q8)
[2026-07-03] 추출 실패. 다음 날짜로 넘어갑니다.
경고: 하나 이상의 날짜 추출 또는 저장에 실패했습니다.

2026-07-05 10:17:32 [ERROR] 2026-07-03 데이터 추출 단계에서 오류가 발생하여 배치 실행을 중단합니다.
2026-07-05 10:17:32 [INFO] ================ Daily Batch Run Failed ================

2026-07-05 10:08:39 [INFO] ================ Daily Batch Run Attempt (2026-07-05 10:08:39) ================
2026-07-05 10:08:39 [INFO] 필수 데이터 검사 범위: 2026-06-21 ~ 2026-07-04
2026-07-05 10:08:40 [INFO] 누락 데이터 존재 감지: ['2026-07-03', '2026-07-04']
2026-07-05 10:08:40 [INFO] 누락 날짜 데이터 강제 추출 시도: 2026-07-03
2026-07-05 10:08:40 [INFO] Starting execution of: extract_rich_orders_daily.py 2026-07-03 2026-07-03
2026-07-05 10:17:32 [ERROR] Error running extract_rich_orders_daily.py (Exit code: 1)
2026-07-05 10:17:32 [ERROR] STDOUT:
총 1일 치 데이터 추출을 시작합니다.
저장 기본 경로: /Users/galaxy/Google Drive/공유 드라이브/gbike.rich_orders
[2026-07-03] 데이터 추출 중...
Error extracting data for 2026-07-03: (pymysql.err.OperationalError) (2003, "Can't connect to MySQL server on 'live.st.rds.gbility.io' (timed out)")
(Background on this error at: https://sqlalche.me/e/20/e3q8)
[2026-07-03] 추출 실패. 다음 날짜로 넘어갑니다.
경고: 하나 이상의 날짜 추출 또는 저장에 실패했습니다.

2026-07-05 10:17:32 [ERROR] 2026-07-03 데이터 추출 단계에서 오류가 발생하여 배치 실행을 중단합니다.
2026-07-05 10:17:32 [INFO] ================ Daily Batch Run Failed ================

2026-07-05 10:17:32 [ERROR] run_daily_batch.py failed with exit code 1
2026-07-05 14:58:57 [INFO] ================ Daily Cron Batch Start ================
2026-07-05 14:58:57 [INFO] Virtual environment activated.
2026-07-05 14:58:57 [INFO] Running run_daily_batch.py...
2026-07-05 14:58:57 [INFO] ================ Daily Batch Run Attempt (2026-07-05 14:58:57) ================
2026-07-05 14:58:57 [INFO] 필수 데이터 검사 범위: 2026-06-21 ~ 2026-07-04
2026-07-05 14:58:57 [INFO] 누락 데이터 존재 감지: ['2026-07-03', '2026-07-04']
2026-07-05 14:58:57 [INFO] 누락 날짜 데이터 강제 추출 시도: 2026-07-03
2026-07-05 14:58:57 [INFO] Starting execution of: extract_rich_orders_daily.py 2026-07-03 2026-07-03
2026-07-05 14:59:26 [INFO] 
--- extract_rich_orders_daily.py STDOUT ---
총 1일 치 데이터 추출을 시작합니다.
저장 기본 경로: /Users/galaxy/Google Drive/공유 드라이브/gbike.rich_orders
[2026-07-03] 데이터 추출 중...
[2026-07-03] 성공적으로 저장되었습니다. (건수: 236,978, 소요시간: 28.62초)

-------------------
2026-07-05 14:59:26 [INFO] 누락 날짜 데이터 강제 추출 시도: 2026-07-04
2026-07-05 14:59:26 [INFO] Starting execution of: extract_rich_orders_daily.py 2026-07-04 2026-07-04
2026-07-05 14:59:54 [INFO] 
--- extract_rich_orders_daily.py STDOUT ---
총 1일 치 데이터 추출을 시작합니다.
저장 기본 경로: /Users/galaxy/Google Drive/공유 드라이브/gbike.rich_orders
[2026-07-04] 데이터 추출 중...
[2026-07-04] 성공적으로 저장되었습니다. (건수: 207,044, 소요시간: 27.27초)

-------------------
2026-07-05 14:59:54 [INFO] Starting execution of: extract_rich_user_monthly.py 
2026-07-05 14:59:57 [INFO] 
--- extract_rich_user_monthly.py STDOUT ---
추출 기간: 2026-07-01 ~ 2026-07-04
저장 경로: /Users/galaxy/Google Drive/공유 드라이브/gbike.rich_user/rich_user_this_month/rich_user_this_month.parquet
데이터 추출 중...
성공적으로 덮어쓰기 완료되었습니다. (건수: 14,900, 소요시간: 1.92초)
rich_user_all.parquet 파일 병합(Upsert)을 시작합니다...
rich_user_all.parquet 업데이트 완료! (최종 유저 수: 4,010,261)

-------------------
2026-07-05 14:59:57 [INFO] Starting execution of: extract_rich_user_segment.py 
2026-07-05 15:00:04 [INFO] 
--- extract_rich_user_segment.py STDOUT ---
target-date가 지정되지 않았습니다. 디폴트로 최근 3일치를 계산합니다.
[2026-07-02 기준] 유저 세그먼트 계산을 시작합니다.
운행 이력 로드 기간: 2025-07-02 ~ 2026-07-02
유저별 운행 통계를 집계합니다...
전체 유저 정보를 로드합니다...
지역 정보를 로드하고 유저 정보와 결합합니다...
유저 정보와 운행 통계를 병합합니다...
고객 세그먼트를 분류합니다...
주 이용수단을 판별합니다...
RFM 스코어 및 CLTV를 계산합니다...
결과가 저장되었습니다: /Users/galaxy/Google Drive/공유 드라이브/gbike.rich_user_segment/dt=2026-07-02/rich_user_segment_2026-07-02.parquet

[세그먼트 분포 요약]
shape: (7, 3)
┌────────────────┬─────────┬──────────┐
│ segment        ┆ count   ┆ ratio(%) │
│ ---            ┆ ---     ┆ ---      │
│ str            ┆ u32     ┆ f64      │
╞════════════════╪═════════╪══════════╡
│ churn_over_365 ┆ 1543870 ┆ 47.5     │
│ churn          ┆ 641638  ┆ 19.7     │
│ inactive       ┆ 349737  ┆ 10.8     │
│ light_active   ┆ 305111  ┆ 9.4      │
│ active         ┆ 267290  ┆ 8.2      │
│ dormant        ┆ 92723   ┆ 2.9      │
│ acquisition    ┆ 52950   ┆ 1.6      │
└────────────────┴─────────┴──────────┘
[2026-07-03 기준] 유저 세그먼트 계산을 시작합니다.
운행 이력 로드 기간: 2025-07-03 ~ 2026-07-03
유저별 운행 통계를 집계합니다...
전체 유저 정보를 로드합니다...
지역 정보를 로드하고 유저 정보와 결합합니다...
유저 정보와 운행 통계를 병합합니다...
고객 세그먼트를 분류합니다...
주 이용수단을 판별합니다...
RFM 스코어 및 CLTV를 계산합니다...
결과가 저장되었습니다: /Users/galaxy/Google Drive/공유 드라이브/gbike.rich_user_segment/dt=2026-07-03/rich_user_segment_2026-07-03.parquet

[세그먼트 분포 요약]
shape: (7, 3)
┌────────────────┬─────────┬──────────┐
│ segment        ┆ count   ┆ ratio(%) │
│ ---            ┆ ---     ┆ ---      │
│ str            ┆ u32     ┆ f64      │
╞════════════════╪═════════╪══════════╡
│ churn_over_365 ┆ 1544722 ┆ 47.4     │
│ churn          ┆ 640010  ┆ 19.7     │
│ inactive       ┆ 349094  ┆ 10.7     │
│ light_active   ┆ 306331  ┆ 9.4      │
│ active         ┆ 269041  ┆ 8.3      │
│ dormant        ┆ 94067   ┆ 2.9      │
│ acquisition    ┆ 53408   ┆ 1.6      │
└────────────────┴─────────┴──────────┘
[2026-07-04 기준] 유저 세그먼트 계산을 시작합니다.
운행 이력 로드 기간: 2025-07-04 ~ 2026-07-04
유저별 운행 통계를 집계합니다...
전체 유저 정보를 로드합니다...
지역 정보를 로드하고 유저 정보와 결합합니다...
유저 정보와 운행 통계를 병합합니다...
고객 세그먼트를 분류합니다...
주 이용수단을 판별합니다...
RFM 스코어 및 CLTV를 계산합니다...
결과가 저장되었습니다: /Users/galaxy/Google Drive/공유 드라이브/gbike.rich_user_segment/dt=2026-07-04/rich_user_segment_2026-07-04.parquet

[세그먼트 분포 요약]
shape: (7, 3)
┌────────────────┬─────────┬──────────┐
│ segment        ┆ count   ┆ ratio(%) │
│ ---            ┆ ---     ┆ ---      │
│ str            ┆ u32     ┆ f64      │
╞════════════════╪═════════╪══════════╡
│ churn_over_365 ┆ 1545492 ┆ 47.4     │
│ churn          ┆ 637759  ┆ 19.6     │
│ inactive       ┆ 350812  ┆ 10.8     │
│ light_active   ┆ 307631  ┆ 9.4      │
│ active         ┆ 269699  ┆ 8.3      │
│ dormant        ┆ 95434   ┆ 2.9      │
│ acquisition    ┆ 53835   ┆ 1.7      │
└────────────────┴─────────┴──────────┘

-------------------
2026-07-05 15:00:04 [INFO] Starting execution of: send_weekly_report.py 
2026-07-05 15:00:51 [INFO] 
--- send_weekly_report.py STDOUT ---
[2026-06-21 ~ 2026-07-04] 데이터를 로드합니다...
월말 최종 마감 예상 매출 계산 시작...
월말 최종 마감 예상 운행수 계산 시작...
유저 세그먼트 데이터 로드 및 차트 생성 중 (월별)...
매출 메시지 발송 중...
메시지 전송 성공: spaces/AAQA8O4oUkw/messages/jfjZ_4kxq9g.jfjZ_4kxq9g
운행수 메시지 발송 중...
메시지 전송 성공: spaces/AAQA8O4oUkw/messages/LXzl7HQ4bys.LXzl7HQ4bys
세그먼트 메시지 발송 중...
메시지 전송 성공: spaces/AAQA8O4oUkw/messages/zUfh9d93XNU.zUfh9d93XNU

-------------------
2026-07-05 15:00:51 [INFO] 금일 배치 작업이 모두 정상 종료되었습니다. 성공 마커 파일을 기록합니다.
2026-07-05 15:00:51 [INFO] Removed old marker file: .daily_success_20260703
2026-07-05 15:00:51 [INFO] ================ Daily Batch Run Completed ================

2026-07-05 14:58:57 [INFO] ================ Daily Batch Run Attempt (2026-07-05 14:58:57) ================
2026-07-05 14:58:57 [INFO] 필수 데이터 검사 범위: 2026-06-21 ~ 2026-07-04
2026-07-05 14:58:57 [INFO] 누락 데이터 존재 감지: ['2026-07-03', '2026-07-04']
2026-07-05 14:58:57 [INFO] 누락 날짜 데이터 강제 추출 시도: 2026-07-03
2026-07-05 14:58:57 [INFO] Starting execution of: extract_rich_orders_daily.py 2026-07-03 2026-07-03
2026-07-05 14:59:26 [INFO] 
--- extract_rich_orders_daily.py STDOUT ---
총 1일 치 데이터 추출을 시작합니다.
저장 기본 경로: /Users/galaxy/Google Drive/공유 드라이브/gbike.rich_orders
[2026-07-03] 데이터 추출 중...
[2026-07-03] 성공적으로 저장되었습니다. (건수: 236,978, 소요시간: 28.62초)

-------------------
2026-07-05 14:59:26 [INFO] 누락 날짜 데이터 강제 추출 시도: 2026-07-04
2026-07-05 14:59:26 [INFO] Starting execution of: extract_rich_orders_daily.py 2026-07-04 2026-07-04
2026-07-05 14:59:54 [INFO] 
--- extract_rich_orders_daily.py STDOUT ---
총 1일 치 데이터 추출을 시작합니다.
저장 기본 경로: /Users/galaxy/Google Drive/공유 드라이브/gbike.rich_orders
[2026-07-04] 데이터 추출 중...
[2026-07-04] 성공적으로 저장되었습니다. (건수: 207,044, 소요시간: 27.27초)

-------------------
2026-07-05 14:59:54 [INFO] Starting execution of: extract_rich_user_monthly.py 
2026-07-05 14:59:57 [INFO] 
--- extract_rich_user_monthly.py STDOUT ---
추출 기간: 2026-07-01 ~ 2026-07-04
저장 경로: /Users/galaxy/Google Drive/공유 드라이브/gbike.rich_user/rich_user_this_month/rich_user_this_month.parquet
데이터 추출 중...
성공적으로 덮어쓰기 완료되었습니다. (건수: 14,900, 소요시간: 1.92초)
rich_user_all.parquet 파일 병합(Upsert)을 시작합니다...
rich_user_all.parquet 업데이트 완료! (최종 유저 수: 4,010,261)

-------------------
2026-07-05 14:59:57 [INFO] Starting execution of: extract_rich_user_segment.py 
2026-07-05 15:00:04 [INFO] 
--- extract_rich_user_segment.py STDOUT ---
target-date가 지정되지 않았습니다. 디폴트로 최근 3일치를 계산합니다.
[2026-07-02 기준] 유저 세그먼트 계산을 시작합니다.
운행 이력 로드 기간: 2025-07-02 ~ 2026-07-02
유저별 운행 통계를 집계합니다...
전체 유저 정보를 로드합니다...
지역 정보를 로드하고 유저 정보와 결합합니다...
유저 정보와 운행 통계를 병합합니다...
고객 세그먼트를 분류합니다...
주 이용수단을 판별합니다...
RFM 스코어 및 CLTV를 계산합니다...
결과가 저장되었습니다: /Users/galaxy/Google Drive/공유 드라이브/gbike.rich_user_segment/dt=2026-07-02/rich_user_segment_2026-07-02.parquet

[세그먼트 분포 요약]
shape: (7, 3)
┌────────────────┬─────────┬──────────┐
│ segment        ┆ count   ┆ ratio(%) │
│ ---            ┆ ---     ┆ ---      │
│ str            ┆ u32     ┆ f64      │
╞════════════════╪═════════╪══════════╡
│ churn_over_365 ┆ 1543870 ┆ 47.5     │
│ churn          ┆ 641638  ┆ 19.7     │
│ inactive       ┆ 349737  ┆ 10.8     │
│ light_active   ┆ 305111  ┆ 9.4      │
│ active         ┆ 267290  ┆ 8.2      │
│ dormant        ┆ 92723   ┆ 2.9      │
│ acquisition    ┆ 52950   ┆ 1.6      │
└────────────────┴─────────┴──────────┘
[2026-07-03 기준] 유저 세그먼트 계산을 시작합니다.
운행 이력 로드 기간: 2025-07-03 ~ 2026-07-03
유저별 운행 통계를 집계합니다...
전체 유저 정보를 로드합니다...
지역 정보를 로드하고 유저 정보와 결합합니다...
유저 정보와 운행 통계를 병합합니다...
고객 세그먼트를 분류합니다...
주 이용수단을 판별합니다...
RFM 스코어 및 CLTV를 계산합니다...
결과가 저장되었습니다: /Users/galaxy/Google Drive/공유 드라이브/gbike.rich_user_segment/dt=2026-07-03/rich_user_segment_2026-07-03.parquet

[세그먼트 분포 요약]
shape: (7, 3)
┌────────────────┬─────────┬──────────┐
│ segment        ┆ count   ┆ ratio(%) │
│ ---            ┆ ---     ┆ ---      │
│ str            ┆ u32     ┆ f64      │
╞════════════════╪═════════╪══════════╡
│ churn_over_365 ┆ 1544722 ┆ 47.4     │
│ churn          ┆ 640010  ┆ 19.7     │
│ inactive       ┆ 349094  ┆ 10.7     │
│ light_active   ┆ 306331  ┆ 9.4      │
│ active         ┆ 269041  ┆ 8.3      │
│ dormant        ┆ 94067   ┆ 2.9      │
│ acquisition    ┆ 53408   ┆ 1.6      │
└────────────────┴─────────┴──────────┘
[2026-07-04 기준] 유저 세그먼트 계산을 시작합니다.
운행 이력 로드 기간: 2025-07-04 ~ 2026-07-04
유저별 운행 통계를 집계합니다...
전체 유저 정보를 로드합니다...
지역 정보를 로드하고 유저 정보와 결합합니다...
유저 정보와 운행 통계를 병합합니다...
고객 세그먼트를 분류합니다...
주 이용수단을 판별합니다...
RFM 스코어 및 CLTV를 계산합니다...
결과가 저장되었습니다: /Users/galaxy/Google Drive/공유 드라이브/gbike.rich_user_segment/dt=2026-07-04/rich_user_segment_2026-07-04.parquet

[세그먼트 분포 요약]
shape: (7, 3)
┌────────────────┬─────────┬──────────┐
│ segment        ┆ count   ┆ ratio(%) │
│ ---            ┆ ---     ┆ ---      │
│ str            ┆ u32     ┆ f64      │
╞════════════════╪═════════╪══════════╡
│ churn_over_365 ┆ 1545492 ┆ 47.4     │
│ churn          ┆ 637759  ┆ 19.6     │
│ inactive       ┆ 350812  ┆ 10.8     │
│ light_active   ┆ 307631  ┆ 9.4      │
│ active         ┆ 269699  ┆ 8.3      │
│ dormant        ┆ 95434   ┆ 2.9      │
│ acquisition    ┆ 53835   ┆ 1.7      │
└────────────────┴─────────┴──────────┘

-------------------
2026-07-05 15:00:04 [INFO] Starting execution of: send_weekly_report.py 
2026-07-05 15:00:51 [INFO] 
--- send_weekly_report.py STDOUT ---
[2026-06-21 ~ 2026-07-04] 데이터를 로드합니다...
월말 최종 마감 예상 매출 계산 시작...
월말 최종 마감 예상 운행수 계산 시작...
유저 세그먼트 데이터 로드 및 차트 생성 중 (월별)...
매출 메시지 발송 중...
메시지 전송 성공: spaces/AAQA8O4oUkw/messages/jfjZ_4kxq9g.jfjZ_4kxq9g
운행수 메시지 발송 중...
메시지 전송 성공: spaces/AAQA8O4oUkw/messages/LXzl7HQ4bys.LXzl7HQ4bys
세그먼트 메시지 발송 중...
메시지 전송 성공: spaces/AAQA8O4oUkw/messages/zUfh9d93XNU.zUfh9d93XNU

-------------------
2026-07-05 15:00:51 [INFO] 금일 배치 작업이 모두 정상 종료되었습니다. 성공 마커 파일을 기록합니다.
2026-07-05 15:00:51 [INFO] Removed old marker file: .daily_success_20260703
2026-07-05 15:00:51 [INFO] ================ Daily Batch Run Completed ================

2026-07-05 15:00:51 [INFO] run_daily_batch.py completed successfully.
2026-07-05 15:00:51 [INFO] ================ Daily Cron Batch End ================
2026-07-06 10:00:03 [INFO] ================ Daily Cron Batch Start ================
2026-07-06 10:00:03 [INFO] Virtual environment activated.
2026-07-06 10:00:03 [INFO] Running run_daily_batch.py...
2026-07-06 10:00:03 [INFO] ================ Daily Batch Run Attempt (2026-07-06 10:00:03) ================
2026-07-06 10:00:03 [INFO] 필수 데이터 검사 범위: 2026-06-22 ~ 2026-07-05
2026-07-06 10:00:03 [INFO] 누락 데이터 존재 감지: ['2026-07-05']
2026-07-06 10:00:03 [INFO] 누락 날짜 데이터 강제 추출 시도: 2026-07-05
2026-07-06 10:00:03 [INFO] Starting execution of: extract_rich_orders_daily.py 2026-07-05 2026-07-05
2026-07-06 10:00:20 [INFO] 
--- extract_rich_orders_daily.py STDOUT ---
총 1일 치 데이터 추출을 시작합니다.
저장 기본 경로: /Users/galaxy/Google Drive/공유 드라이브/gbike.rich_orders
[2026-07-05] 데이터 추출 중...
[2026-07-05] 성공적으로 저장되었습니다. (건수: 149,455, 소요시간: 14.83초)

-------------------
2026-07-06 10:00:20 [INFO] Starting execution of: extract_rich_user_monthly.py 
2026-07-06 10:00:23 [INFO] 
--- extract_rich_user_monthly.py STDOUT ---
추출 기간: 2026-07-01 ~ 2026-07-05
저장 경로: /Users/galaxy/Google Drive/공유 드라이브/gbike.rich_user/rich_user_this_month/rich_user_this_month.parquet
데이터 추출 중...
성공적으로 덮어쓰기 완료되었습니다. (건수: 17,928, 소요시간: 1.54초)
rich_user_all.parquet 파일 병합(Upsert)을 시작합니다...
rich_user_all.parquet 업데이트 완료! (최종 유저 수: 4,013,293)

-------------------
2026-07-06 10:00:23 [INFO] Starting execution of: extract_rich_user_segment.py 
2026-07-06 10:00:31 [INFO] 
--- extract_rich_user_segment.py STDOUT ---
target-date가 지정되지 않았습니다. 디폴트로 최근 3일치를 계산합니다.
[2026-07-03 기준] 유저 세그먼트 계산을 시작합니다.
운행 이력 로드 기간: 2025-07-03 ~ 2026-07-03
유저별 운행 통계를 집계합니다...
전체 유저 정보를 로드합니다...
지역 정보를 로드하고 유저 정보와 결합합니다...
유저 정보와 운행 통계를 병합합니다...
고객 세그먼트를 분류합니다...
주 이용수단을 판별합니다...
RFM 스코어 및 CLTV를 계산합니다...
결과가 저장되었습니다: /Users/galaxy/Google Drive/공유 드라이브/gbike.rich_user_segment/dt=2026-07-03/rich_user_segment_2026-07-03.parquet

[세그먼트 분포 요약]
shape: (7, 3)
┌────────────────┬─────────┬──────────┐
│ segment        ┆ count   ┆ ratio(%) │
│ ---            ┆ ---     ┆ ---      │
│ str            ┆ u32     ┆ f64      │
╞════════════════╪═════════╪══════════╡
│ churn_over_365 ┆ 1544722 ┆ 47.4     │
│ churn          ┆ 640010  ┆ 19.7     │
│ inactive       ┆ 349094  ┆ 10.7     │
│ light_active   ┆ 306337  ┆ 9.4      │
│ active         ┆ 269040  ┆ 8.3      │
│ dormant        ┆ 94067   ┆ 2.9      │
│ acquisition    ┆ 53398   ┆ 1.6      │
└────────────────┴─────────┴──────────┘
[2026-07-04 기준] 유저 세그먼트 계산을 시작합니다.
운행 이력 로드 기간: 2025-07-04 ~ 2026-07-04
유저별 운행 통계를 집계합니다...
전체 유저 정보를 로드합니다...
지역 정보를 로드하고 유저 정보와 결합합니다...
유저 정보와 운행 통계를 병합합니다...
고객 세그먼트를 분류합니다...
주 이용수단을 판별합니다...
RFM 스코어 및 CLTV를 계산합니다...
결과가 저장되었습니다: /Users/galaxy/Google Drive/공유 드라이브/gbike.rich_user_segment/dt=2026-07-04/rich_user_segment_2026-07-04.parquet

[세그먼트 분포 요약]
shape: (7, 3)
┌────────────────┬─────────┬──────────┐
│ segment        ┆ count   ┆ ratio(%) │
│ ---            ┆ ---     ┆ ---      │
│ str            ┆ u32     ┆ f64      │
╞════════════════╪═════════╪══════════╡
│ churn_over_365 ┆ 1545492 ┆ 47.4     │
│ churn          ┆ 637759  ┆ 19.6     │
│ inactive       ┆ 350812  ┆ 10.8     │
│ light_active   ┆ 307637  ┆ 9.4      │
│ active         ┆ 269699  ┆ 8.3      │
│ dormant        ┆ 95434   ┆ 2.9      │
│ acquisition    ┆ 53818   ┆ 1.7      │
└────────────────┴─────────┴──────────┘
[2026-07-05 기준] 유저 세그먼트 계산을 시작합니다.
운행 이력 로드 기간: 2025-07-05 ~ 2026-07-05
유저별 운행 통계를 집계합니다...
전체 유저 정보를 로드합니다...
지역 정보를 로드하고 유저 정보와 결합합니다...
유저 정보와 운행 통계를 병합합니다...
고객 세그먼트를 분류합니다...
주 이용수단을 판별합니다...
RFM 스코어 및 CLTV를 계산합니다...
결과가 저장되었습니다: /Users/galaxy/Google Drive/공유 드라이브/gbike.rich_user_segment/dt=2026-07-05/rich_user_segment_2026-07-05.parquet

[세그먼트 분포 요약]
shape: (7, 3)
┌────────────────┬─────────┬──────────┐
│ segment        ┆ count   ┆ ratio(%) │
│ ---            ┆ ---     ┆ ---      │
│ str            ┆ u32     ┆ f64      │
╞════════════════╪═════════╪══════════╡
│ churn_over_365 ┆ 1547427 ┆ 47.4     │
│ churn          ┆ 636008  ┆ 19.5     │
│ inactive       ┆ 349973  ┆ 10.7     │
│ light_active   ┆ 308904  ┆ 9.5      │
│ active         ┆ 269313  ┆ 8.3      │
│ dormant        ┆ 97411   ┆ 3.0      │
│ acquisition    ┆ 54210   ┆ 1.7      │
└────────────────┴─────────┴──────────┘

-------------------
2026-07-06 10:00:31 [INFO] Starting execution of: send_weekly_report.py 
2026-07-06 10:01:22 [INFO] 
--- send_weekly_report.py STDOUT ---
[2026-06-22 ~ 2026-07-05] 데이터를 로드합니다...
월말 최종 마감 예상 매출 계산 시작...
월말 최종 마감 예상 운행수 계산 시작...
유저 세그먼트 데이터 로드 및 차트 생성 중 (월별)...
매출 메시지 발송 중...
메시지 전송 성공: spaces/AAQA8O4oUkw/messages/RifEe3zsi7Q.RifEe3zsi7Q
운행수 메시지 발송 중...
메시지 전송 성공: spaces/AAQA8O4oUkw/messages/E9gfPpemUnE.E9gfPpemUnE
세그먼트 메시지 발송 중...
메시지 전송 성공: spaces/AAQA8O4oUkw/messages/A_NyLaLd2mE.A_NyLaLd2mE

-------------------
2026-07-06 10:01:22 [INFO] 금일 배치 작업이 모두 정상 종료되었습니다. 성공 마커 파일을 기록합니다.
2026-07-06 10:01:22 [INFO] Removed old marker file: .daily_success_20260705
2026-07-06 10:01:22 [INFO] ================ Daily Batch Run Completed ================

2026-07-06 10:00:03 [INFO] ================ Daily Batch Run Attempt (2026-07-06 10:00:03) ================
2026-07-06 10:00:03 [INFO] 필수 데이터 검사 범위: 2026-06-22 ~ 2026-07-05
2026-07-06 10:00:03 [INFO] 누락 데이터 존재 감지: ['2026-07-05']
2026-07-06 10:00:03 [INFO] 누락 날짜 데이터 강제 추출 시도: 2026-07-05
2026-07-06 10:00:03 [INFO] Starting execution of: extract_rich_orders_daily.py 2026-07-05 2026-07-05
2026-07-06 10:00:20 [INFO] 
--- extract_rich_orders_daily.py STDOUT ---
총 1일 치 데이터 추출을 시작합니다.
저장 기본 경로: /Users/galaxy/Google Drive/공유 드라이브/gbike.rich_orders
[2026-07-05] 데이터 추출 중...
[2026-07-05] 성공적으로 저장되었습니다. (건수: 149,455, 소요시간: 14.83초)

-------------------
2026-07-06 10:00:20 [INFO] Starting execution of: extract_rich_user_monthly.py 
2026-07-06 10:00:23 [INFO] 
--- extract_rich_user_monthly.py STDOUT ---
추출 기간: 2026-07-01 ~ 2026-07-05
저장 경로: /Users/galaxy/Google Drive/공유 드라이브/gbike.rich_user/rich_user_this_month/rich_user_this_month.parquet
데이터 추출 중...
성공적으로 덮어쓰기 완료되었습니다. (건수: 17,928, 소요시간: 1.54초)
rich_user_all.parquet 파일 병합(Upsert)을 시작합니다...
rich_user_all.parquet 업데이트 완료! (최종 유저 수: 4,013,293)

-------------------
2026-07-06 10:00:23 [INFO] Starting execution of: extract_rich_user_segment.py 
2026-07-06 10:00:31 [INFO] 
--- extract_rich_user_segment.py STDOUT ---
target-date가 지정되지 않았습니다. 디폴트로 최근 3일치를 계산합니다.
[2026-07-03 기준] 유저 세그먼트 계산을 시작합니다.
운행 이력 로드 기간: 2025-07-03 ~ 2026-07-03
유저별 운행 통계를 집계합니다...
전체 유저 정보를 로드합니다...
지역 정보를 로드하고 유저 정보와 결합합니다...
유저 정보와 운행 통계를 병합합니다...
고객 세그먼트를 분류합니다...
주 이용수단을 판별합니다...
RFM 스코어 및 CLTV를 계산합니다...
결과가 저장되었습니다: /Users/galaxy/Google Drive/공유 드라이브/gbike.rich_user_segment/dt=2026-07-03/rich_user_segment_2026-07-03.parquet

[세그먼트 분포 요약]
shape: (7, 3)
┌────────────────┬─────────┬──────────┐
│ segment        ┆ count   ┆ ratio(%) │
│ ---            ┆ ---     ┆ ---      │
│ str            ┆ u32     ┆ f64      │
╞════════════════╪═════════╪══════════╡
│ churn_over_365 ┆ 1544722 ┆ 47.4     │
│ churn          ┆ 640010  ┆ 19.7     │
│ inactive       ┆ 349094  ┆ 10.7     │
│ light_active   ┆ 306337  ┆ 9.4      │
│ active         ┆ 269040  ┆ 8.3      │
│ dormant        ┆ 94067   ┆ 2.9      │
│ acquisition    ┆ 53398   ┆ 1.6      │
└────────────────┴─────────┴──────────┘
[2026-07-04 기준] 유저 세그먼트 계산을 시작합니다.
운행 이력 로드 기간: 2025-07-04 ~ 2026-07-04
유저별 운행 통계를 집계합니다...
전체 유저 정보를 로드합니다...
지역 정보를 로드하고 유저 정보와 결합합니다...
유저 정보와 운행 통계를 병합합니다...
고객 세그먼트를 분류합니다...
주 이용수단을 판별합니다...
RFM 스코어 및 CLTV를 계산합니다...
결과가 저장되었습니다: /Users/galaxy/Google Drive/공유 드라이브/gbike.rich_user_segment/dt=2026-07-04/rich_user_segment_2026-07-04.parquet

[세그먼트 분포 요약]
shape: (7, 3)
┌────────────────┬─────────┬──────────┐
│ segment        ┆ count   ┆ ratio(%) │
│ ---            ┆ ---     ┆ ---      │
│ str            ┆ u32     ┆ f64      │
╞════════════════╪═════════╪══════════╡
│ churn_over_365 ┆ 1545492 ┆ 47.4     │
│ churn          ┆ 637759  ┆ 19.6     │
│ inactive       ┆ 350812  ┆ 10.8     │
│ light_active   ┆ 307637  ┆ 9.4      │
│ active         ┆ 269699  ┆ 8.3      │
│ dormant        ┆ 95434   ┆ 2.9      │
│ acquisition    ┆ 53818   ┆ 1.7      │
└────────────────┴─────────┴──────────┘
[2026-07-05 기준] 유저 세그먼트 계산을 시작합니다.
운행 이력 로드 기간: 2025-07-05 ~ 2026-07-05
유저별 운행 통계를 집계합니다...
전체 유저 정보를 로드합니다...
지역 정보를 로드하고 유저 정보와 결합합니다...
유저 정보와 운행 통계를 병합합니다...
고객 세그먼트를 분류합니다...
주 이용수단을 판별합니다...
RFM 스코어 및 CLTV를 계산합니다...
결과가 저장되었습니다: /Users/galaxy/Google Drive/공유 드라이브/gbike.rich_user_segment/dt=2026-07-05/rich_user_segment_2026-07-05.parquet

[세그먼트 분포 요약]
shape: (7, 3)
┌────────────────┬─────────┬──────────┐
│ segment        ┆ count   ┆ ratio(%) │
│ ---            ┆ ---     ┆ ---      │
│ str            ┆ u32     ┆ f64      │
╞════════════════╪═════════╪══════════╡
│ churn_over_365 ┆ 1547427 ┆ 47.4     │
│ churn          ┆ 636008  ┆ 19.5     │
│ inactive       ┆ 349973  ┆ 10.7     │
│ light_active   ┆ 308904  ┆ 9.5      │
│ active         ┆ 269313  ┆ 8.3      │
│ dormant        ┆ 97411   ┆ 3.0      │
│ acquisition    ┆ 54210   ┆ 1.7      │
└────────────────┴─────────┴──────────┘

-------------------
2026-07-06 10:00:31 [INFO] Starting execution of: send_weekly_report.py 
2026-07-06 10:01:22 [INFO] 
--- send_weekly_report.py STDOUT ---
[2026-06-22 ~ 2026-07-05] 데이터를 로드합니다...
월말 최종 마감 예상 매출 계산 시작...
월말 최종 마감 예상 운행수 계산 시작...
유저 세그먼트 데이터 로드 및 차트 생성 중 (월별)...
매출 메시지 발송 중...
메시지 전송 성공: spaces/AAQA8O4oUkw/messages/RifEe3zsi7Q.RifEe3zsi7Q
운행수 메시지 발송 중...
메시지 전송 성공: spaces/AAQA8O4oUkw/messages/E9gfPpemUnE.E9gfPpemUnE
세그먼트 메시지 발송 중...
메시지 전송 성공: spaces/AAQA8O4oUkw/messages/A_NyLaLd2mE.A_NyLaLd2mE

-------------------
2026-07-06 10:01:22 [INFO] 금일 배치 작업이 모두 정상 종료되었습니다. 성공 마커 파일을 기록합니다.
2026-07-06 10:01:22 [INFO] Removed old marker file: .daily_success_20260705
2026-07-06 10:01:22 [INFO] ================ Daily Batch Run Completed ================

2026-07-06 10:01:22 [INFO] run_daily_batch.py completed successfully.
2026-07-06 10:01:22 [INFO] ================ Daily Cron Batch End ================
2026-07-07 10:00:01 [INFO] ================ Daily Cron Batch Start ================
2026-07-07 10:00:01 [INFO] Virtual environment activated.
2026-07-07 10:00:01 [INFO] Running run_daily_batch.py...
2026-07-07 10:00:01 [INFO] ================ Daily Batch Run Attempt (2026-07-07 10:00:01) ================
2026-07-07 10:00:01 [INFO] 필수 데이터 검사 범위: 2026-06-23 ~ 2026-07-06
2026-07-07 10:00:01 [INFO] 누락 데이터 존재 감지: ['2026-07-06']
2026-07-07 10:00:01 [INFO] 누락 날짜 데이터 강제 추출 시도: 2026-07-06
2026-07-07 10:00:01 [INFO] Starting execution of: extract_rich_orders_daily.py 2026-07-06 2026-07-06
2026-07-07 10:00:18 [INFO] 
--- extract_rich_orders_daily.py STDOUT ---
총 1일 치 데이터 추출을 시작합니다.
저장 기본 경로: /Users/galaxy/Google Drive/공유 드라이브/gbike.rich_orders
[2026-07-06] 데이터 추출 중...
[2026-07-06] 성공적으로 저장되었습니다. (건수: 183,273, 소요시간: 16.11초)

-------------------
2026-07-07 10:00:18 [INFO] Starting execution of: extract_rich_user_monthly.py 
2026-07-07 10:00:22 [INFO] 
--- extract_rich_user_monthly.py STDOUT ---
추출 기간: 2026-07-01 ~ 2026-07-06
저장 경로: /Users/galaxy/Google Drive/공유 드라이브/gbike.rich_user/rich_user_this_month/rich_user_this_month.parquet
데이터 추출 중...
성공적으로 덮어쓰기 완료되었습니다. (건수: 20,562, 소요시간: 2.42초)
rich_user_all.parquet 파일 병합(Upsert)을 시작합니다...
rich_user_all.parquet 업데이트 완료! (최종 유저 수: 4,015,942)

-------------------
2026-07-07 10:00:22 [INFO] Starting execution of: extract_rich_user_segment.py 
2026-07-07 10:00:31 [INFO] 
--- extract_rich_user_segment.py STDOUT ---
target-date가 지정되지 않았습니다. 디폴트로 최근 3일치를 계산합니다.
[2026-07-04 기준] 유저 세그먼트 계산을 시작합니다.
운행 이력 로드 기간: 2025-07-04 ~ 2026-07-04
유저별 운행 통계를 집계합니다...
전체 유저 정보를 로드합니다...
지역 정보를 로드하고 유저 정보와 결합합니다...
유저 정보와 운행 통계를 병합합니다...
고객 세그먼트를 분류합니다...
주 이용수단을 판별합니다...
RFM 스코어 및 CLTV를 계산합니다...
결과가 저장되었습니다: /Users/galaxy/Google Drive/공유 드라이브/gbike.rich_user_segment/dt=2026-07-04/rich_user_segment_2026-07-04.parquet

[세그먼트 분포 요약]
shape: (7, 3)
┌────────────────┬─────────┬──────────┐
│ segment        ┆ count   ┆ ratio(%) │
│ ---            ┆ ---     ┆ ---      │
│ str            ┆ u32     ┆ f64      │
╞════════════════╪═════════╪══════════╡
│ churn_over_365 ┆ 1545492 ┆ 47.4     │
│ churn          ┆ 637759  ┆ 19.6     │
│ inactive       ┆ 350812  ┆ 10.8     │
│ light_active   ┆ 307648  ┆ 9.4      │
│ active         ┆ 269698  ┆ 8.3      │
│ dormant        ┆ 95434   ┆ 2.9      │
│ acquisition    ┆ 53817   ┆ 1.7      │
└────────────────┴─────────┴──────────┘
[2026-07-05 기준] 유저 세그먼트 계산을 시작합니다.
운행 이력 로드 기간: 2025-07-05 ~ 2026-07-05
유저별 운행 통계를 집계합니다...
전체 유저 정보를 로드합니다...
지역 정보를 로드하고 유저 정보와 결합합니다...
유저 정보와 운행 통계를 병합합니다...
고객 세그먼트를 분류합니다...
주 이용수단을 판별합니다...
RFM 스코어 및 CLTV를 계산합니다...
결과가 저장되었습니다: /Users/galaxy/Google Drive/공유 드라이브/gbike.rich_user_segment/dt=2026-07-05/rich_user_segment_2026-07-05.parquet

[세그먼트 분포 요약]
shape: (7, 3)
┌────────────────┬─────────┬──────────┐
│ segment        ┆ count   ┆ ratio(%) │
│ ---            ┆ ---     ┆ ---      │
│ str            ┆ u32     ┆ f64      │
╞════════════════╪═════════╪══════════╡
│ churn_over_365 ┆ 1547427 ┆ 47.4     │
│ churn          ┆ 636008  ┆ 19.5     │
│ inactive       ┆ 349973  ┆ 10.7     │
│ light_active   ┆ 308911  ┆ 9.5      │
│ active         ┆ 269308  ┆ 8.3      │
│ dormant        ┆ 97411   ┆ 3.0      │
│ acquisition    ┆ 54208   ┆ 1.7      │
└────────────────┴─────────┴──────────┘
[2026-07-06 기준] 유저 세그먼트 계산을 시작합니다.
운행 이력 로드 기간: 2025-07-06 ~ 2026-07-06
유저별 운행 통계를 집계합니다...
전체 유저 정보를 로드합니다...
지역 정보를 로드하고 유저 정보와 결합합니다...
유저 정보와 운행 통계를 병합합니다...
고객 세그먼트를 분류합니다...
주 이용수단을 판별합니다...
RFM 스코어 및 CLTV를 계산합니다...
결과가 저장되었습니다: /Users/galaxy/Google Drive/공유 드라이브/gbike.rich_user_segment/dt=2026-07-06/rich_user_segment_2026-07-06.parquet

[세그먼트 분포 요약]
shape: (7, 3)
┌────────────────┬─────────┬──────────┐
│ segment        ┆ count   ┆ ratio(%) │
│ ---            ┆ ---     ┆ ---      │
│ str            ┆ u32     ┆ f64      │
╞════════════════╪═════════╪══════════╡
│ churn_over_365 ┆ 1550163 ┆ 47.5     │
│ churn          ┆ 634260  ┆ 19.4     │
│ inactive       ┆ 353875  ┆ 10.8     │
│ light_active   ┆ 308707  ┆ 9.5      │
│ active         ┆ 268276  ┆ 8.2      │
│ dormant        ┆ 96260   ┆ 2.9      │
│ acquisition    ┆ 53970   ┆ 1.7      │
└────────────────┴─────────┴──────────┘

-------------------
2026-07-07 10:00:31 [INFO] Starting execution of: send_weekly_report.py 
2026-07-07 10:01:22 [INFO] 
--- send_weekly_report.py STDOUT ---
[2026-06-23 ~ 2026-07-06] 데이터를 로드합니다...
월말 최종 마감 예상 매출 계산 시작...
월말 최종 마감 예상 운행수 계산 시작...
유저 세그먼트 데이터 로드 및 차트 생성 중 (월별)...
매출 메시지 발송 중...
메시지 전송 성공: spaces/AAQA8O4oUkw/messages/qS1OHBd3uUg.qS1OHBd3uUg
운행수 메시지 발송 중...
메시지 전송 성공: spaces/AAQA8O4oUkw/messages/6gfAhp0Gvfk.6gfAhp0Gvfk
세그먼트 메시지 발송 중...
메시지 전송 성공: spaces/AAQA8O4oUkw/messages/lodWoyotK1c.lodWoyotK1c

-------------------
2026-07-07 10:01:22 [INFO] 금일 배치 작업이 모두 정상 종료되었습니다. 성공 마커 파일을 기록합니다.
2026-07-07 10:01:22 [INFO] Removed old marker file: .daily_success_20260706
2026-07-07 10:01:22 [INFO] ================ Daily Batch Run Completed ================

2026-07-07 10:00:01 [INFO] ================ Daily Batch Run Attempt (2026-07-07 10:00:01) ================
2026-07-07 10:00:01 [INFO] 필수 데이터 검사 범위: 2026-06-23 ~ 2026-07-06
2026-07-07 10:00:01 [INFO] 누락 데이터 존재 감지: ['2026-07-06']
2026-07-07 10:00:01 [INFO] 누락 날짜 데이터 강제 추출 시도: 2026-07-06
2026-07-07 10:00:01 [INFO] Starting execution of: extract_rich_orders_daily.py 2026-07-06 2026-07-06
2026-07-07 10:00:18 [INFO] 
--- extract_rich_orders_daily.py STDOUT ---
총 1일 치 데이터 추출을 시작합니다.
저장 기본 경로: /Users/galaxy/Google Drive/공유 드라이브/gbike.rich_orders
[2026-07-06] 데이터 추출 중...
[2026-07-06] 성공적으로 저장되었습니다. (건수: 183,273, 소요시간: 16.11초)

-------------------
2026-07-07 10:00:18 [INFO] Starting execution of: extract_rich_user_monthly.py 
2026-07-07 10:00:22 [INFO] 
--- extract_rich_user_monthly.py STDOUT ---
추출 기간: 2026-07-01 ~ 2026-07-06
저장 경로: /Users/galaxy/Google Drive/공유 드라이브/gbike.rich_user/rich_user_this_month/rich_user_this_month.parquet
데이터 추출 중...
성공적으로 덮어쓰기 완료되었습니다. (건수: 20,562, 소요시간: 2.42초)
rich_user_all.parquet 파일 병합(Upsert)을 시작합니다...
rich_user_all.parquet 업데이트 완료! (최종 유저 수: 4,015,942)

-------------------
2026-07-07 10:00:22 [INFO] Starting execution of: extract_rich_user_segment.py 
2026-07-07 10:00:31 [INFO] 
--- extract_rich_user_segment.py STDOUT ---
target-date가 지정되지 않았습니다. 디폴트로 최근 3일치를 계산합니다.
[2026-07-04 기준] 유저 세그먼트 계산을 시작합니다.
운행 이력 로드 기간: 2025-07-04 ~ 2026-07-04
유저별 운행 통계를 집계합니다...
전체 유저 정보를 로드합니다...
지역 정보를 로드하고 유저 정보와 결합합니다...
유저 정보와 운행 통계를 병합합니다...
고객 세그먼트를 분류합니다...
주 이용수단을 판별합니다...
RFM 스코어 및 CLTV를 계산합니다...
결과가 저장되었습니다: /Users/galaxy/Google Drive/공유 드라이브/gbike.rich_user_segment/dt=2026-07-04/rich_user_segment_2026-07-04.parquet

[세그먼트 분포 요약]
shape: (7, 3)
┌────────────────┬─────────┬──────────┐
│ segment        ┆ count   ┆ ratio(%) │
│ ---            ┆ ---     ┆ ---      │
│ str            ┆ u32     ┆ f64      │
╞════════════════╪═════════╪══════════╡
│ churn_over_365 ┆ 1545492 ┆ 47.4     │
│ churn          ┆ 637759  ┆ 19.6     │
│ inactive       ┆ 350812  ┆ 10.8     │
│ light_active   ┆ 307648  ┆ 9.4      │
│ active         ┆ 269698  ┆ 8.3      │
│ dormant        ┆ 95434   ┆ 2.9      │
│ acquisition    ┆ 53817   ┆ 1.7      │
└────────────────┴─────────┴──────────┘
[2026-07-05 기준] 유저 세그먼트 계산을 시작합니다.
운행 이력 로드 기간: 2025-07-05 ~ 2026-07-05
유저별 운행 통계를 집계합니다...
전체 유저 정보를 로드합니다...
지역 정보를 로드하고 유저 정보와 결합합니다...
유저 정보와 운행 통계를 병합합니다...
고객 세그먼트를 분류합니다...
주 이용수단을 판별합니다...
RFM 스코어 및 CLTV를 계산합니다...
결과가 저장되었습니다: /Users/galaxy/Google Drive/공유 드라이브/gbike.rich_user_segment/dt=2026-07-05/rich_user_segment_2026-07-05.parquet

[세그먼트 분포 요약]
shape: (7, 3)
┌────────────────┬─────────┬──────────┐
│ segment        ┆ count   ┆ ratio(%) │
│ ---            ┆ ---     ┆ ---      │
│ str            ┆ u32     ┆ f64      │
╞════════════════╪═════════╪══════════╡
│ churn_over_365 ┆ 1547427 ┆ 47.4     │
│ churn          ┆ 636008  ┆ 19.5     │
│ inactive       ┆ 349973  ┆ 10.7     │
│ light_active   ┆ 308911  ┆ 9.5      │
│ active         ┆ 269308  ┆ 8.3      │
│ dormant        ┆ 97411   ┆ 3.0      │
│ acquisition    ┆ 54208   ┆ 1.7      │
└────────────────┴─────────┴──────────┘
[2026-07-06 기준] 유저 세그먼트 계산을 시작합니다.
운행 이력 로드 기간: 2025-07-06 ~ 2026-07-06
유저별 운행 통계를 집계합니다...
전체 유저 정보를 로드합니다...
지역 정보를 로드하고 유저 정보와 결합합니다...
유저 정보와 운행 통계를 병합합니다...
고객 세그먼트를 분류합니다...
주 이용수단을 판별합니다...
RFM 스코어 및 CLTV를 계산합니다...
결과가 저장되었습니다: /Users/galaxy/Google Drive/공유 드라이브/gbike.rich_user_segment/dt=2026-07-06/rich_user_segment_2026-07-06.parquet

[세그먼트 분포 요약]
shape: (7, 3)
┌────────────────┬─────────┬──────────┐
│ segment        ┆ count   ┆ ratio(%) │
│ ---            ┆ ---     ┆ ---      │
│ str            ┆ u32     ┆ f64      │
╞════════════════╪═════════╪══════════╡
│ churn_over_365 ┆ 1550163 ┆ 47.5     │
│ churn          ┆ 634260  ┆ 19.4     │
│ inactive       ┆ 353875  ┆ 10.8     │
│ light_active   ┆ 308707  ┆ 9.5      │
│ active         ┆ 268276  ┆ 8.2      │
│ dormant        ┆ 96260   ┆ 2.9      │
│ acquisition    ┆ 53970   ┆ 1.7      │
└────────────────┴─────────┴──────────┘

-------------------
2026-07-07 10:00:31 [INFO] Starting execution of: send_weekly_report.py 
2026-07-07 10:01:22 [INFO] 
--- send_weekly_report.py STDOUT ---
[2026-06-23 ~ 2026-07-06] 데이터를 로드합니다...
월말 최종 마감 예상 매출 계산 시작...
월말 최종 마감 예상 운행수 계산 시작...
유저 세그먼트 데이터 로드 및 차트 생성 중 (월별)...
매출 메시지 발송 중...
메시지 전송 성공: spaces/AAQA8O4oUkw/messages/qS1OHBd3uUg.qS1OHBd3uUg
운행수 메시지 발송 중...
메시지 전송 성공: spaces/AAQA8O4oUkw/messages/6gfAhp0Gvfk.6gfAhp0Gvfk
세그먼트 메시지 발송 중...
메시지 전송 성공: spaces/AAQA8O4oUkw/messages/lodWoyotK1c.lodWoyotK1c

-------------------
2026-07-07 10:01:22 [INFO] 금일 배치 작업이 모두 정상 종료되었습니다. 성공 마커 파일을 기록합니다.
2026-07-07 10:01:22 [INFO] Removed old marker file: .daily_success_20260706
2026-07-07 10:01:22 [INFO] ================ Daily Batch Run Completed ================

2026-07-07 10:01:22 [INFO] run_daily_batch.py completed successfully.
2026-07-07 10:01:22 [INFO] ================ Daily Cron Batch End ================
2026-07-08 10:00:00 [INFO] ================ Daily Cron Batch Start ================
2026-07-08 10:00:00 [INFO] Virtual environment activated.
2026-07-08 10:00:00 [INFO] Running run_daily_batch.py...
2026-07-08 10:00:00 [INFO] ================ Daily Batch Run Attempt (2026-07-08 10:00:00) ================
2026-07-08 10:00:00 [INFO] 필수 데이터 검사 범위: 2026-06-24 ~ 2026-07-07
2026-07-08 10:00:00 [INFO] 누락 데이터 존재 감지: ['2026-07-07']
2026-07-08 10:00:00 [INFO] 누락 날짜 데이터 강제 추출 시도: 2026-07-07
2026-07-08 10:00:00 [INFO] Starting execution of: extract_rich_orders_daily.py 2026-07-07 2026-07-07
2026-07-08 10:00:20 [INFO] 
--- extract_rich_orders_daily.py STDOUT ---
총 1일 치 데이터 추출을 시작합니다.
저장 기본 경로: /Users/galaxy/Google Drive/공유 드라이브/gbike.rich_orders
[2026-07-07] 데이터 추출 중...
[2026-07-07] 성공적으로 저장되었습니다. (건수: 196,263, 소요시간: 19.09초)

-------------------
2026-07-08 10:00:20 [INFO] Starting execution of: extract_rich_user_monthly.py 
2026-07-08 10:00:26 [INFO] 
--- extract_rich_user_monthly.py STDOUT ---
추출 기간: 2026-07-01 ~ 2026-07-07
저장 경로: /Users/galaxy/Google Drive/공유 드라이브/gbike.rich_user/rich_user_this_month/rich_user_this_month.parquet
데이터 추출 중...
성공적으로 덮어쓰기 완료되었습니다. (건수: 23,421, 소요시간: 4.95초)
rich_user_all.parquet 파일 병합(Upsert)을 시작합니다...
rich_user_all.parquet 업데이트 완료! (최종 유저 수: 4,018,814)

-------------------
2026-07-08 10:00:26 [INFO] Starting execution of: extract_rich_user_segment.py 
2026-07-08 10:00:35 [INFO] 
--- extract_rich_user_segment.py STDOUT ---
target-date가 지정되지 않았습니다. 디폴트로 최근 3일치를 계산합니다.
[2026-07-05 기준] 유저 세그먼트 계산을 시작합니다.
운행 이력 로드 기간: 2025-07-05 ~ 2026-07-05
유저별 운행 통계를 집계합니다...
전체 유저 정보를 로드합니다...
지역 정보를 로드하고 유저 정보와 결합합니다...
유저 정보와 운행 통계를 병합합니다...
고객 세그먼트를 분류합니다...
주 이용수단을 판별합니다...
RFM 스코어 및 CLTV를 계산합니다...
결과가 저장되었습니다: /Users/galaxy/Google Drive/공유 드라이브/gbike.rich_user_segment/dt=2026-07-05/rich_user_segment_2026-07-05.parquet

[세그먼트 분포 요약]
shape: (7, 3)
┌────────────────┬─────────┬──────────┐
│ segment        ┆ count   ┆ ratio(%) │
│ ---            ┆ ---     ┆ ---      │
│ str            ┆ u32     ┆ f64      │
╞════════════════╪═════════╪══════════╡
│ churn_over_365 ┆ 1547427 ┆ 47.4     │
│ churn          ┆ 636008  ┆ 19.5     │
│ inactive       ┆ 349973  ┆ 10.7     │
│ light_active   ┆ 308934  ┆ 9.5      │
│ active         ┆ 269304  ┆ 8.3      │
│ dormant        ┆ 97411   ┆ 3.0      │
│ acquisition    ┆ 54185   ┆ 1.7      │
└────────────────┴─────────┴──────────┘
[2026-07-06 기준] 유저 세그먼트 계산을 시작합니다.
운행 이력 로드 기간: 2025-07-06 ~ 2026-07-06
유저별 운행 통계를 집계합니다...
전체 유저 정보를 로드합니다...
지역 정보를 로드하고 유저 정보와 결합합니다...
유저 정보와 운행 통계를 병합합니다...
고객 세그먼트를 분류합니다...
주 이용수단을 판별합니다...
RFM 스코어 및 CLTV를 계산합니다...
결과가 저장되었습니다: /Users/galaxy/Google Drive/공유 드라이브/gbike.rich_user_segment/dt=2026-07-06/rich_user_segment_2026-07-06.parquet

[세그먼트 분포 요약]
shape: (7, 3)
┌────────────────┬─────────┬──────────┐
│ segment        ┆ count   ┆ ratio(%) │
│ ---            ┆ ---     ┆ ---      │
│ str            ┆ u32     ┆ f64      │
╞════════════════╪═════════╪══════════╡
│ churn_over_365 ┆ 1550163 ┆ 47.5     │
│ churn          ┆ 634260  ┆ 19.4     │
│ inactive       ┆ 353875  ┆ 10.8     │
│ light_active   ┆ 308711  ┆ 9.5      │
│ active         ┆ 268277  ┆ 8.2      │
│ dormant        ┆ 96260   ┆ 2.9      │
│ acquisition    ┆ 53949   ┆ 1.7      │
└────────────────┴─────────┴──────────┘
[2026-07-07 기준] 유저 세그먼트 계산을 시작합니다.
운행 이력 로드 기간: 2025-07-07 ~ 2026-07-07
유저별 운행 통계를 집계합니다...
전체 유저 정보를 로드합니다...
지역 정보를 로드하고 유저 정보와 결합합니다...
유저 정보와 운행 통계를 병합합니다...
고객 세그먼트를 분류합니다...
주 이용수단을 판별합니다...
RFM 스코어 및 CLTV를 계산합니다...
결과가 저장되었습니다: /Users/galaxy/Google Drive/공유 드라이브/gbike.rich_user_segment/dt=2026-07-07/rich_user_segment_2026-07-07.parquet

[세그먼트 분포 요약]
shape: (7, 3)
┌────────────────┬─────────┬──────────┐
│ segment        ┆ count   ┆ ratio(%) │
│ ---            ┆ ---     ┆ ---      │
│ str            ┆ u32     ┆ f64      │
╞════════════════╪═════════╪══════════╡
│ churn_over_365 ┆ 1552143 ┆ 47.5     │
│ churn          ┆ 632807  ┆ 19.4     │
│ inactive       ┆ 359543  ┆ 11.0     │
│ light_active   ┆ 307072  ┆ 9.4      │
│ active         ┆ 267581  ┆ 8.2      │
│ dormant        ┆ 95642   ┆ 2.9      │
│ acquisition    ┆ 53165   ┆ 1.6      │
└────────────────┴─────────┴──────────┘

-------------------
2026-07-08 10:00:35 [INFO] Starting execution of: send_weekly_report.py 
2026-07-08 10:01:26 [INFO] 
--- send_weekly_report.py STDOUT ---
[2026-06-24 ~ 2026-07-07] 데이터를 로드합니다...
월말 최종 마감 예상 매출 계산 시작...
월말 최종 마감 예상 운행수 계산 시작...
유저 세그먼트 데이터 로드 및 차트 생성 중 (월별)...
매출 메시지 발송 중...
메시지 전송 성공: spaces/AAQA8O4oUkw/messages/D_yDr0yJrXQ.D_yDr0yJrXQ
운행수 메시지 발송 중...
메시지 전송 성공: spaces/AAQA8O4oUkw/messages/ni6avBMho9o.ni6avBMho9o
세그먼트 메시지 발송 중...
메시지 전송 성공: spaces/AAQA8O4oUkw/messages/JNAsCbg9bY8.JNAsCbg9bY8

-------------------
2026-07-08 10:01:26 [INFO] 금일 배치 작업이 모두 정상 종료되었습니다. 성공 마커 파일을 기록합니다.
2026-07-08 10:01:26 [INFO] Removed old marker file: .daily_success_20260707
2026-07-08 10:01:26 [INFO] ================ Daily Batch Run Completed ================

2026-07-08 10:00:00 [INFO] ================ Daily Batch Run Attempt (2026-07-08 10:00:00) ================
2026-07-08 10:00:00 [INFO] 필수 데이터 검사 범위: 2026-06-24 ~ 2026-07-07
2026-07-08 10:00:00 [INFO] 누락 데이터 존재 감지: ['2026-07-07']
2026-07-08 10:00:00 [INFO] 누락 날짜 데이터 강제 추출 시도: 2026-07-07
2026-07-08 10:00:00 [INFO] Starting execution of: extract_rich_orders_daily.py 2026-07-07 2026-07-07
2026-07-08 10:00:20 [INFO] 
--- extract_rich_orders_daily.py STDOUT ---
총 1일 치 데이터 추출을 시작합니다.
저장 기본 경로: /Users/galaxy/Google Drive/공유 드라이브/gbike.rich_orders
[2026-07-07] 데이터 추출 중...
[2026-07-07] 성공적으로 저장되었습니다. (건수: 196,263, 소요시간: 19.09초)

-------------------
2026-07-08 10:00:20 [INFO] Starting execution of: extract_rich_user_monthly.py 
2026-07-08 10:00:26 [INFO] 
--- extract_rich_user_monthly.py STDOUT ---
추출 기간: 2026-07-01 ~ 2026-07-07
저장 경로: /Users/galaxy/Google Drive/공유 드라이브/gbike.rich_user/rich_user_this_month/rich_user_this_month.parquet
데이터 추출 중...
성공적으로 덮어쓰기 완료되었습니다. (건수: 23,421, 소요시간: 4.95초)
rich_user_all.parquet 파일 병합(Upsert)을 시작합니다...
rich_user_all.parquet 업데이트 완료! (최종 유저 수: 4,018,814)

-------------------
2026-07-08 10:00:26 [INFO] Starting execution of: extract_rich_user_segment.py 
2026-07-08 10:00:35 [INFO] 
--- extract_rich_user_segment.py STDOUT ---
target-date가 지정되지 않았습니다. 디폴트로 최근 3일치를 계산합니다.
[2026-07-05 기준] 유저 세그먼트 계산을 시작합니다.
운행 이력 로드 기간: 2025-07-05 ~ 2026-07-05
유저별 운행 통계를 집계합니다...
전체 유저 정보를 로드합니다...
지역 정보를 로드하고 유저 정보와 결합합니다...
유저 정보와 운행 통계를 병합합니다...
고객 세그먼트를 분류합니다...
주 이용수단을 판별합니다...
RFM 스코어 및 CLTV를 계산합니다...
결과가 저장되었습니다: /Users/galaxy/Google Drive/공유 드라이브/gbike.rich_user_segment/dt=2026-07-05/rich_user_segment_2026-07-05.parquet

[세그먼트 분포 요약]
shape: (7, 3)
┌────────────────┬─────────┬──────────┐
│ segment        ┆ count   ┆ ratio(%) │
│ ---            ┆ ---     ┆ ---      │
│ str            ┆ u32     ┆ f64      │
╞════════════════╪═════════╪══════════╡
│ churn_over_365 ┆ 1547427 ┆ 47.4     │
│ churn          ┆ 636008  ┆ 19.5     │
│ inactive       ┆ 349973  ┆ 10.7     │
│ light_active   ┆ 308934  ┆ 9.5      │
│ active         ┆ 269304  ┆ 8.3      │
│ dormant        ┆ 97411   ┆ 3.0      │
│ acquisition    ┆ 54185   ┆ 1.7      │
└────────────────┴─────────┴──────────┘
[2026-07-06 기준] 유저 세그먼트 계산을 시작합니다.
운행 이력 로드 기간: 2025-07-06 ~ 2026-07-06
유저별 운행 통계를 집계합니다...
전체 유저 정보를 로드합니다...
지역 정보를 로드하고 유저 정보와 결합합니다...
유저 정보와 운행 통계를 병합합니다...
고객 세그먼트를 분류합니다...
주 이용수단을 판별합니다...
RFM 스코어 및 CLTV를 계산합니다...
결과가 저장되었습니다: /Users/galaxy/Google Drive/공유 드라이브/gbike.rich_user_segment/dt=2026-07-06/rich_user_segment_2026-07-06.parquet

[세그먼트 분포 요약]
shape: (7, 3)
┌────────────────┬─────────┬──────────┐
│ segment        ┆ count   ┆ ratio(%) │
│ ---            ┆ ---     ┆ ---      │
│ str            ┆ u32     ┆ f64      │
╞════════════════╪═════════╪══════════╡
│ churn_over_365 ┆ 1550163 ┆ 47.5     │
│ churn          ┆ 634260  ┆ 19.4     │
│ inactive       ┆ 353875  ┆ 10.8     │
│ light_active   ┆ 308711  ┆ 9.5      │
│ active         ┆ 268277  ┆ 8.2      │
│ dormant        ┆ 96260   ┆ 2.9      │
│ acquisition    ┆ 53949   ┆ 1.7      │
└────────────────┴─────────┴──────────┘
[2026-07-07 기준] 유저 세그먼트 계산을 시작합니다.
운행 이력 로드 기간: 2025-07-07 ~ 2026-07-07
유저별 운행 통계를 집계합니다...
전체 유저 정보를 로드합니다...
지역 정보를 로드하고 유저 정보와 결합합니다...
유저 정보와 운행 통계를 병합합니다...
고객 세그먼트를 분류합니다...
주 이용수단을 판별합니다...
RFM 스코어 및 CLTV를 계산합니다...
결과가 저장되었습니다: /Users/galaxy/Google Drive/공유 드라이브/gbike.rich_user_segment/dt=2026-07-07/rich_user_segment_2026-07-07.parquet

[세그먼트 분포 요약]
shape: (7, 3)
┌────────────────┬─────────┬──────────┐
│ segment        ┆ count   ┆ ratio(%) │
│ ---            ┆ ---     ┆ ---      │
│ str            ┆ u32     ┆ f64      │
╞════════════════╪═════════╪══════════╡
│ churn_over_365 ┆ 1552143 ┆ 47.5     │
│ churn          ┆ 632807  ┆ 19.4     │
│ inactive       ┆ 359543  ┆ 11.0     │
│ light_active   ┆ 307072  ┆ 9.4      │
│ active         ┆ 267581  ┆ 8.2      │
│ dormant        ┆ 95642   ┆ 2.9      │
│ acquisition    ┆ 53165   ┆ 1.6      │
└────────────────┴─────────┴──────────┘

-------------------
2026-07-08 10:00:35 [INFO] Starting execution of: send_weekly_report.py 
2026-07-08 10:01:26 [INFO] 
--- send_weekly_report.py STDOUT ---
[2026-06-24 ~ 2026-07-07] 데이터를 로드합니다...
월말 최종 마감 예상 매출 계산 시작...
월말 최종 마감 예상 운행수 계산 시작...
유저 세그먼트 데이터 로드 및 차트 생성 중 (월별)...
매출 메시지 발송 중...
메시지 전송 성공: spaces/AAQA8O4oUkw/messages/D_yDr0yJrXQ.D_yDr0yJrXQ
운행수 메시지 발송 중...
메시지 전송 성공: spaces/AAQA8O4oUkw/messages/ni6avBMho9o.ni6avBMho9o
세그먼트 메시지 발송 중...
메시지 전송 성공: spaces/AAQA8O4oUkw/messages/JNAsCbg9bY8.JNAsCbg9bY8

-------------------
2026-07-08 10:01:26 [INFO] 금일 배치 작업이 모두 정상 종료되었습니다. 성공 마커 파일을 기록합니다.
2026-07-08 10:01:26 [INFO] Removed old marker file: .daily_success_20260707
2026-07-08 10:01:26 [INFO] ================ Daily Batch Run Completed ================

2026-07-08 10:01:26 [INFO] run_daily_batch.py completed successfully.
2026-07-08 10:01:26 [INFO] ================ Daily Cron Batch End ================
2026-07-09 10:00:04 [INFO] ================ Daily Cron Batch Start ================
2026-07-09 10:00:05 [INFO] Virtual environment activated.
2026-07-09 10:00:05 [INFO] Running run_daily_batch.py...
2026-07-09 10:00:05 [INFO] ================ Daily Batch Run Attempt (2026-07-09 10:00:05) ================
2026-07-09 10:00:05 [INFO] 필수 데이터 검사 범위: 2026-06-25 ~ 2026-07-08
2026-07-09 10:00:05 [INFO] 누락 데이터 존재 감지: ['2026-07-08']
2026-07-09 10:00:05 [INFO] 누락 날짜 데이터 강제 추출 시도: 2026-07-08
2026-07-09 10:00:05 [INFO] Starting execution of: extract_rich_orders_daily.py 2026-07-08 2026-07-08
2026-07-09 10:00:19 [INFO] 
--- extract_rich_orders_daily.py STDOUT ---
총 1일 치 데이터 추출을 시작합니다.
저장 기본 경로: /Users/galaxy/Google Drive/공유 드라이브/gbike.rich_orders
[2026-07-08] 데이터 추출 중...
[2026-07-08] 성공적으로 저장되었습니다. (건수: 147,839, 소요시간: 13.88초)

-------------------
2026-07-09 10:00:19 [INFO] Starting execution of: extract_rich_user_monthly.py 
2026-07-09 10:00:24 [INFO] 
--- extract_rich_user_monthly.py STDOUT ---
추출 기간: 2026-07-01 ~ 2026-07-08
저장 경로: /Users/galaxy/Google Drive/공유 드라이브/gbike.rich_user/rich_user_this_month/rich_user_this_month.parquet
데이터 추출 중...
성공적으로 덮어쓰기 완료되었습니다. (건수: 25,580, 소요시간: 3.25초)
rich_user_all.parquet 파일 병합(Upsert)을 시작합니다...
rich_user_all.parquet 업데이트 완료! (최종 유저 수: 4,020,984)

-------------------
2026-07-09 10:00:24 [INFO] Starting execution of: extract_rich_user_segment.py 
2026-07-09 10:00:33 [INFO] 
--- extract_rich_user_segment.py STDOUT ---
target-date가 지정되지 않았습니다. 디폴트로 최근 3일치를 계산합니다.
[2026-07-06 기준] 유저 세그먼트 계산을 시작합니다.
운행 이력 로드 기간: 2025-07-06 ~ 2026-07-06
유저별 운행 통계를 집계합니다...
전체 유저 정보를 로드합니다...
지역 정보를 로드하고 유저 정보와 결합합니다...
유저 정보와 운행 통계를 병합합니다...
고객 세그먼트를 분류합니다...
주 이용수단을 판별합니다...
RFM 스코어 및 CLTV를 계산합니다...
결과가 저장되었습니다: /Users/galaxy/Google Drive/공유 드라이브/gbike.rich_user_segment/dt=2026-07-06/rich_user_segment_2026-07-06.parquet

[세그먼트 분포 요약]
shape: (7, 3)
┌────────────────┬─────────┬──────────┐
│ segment        ┆ count   ┆ ratio(%) │
│ ---            ┆ ---     ┆ ---      │
│ str            ┆ u32     ┆ f64      │
╞════════════════╪═════════╪══════════╡
│ churn_over_365 ┆ 1625304 ┆ 47.4     │
│ churn          ┆ 667362  ┆ 19.5     │
│ inactive       ┆ 371933  ┆ 10.8     │
│ light_active   ┆ 324608  ┆ 9.5      │
│ active         ┆ 281230  ┆ 8.2      │
│ dormant        ┆ 101816  ┆ 3.0      │
│ acquisition    ┆ 56564   ┆ 1.6      │
└────────────────┴─────────┴──────────┘
[2026-07-07 기준] 유저 세그먼트 계산을 시작합니다.
운행 이력 로드 기간: 2025-07-07 ~ 2026-07-07
유저별 운행 통계를 집계합니다...
전체 유저 정보를 로드합니다...
지역 정보를 로드하고 유저 정보와 결합합니다...
유저 정보와 운행 통계를 병합합니다...
고객 세그먼트를 분류합니다...
주 이용수단을 판별합니다...
RFM 스코어 및 CLTV를 계산합니다...
결과가 저장되었습니다: /Users/galaxy/Google Drive/공유 드라이브/gbike.rich_user_segment/dt=2026-07-07/rich_user_segment_2026-07-07.parquet

[세그먼트 분포 요약]
shape: (7, 3)
┌────────────────┬─────────┬──────────┐
│ segment        ┆ count   ┆ ratio(%) │
│ ---            ┆ ---     ┆ ---      │
│ str            ┆ u32     ┆ f64      │
╞════════════════╪═════════╪══════════╡
│ churn_over_365 ┆ 1627336 ┆ 47.4     │
│ churn          ┆ 665868  ┆ 19.4     │
│ inactive       ┆ 377874  ┆ 11.0     │
│ light_active   ┆ 322916  ┆ 9.4      │
│ active         ┆ 280466  ┆ 8.2      │
│ dormant        ┆ 101194  ┆ 2.9      │
│ acquisition    ┆ 55746   ┆ 1.6      │
└────────────────┴─────────┴──────────┘
[2026-07-08 기준] 유저 세그먼트 계산을 시작합니다.
운행 이력 로드 기간: 2025-07-08 ~ 2026-07-08
유저별 운행 통계를 집계합니다...
전체 유저 정보를 로드합니다...
지역 정보를 로드하고 유저 정보와 결합합니다...
유저 정보와 운행 통계를 병합합니다...
고객 세그먼트를 분류합니다...
주 이용수단을 판별합니다...
RFM 스코어 및 CLTV를 계산합니다...
결과가 저장되었습니다: /Users/galaxy/Google Drive/공유 드라이브/gbike.rich_user_segment/dt=2026-07-08/rich_user_segment_2026-07-08.parquet

[세그먼트 분포 요약]
shape: (7, 3)
┌────────────────┬─────────┬──────────┐
│ segment        ┆ count   ┆ ratio(%) │
│ ---            ┆ ---     ┆ ---      │
│ str            ┆ u32     ┆ f64      │
╞════════════════╪═════════╪══════════╡
│ churn_over_365 ┆ 1628902 ┆ 47.4     │
│ churn          ┆ 664816  ┆ 19.4     │
│ inactive       ┆ 382836  ┆ 11.2     │
│ light_active   ┆ 321288  ┆ 9.4      │
│ active         ┆ 278717  ┆ 8.1      │
│ dormant        ┆ 101844  ┆ 3.0      │
│ acquisition    ┆ 54892   ┆ 1.6      │
└────────────────┴─────────┴──────────┘

-------------------
2026-07-09 10:00:33 [INFO] Starting execution of: send_weekly_report.py 
2026-07-09 10:01:21 [INFO] 
--- send_weekly_report.py STDOUT ---
[2026-06-25 ~ 2026-07-08] 데이터를 로드합니다...
월말 최종 마감 예상 매출 계산 시작...
월말 최종 마감 예상 운행수 계산 시작...
유저 세그먼트 데이터 로드 및 차트 생성 중 (월별)...
매출 메시지 발송 중...
메시지 전송 성공: spaces/AAQA8O4oUkw/messages/OPgnz4cwQLQ.OPgnz4cwQLQ
운행수 메시지 발송 중...
메시지 전송 성공: spaces/AAQA8O4oUkw/messages/KlPxqKEB88o.KlPxqKEB88o
세그먼트 메시지 발송 중...
메시지 전송 성공: spaces/AAQA8O4oUkw/messages/pHeGnsJp0xE.pHeGnsJp0xE

-------------------
2026-07-09 10:01:21 [INFO] 금일 배치 작업이 모두 정상 종료되었습니다. 성공 마커 파일을 기록합니다.
2026-07-09 10:01:21 [INFO] Removed old marker file: .daily_success_20260708
2026-07-09 10:01:21 [INFO] ================ Daily Batch Run Completed ================

2026-07-09 10:00:05 [INFO] ================ Daily Batch Run Attempt (2026-07-09 10:00:05) ================
2026-07-09 10:00:05 [INFO] 필수 데이터 검사 범위: 2026-06-25 ~ 2026-07-08
2026-07-09 10:00:05 [INFO] 누락 데이터 존재 감지: ['2026-07-08']
2026-07-09 10:00:05 [INFO] 누락 날짜 데이터 강제 추출 시도: 2026-07-08
2026-07-09 10:00:05 [INFO] Starting execution of: extract_rich_orders_daily.py 2026-07-08 2026-07-08
2026-07-09 10:00:19 [INFO] 
--- extract_rich_orders_daily.py STDOUT ---
총 1일 치 데이터 추출을 시작합니다.
저장 기본 경로: /Users/galaxy/Google Drive/공유 드라이브/gbike.rich_orders
[2026-07-08] 데이터 추출 중...
[2026-07-08] 성공적으로 저장되었습니다. (건수: 147,839, 소요시간: 13.88초)

-------------------
2026-07-09 10:00:19 [INFO] Starting execution of: extract_rich_user_monthly.py 
2026-07-09 10:00:24 [INFO] 
--- extract_rich_user_monthly.py STDOUT ---
추출 기간: 2026-07-01 ~ 2026-07-08
저장 경로: /Users/galaxy/Google Drive/공유 드라이브/gbike.rich_user/rich_user_this_month/rich_user_this_month.parquet
데이터 추출 중...
성공적으로 덮어쓰기 완료되었습니다. (건수: 25,580, 소요시간: 3.25초)
rich_user_all.parquet 파일 병합(Upsert)을 시작합니다...
rich_user_all.parquet 업데이트 완료! (최종 유저 수: 4,020,984)

-------------------
2026-07-09 10:00:24 [INFO] Starting execution of: extract_rich_user_segment.py 
2026-07-09 10:00:33 [INFO] 
--- extract_rich_user_segment.py STDOUT ---
target-date가 지정되지 않았습니다. 디폴트로 최근 3일치를 계산합니다.
[2026-07-06 기준] 유저 세그먼트 계산을 시작합니다.
운행 이력 로드 기간: 2025-07-06 ~ 2026-07-06
유저별 운행 통계를 집계합니다...
전체 유저 정보를 로드합니다...
지역 정보를 로드하고 유저 정보와 결합합니다...
유저 정보와 운행 통계를 병합합니다...
고객 세그먼트를 분류합니다...
주 이용수단을 판별합니다...
RFM 스코어 및 CLTV를 계산합니다...
결과가 저장되었습니다: /Users/galaxy/Google Drive/공유 드라이브/gbike.rich_user_segment/dt=2026-07-06/rich_user_segment_2026-07-06.parquet

[세그먼트 분포 요약]
shape: (7, 3)
┌────────────────┬─────────┬──────────┐
│ segment        ┆ count   ┆ ratio(%) │
│ ---            ┆ ---     ┆ ---      │
│ str            ┆ u32     ┆ f64      │
╞════════════════╪═════════╪══════════╡
│ churn_over_365 ┆ 1625304 ┆ 47.4     │
│ churn          ┆ 667362  ┆ 19.5     │
│ inactive       ┆ 371933  ┆ 10.8     │
│ light_active   ┆ 324608  ┆ 9.5      │
│ active         ┆ 281230  ┆ 8.2      │
│ dormant        ┆ 101816  ┆ 3.0      │
│ acquisition    ┆ 56564   ┆ 1.6      │
└────────────────┴─────────┴──────────┘
[2026-07-07 기준] 유저 세그먼트 계산을 시작합니다.
운행 이력 로드 기간: 2025-07-07 ~ 2026-07-07
유저별 운행 통계를 집계합니다...
전체 유저 정보를 로드합니다...
지역 정보를 로드하고 유저 정보와 결합합니다...
유저 정보와 운행 통계를 병합합니다...
고객 세그먼트를 분류합니다...
주 이용수단을 판별합니다...
RFM 스코어 및 CLTV를 계산합니다...
결과가 저장되었습니다: /Users/galaxy/Google Drive/공유 드라이브/gbike.rich_user_segment/dt=2026-07-07/rich_user_segment_2026-07-07.parquet

[세그먼트 분포 요약]
shape: (7, 3)
┌────────────────┬─────────┬──────────┐
│ segment        ┆ count   ┆ ratio(%) │
│ ---            ┆ ---     ┆ ---      │
│ str            ┆ u32     ┆ f64      │
╞════════════════╪═════════╪══════════╡
│ churn_over_365 ┆ 1627336 ┆ 47.4     │
│ churn          ┆ 665868  ┆ 19.4     │
│ inactive       ┆ 377874  ┆ 11.0     │
│ light_active   ┆ 322916  ┆ 9.4      │
│ active         ┆ 280466  ┆ 8.2      │
│ dormant        ┆ 101194  ┆ 2.9      │
│ acquisition    ┆ 55746   ┆ 1.6      │
└────────────────┴─────────┴──────────┘
[2026-07-08 기준] 유저 세그먼트 계산을 시작합니다.
운행 이력 로드 기간: 2025-07-08 ~ 2026-07-08
유저별 운행 통계를 집계합니다...
전체 유저 정보를 로드합니다...
지역 정보를 로드하고 유저 정보와 결합합니다...
유저 정보와 운행 통계를 병합합니다...
고객 세그먼트를 분류합니다...
주 이용수단을 판별합니다...
RFM 스코어 및 CLTV를 계산합니다...
결과가 저장되었습니다: /Users/galaxy/Google Drive/공유 드라이브/gbike.rich_user_segment/dt=2026-07-08/rich_user_segment_2026-07-08.parquet

[세그먼트 분포 요약]
shape: (7, 3)
┌────────────────┬─────────┬──────────┐
│ segment        ┆ count   ┆ ratio(%) │
│ ---            ┆ ---     ┆ ---      │
│ str            ┆ u32     ┆ f64      │
╞════════════════╪═════════╪══════════╡
│ churn_over_365 ┆ 1628902 ┆ 47.4     │
│ churn          ┆ 664816  ┆ 19.4     │
│ inactive       ┆ 382836  ┆ 11.2     │
│ light_active   ┆ 321288  ┆ 9.4      │
│ active         ┆ 278717  ┆ 8.1      │
│ dormant        ┆ 101844  ┆ 3.0      │
│ acquisition    ┆ 54892   ┆ 1.6      │
└────────────────┴─────────┴──────────┘

-------------------
2026-07-09 10:00:33 [INFO] Starting execution of: send_weekly_report.py 
2026-07-09 10:01:21 [INFO] 
--- send_weekly_report.py STDOUT ---
[2026-06-25 ~ 2026-07-08] 데이터를 로드합니다...
월말 최종 마감 예상 매출 계산 시작...
월말 최종 마감 예상 운행수 계산 시작...
유저 세그먼트 데이터 로드 및 차트 생성 중 (월별)...
매출 메시지 발송 중...
메시지 전송 성공: spaces/AAQA8O4oUkw/messages/OPgnz4cwQLQ.OPgnz4cwQLQ
운행수 메시지 발송 중...
메시지 전송 성공: spaces/AAQA8O4oUkw/messages/KlPxqKEB88o.KlPxqKEB88o
세그먼트 메시지 발송 중...
메시지 전송 성공: spaces/AAQA8O4oUkw/messages/pHeGnsJp0xE.pHeGnsJp0xE

-------------------
2026-07-09 10:01:21 [INFO] 금일 배치 작업이 모두 정상 종료되었습니다. 성공 마커 파일을 기록합니다.
2026-07-09 10:01:21 [INFO] Removed old marker file: .daily_success_20260708
2026-07-09 10:01:21 [INFO] ================ Daily Batch Run Completed ================

2026-07-09 10:01:21 [INFO] run_daily_batch.py completed successfully.
2026-07-09 10:01:21 [INFO] ================ Daily Cron Batch End ================
2026-07-16 10:00:05 [INFO] ================ Daily Cron Batch Start ================
2026-07-16 10:00:05 [INFO] Virtual environment activated.
2026-07-16 10:00:05 [INFO] Running run_daily_batch.py...
2026-07-16 10:00:05 [INFO] ================ Daily Batch Run Attempt (2026-07-16 10:00:05) ================
2026-07-16 10:00:05 [INFO] 필수 데이터 검사 범위: 2026-07-01 ~ 2026-07-15
2026-07-16 10:00:05 [INFO] 누락 데이터 존재 감지: ['2026-07-15']
2026-07-16 10:00:05 [INFO] 누락 날짜 데이터 강제 추출 시도: 2026-07-15
2026-07-16 10:00:05 [INFO] Starting execution of: extract_rich_orders_daily.py 2026-07-15 2026-07-15
2026-07-16 10:00:19 [ERROR] Error running extract_rich_orders_daily.py (Exit code: 1)
2026-07-16 10:00:19 [ERROR] STDOUT:
총 1일 치 데이터 추출을 시작합니다.
저장 기본 경로: /Users/galaxy/Google Drive/공유 드라이브/gbike.rich_orders
[2026-07-15] 데이터 추출 중...
Error extracting data for 2026-07-15: (pymysql.err.OperationalError) (2003, "Can't connect to MySQL server on 'live.st.rds.gbility.io' (timed out)")
(Background on this error at: https://sqlalche.me/e/20/e3q8)
[2026-07-15] 추출 실패. 다음 날짜로 넘어갑니다.
경고: 하나 이상의 날짜 추출 또는 저장에 실패했습니다.

2026-07-16 10:00:19 [ERROR] 2026-07-15 데이터 추출 단계에서 오류가 발생하여 배치 실행을 중단합니다.
2026-07-16 10:00:19 [INFO] ================ Daily Batch Run Failed ================

2026-07-16 10:00:05 [INFO] ================ Daily Batch Run Attempt (2026-07-16 10:00:05) ================
2026-07-16 10:00:05 [INFO] 필수 데이터 검사 범위: 2026-07-01 ~ 2026-07-15
2026-07-16 10:00:05 [INFO] 누락 데이터 존재 감지: ['2026-07-15']
2026-07-16 10:00:05 [INFO] 누락 날짜 데이터 강제 추출 시도: 2026-07-15
2026-07-16 10:00:05 [INFO] Starting execution of: extract_rich_orders_daily.py 2026-07-15 2026-07-15
2026-07-16 10:00:19 [ERROR] Error running extract_rich_orders_daily.py (Exit code: 1)
2026-07-16 10:00:19 [ERROR] STDOUT:
총 1일 치 데이터 추출을 시작합니다.
저장 기본 경로: /Users/galaxy/Google Drive/공유 드라이브/gbike.rich_orders
[2026-07-15] 데이터 추출 중...
Error extracting data for 2026-07-15: (pymysql.err.OperationalError) (2003, "Can't connect to MySQL server on 'live.st.rds.gbility.io' (timed out)")
(Background on this error at: https://sqlalche.me/e/20/e3q8)
[2026-07-15] 추출 실패. 다음 날짜로 넘어갑니다.
경고: 하나 이상의 날짜 추출 또는 저장에 실패했습니다.

2026-07-16 10:00:19 [ERROR] 2026-07-15 데이터 추출 단계에서 오류가 발생하여 배치 실행을 중단합니다.
2026-07-16 10:00:19 [INFO] ================ Daily Batch Run Failed ================

2026-07-16 10:00:19 [ERROR] run_daily_batch.py failed with exit code 1
2026-07-17 10:03:31 [INFO] ================ Daily Cron Batch Start ================
2026-07-17 10:03:31 [INFO] Virtual environment activated.
2026-07-17 10:03:31 [INFO] Running run_daily_batch.py...
2026-07-17 10:03:32 [INFO] ================ Daily Batch Run Attempt (2026-07-17 10:03:32) ================
2026-07-17 10:03:32 [INFO] 필수 데이터 검사 범위: 2026-07-01 ~ 2026-07-16
2026-07-17 10:03:32 [INFO] 누락 데이터 존재 감지: ['2026-07-16']
2026-07-17 10:03:32 [INFO] 누락 날짜 데이터 강제 추출 시도: 2026-07-16
2026-07-17 10:03:32 [INFO] Starting execution of: extract_rich_orders_daily.py 2026-07-16 2026-07-16
2026-07-17 10:16:43 [ERROR] Error running extract_rich_orders_daily.py (Exit code: 1)
2026-07-17 10:16:43 [ERROR] STDOUT:
총 1일 치 데이터 추출을 시작합니다.
저장 기본 경로: /Users/galaxy/Google Drive/공유 드라이브/gbike.rich_orders
[2026-07-16] 데이터 추출 중...
Error extracting data for 2026-07-16: (pymysql.err.OperationalError) (2003, "Can't connect to MySQL server on 'live.st.rds.gbility.io' (timed out)")
(Background on this error at: https://sqlalche.me/e/20/e3q8)
[2026-07-16] 추출 실패. 다음 날짜로 넘어갑니다.
경고: 하나 이상의 날짜 추출 또는 저장에 실패했습니다.

2026-07-17 10:16:43 [ERROR] 2026-07-16 데이터 추출 단계에서 오류가 발생하여 배치 실행을 중단합니다.
2026-07-17 10:16:43 [INFO] ================ Daily Batch Run Failed ================

2026-07-17 10:03:32 [INFO] ================ Daily Batch Run Attempt (2026-07-17 10:03:32) ================
2026-07-17 10:03:32 [INFO] 필수 데이터 검사 범위: 2026-07-01 ~ 2026-07-16
2026-07-17 10:03:32 [INFO] 누락 데이터 존재 감지: ['2026-07-16']
2026-07-17 10:03:32 [INFO] 누락 날짜 데이터 강제 추출 시도: 2026-07-16
2026-07-17 10:03:32 [INFO] Starting execution of: extract_rich_orders_daily.py 2026-07-16 2026-07-16
2026-07-17 10:16:43 [ERROR] Error running extract_rich_orders_daily.py (Exit code: 1)
2026-07-17 10:16:43 [ERROR] STDOUT:
총 1일 치 데이터 추출을 시작합니다.
저장 기본 경로: /Users/galaxy/Google Drive/공유 드라이브/gbike.rich_orders
[2026-07-16] 데이터 추출 중...
Error extracting data for 2026-07-16: (pymysql.err.OperationalError) (2003, "Can't connect to MySQL server on 'live.st.rds.gbility.io' (timed out)")
(Background on this error at: https://sqlalche.me/e/20/e3q8)
[2026-07-16] 추출 실패. 다음 날짜로 넘어갑니다.
경고: 하나 이상의 날짜 추출 또는 저장에 실패했습니다.

2026-07-17 10:16:43 [ERROR] 2026-07-16 데이터 추출 단계에서 오류가 발생하여 배치 실행을 중단합니다.
2026-07-17 10:16:43 [INFO] ================ Daily Batch Run Failed ================

2026-07-17 10:16:43 [ERROR] run_daily_batch.py failed with exit code 1
2026-07-18 10:06:30 [INFO] ================ Daily Cron Batch Start ================
2026-07-18 10:06:30 [INFO] Virtual environment activated.
2026-07-18 10:06:30 [INFO] Running run_daily_batch.py...
2026-07-18 10:06:30 [INFO] ================ Daily Batch Run Attempt (2026-07-18 10:06:30) ================
2026-07-18 10:06:30 [INFO] 필수 데이터 검사 범위: 2026-07-01 ~ 2026-07-17
2026-07-18 10:06:30 [INFO] 누락 데이터 존재 감지: ['2026-07-16', '2026-07-17']
2026-07-18 10:06:30 [INFO] 누락 날짜 데이터 강제 추출 시도: 2026-07-16
2026-07-18 10:06:30 [INFO] Starting execution of: extract_rich_orders_daily.py 2026-07-16 2026-07-16
2026-07-18 10:17:38 [ERROR] Error running extract_rich_orders_daily.py (Exit code: 1)
2026-07-18 10:17:38 [ERROR] STDOUT:
총 1일 치 데이터 추출을 시작합니다.
저장 기본 경로: /Users/galaxy/Google Drive/공유 드라이브/gbike.rich_orders
[2026-07-16] 데이터 추출 중...
Error extracting data for 2026-07-16: (pymysql.err.OperationalError) (2003, "Can't connect to MySQL server on 'live.st.rds.gbility.io' ([Errno 60] Operation timed out)")
(Background on this error at: https://sqlalche.me/e/20/e3q8)
[2026-07-16] 추출 실패. 다음 날짜로 넘어갑니다.
경고: 하나 이상의 날짜 추출 또는 저장에 실패했습니다.

2026-07-18 10:17:38 [ERROR] 2026-07-16 데이터 추출 단계에서 오류가 발생하여 배치 실행을 중단합니다.
2026-07-18 10:17:38 [INFO] ================ Daily Batch Run Failed ================

2026-07-18 10:06:30 [INFO] ================ Daily Batch Run Attempt (2026-07-18 10:06:30) ================
2026-07-18 10:06:30 [INFO] 필수 데이터 검사 범위: 2026-07-01 ~ 2026-07-17
2026-07-18 10:06:30 [INFO] 누락 데이터 존재 감지: ['2026-07-16', '2026-07-17']
2026-07-18 10:06:30 [INFO] 누락 날짜 데이터 강제 추출 시도: 2026-07-16
2026-07-18 10:06:30 [INFO] Starting execution of: extract_rich_orders_daily.py 2026-07-16 2026-07-16
2026-07-18 10:17:38 [ERROR] Error running extract_rich_orders_daily.py (Exit code: 1)
2026-07-18 10:17:38 [ERROR] STDOUT:
총 1일 치 데이터 추출을 시작합니다.
저장 기본 경로: /Users/galaxy/Google Drive/공유 드라이브/gbike.rich_orders
[2026-07-16] 데이터 추출 중...
Error extracting data for 2026-07-16: (pymysql.err.OperationalError) (2003, "Can't connect to MySQL server on 'live.st.rds.gbility.io' ([Errno 60] Operation timed out)")
(Background on this error at: https://sqlalche.me/e/20/e3q8)
[2026-07-16] 추출 실패. 다음 날짜로 넘어갑니다.
경고: 하나 이상의 날짜 추출 또는 저장에 실패했습니다.

2026-07-18 10:17:38 [ERROR] 2026-07-16 데이터 추출 단계에서 오류가 발생하여 배치 실행을 중단합니다.
2026-07-18 10:17:38 [INFO] ================ Daily Batch Run Failed ================

2026-07-18 10:17:38 [ERROR] run_daily_batch.py failed with exit code 1
2026-07-19 10:06:28 [INFO] ================ Daily Cron Batch Start ================
2026-07-19 10:06:28 [INFO] Virtual environment activated.
2026-07-19 10:06:28 [INFO] Running run_daily_batch.py...
2026-07-19 10:06:28 [INFO] ================ Daily Batch Run Attempt (2026-07-19 10:06:28) ================
2026-07-19 10:06:28 [INFO] 필수 데이터 검사 범위: 2026-07-01 ~ 2026-07-18
2026-07-19 10:06:28 [INFO] 누락 데이터 존재 감지: ['2026-07-16', '2026-07-17', '2026-07-18']
2026-07-19 10:06:28 [INFO] 누락 날짜 데이터 강제 추출 시도: 2026-07-16
2026-07-19 10:06:28 [INFO] Starting execution of: extract_rich_orders_daily.py 2026-07-16 2026-07-16
2026-07-19 10:18:42 [ERROR] Error running extract_rich_orders_daily.py (Exit code: 1)
2026-07-19 10:18:42 [ERROR] STDOUT:
총 1일 치 데이터 추출을 시작합니다.
저장 기본 경로: /Users/galaxy/Google Drive/공유 드라이브/gbike.rich_orders
[2026-07-16] 데이터 추출 중...
Error extracting data for 2026-07-16: (pymysql.err.OperationalError) (2003, "Can't connect to MySQL server on 'live.st.rds.gbility.io' (timed out)")
(Background on this error at: https://sqlalche.me/e/20/e3q8)
[2026-07-16] 추출 실패. 다음 날짜로 넘어갑니다.
경고: 하나 이상의 날짜 추출 또는 저장에 실패했습니다.

2026-07-19 10:18:42 [ERROR] 2026-07-16 데이터 추출 단계에서 오류가 발생하여 배치 실행을 중단합니다.
2026-07-19 10:18:42 [INFO] ================ Daily Batch Run Failed ================

2026-07-19 10:06:28 [INFO] ================ Daily Batch Run Attempt (2026-07-19 10:06:28) ================
2026-07-19 10:06:28 [INFO] 필수 데이터 검사 범위: 2026-07-01 ~ 2026-07-18
2026-07-19 10:06:28 [INFO] 누락 데이터 존재 감지: ['2026-07-16', '2026-07-17', '2026-07-18']
2026-07-19 10:06:28 [INFO] 누락 날짜 데이터 강제 추출 시도: 2026-07-16
2026-07-19 10:06:28 [INFO] Starting execution of: extract_rich_orders_daily.py 2026-07-16 2026-07-16
2026-07-19 10:18:42 [ERROR] Error running extract_rich_orders_daily.py (Exit code: 1)
2026-07-19 10:18:42 [ERROR] STDOUT:
총 1일 치 데이터 추출을 시작합니다.
저장 기본 경로: /Users/galaxy/Google Drive/공유 드라이브/gbike.rich_orders
[2026-07-16] 데이터 추출 중...
Error extracting data for 2026-07-16: (pymysql.err.OperationalError) (2003, "Can't connect to MySQL server on 'live.st.rds.gbility.io' (timed out)")
(Background on this error at: https://sqlalche.me/e/20/e3q8)
[2026-07-16] 추출 실패. 다음 날짜로 넘어갑니다.
경고: 하나 이상의 날짜 추출 또는 저장에 실패했습니다.

2026-07-19 10:18:42 [ERROR] 2026-07-16 데이터 추출 단계에서 오류가 발생하여 배치 실행을 중단합니다.
2026-07-19 10:18:42 [INFO] ================ Daily Batch Run Failed ================

2026-07-19 10:18:42 [ERROR] run_daily_batch.py failed with exit code 1
2026-07-20 10:09:20 [INFO] ================ Daily Cron Batch Start ================
2026-07-20 10:09:20 [INFO] Virtual environment activated.
2026-07-20 10:09:20 [INFO] Running run_daily_batch.py...
2026-07-20 10:09:21 [INFO] ================ Daily Batch Run Attempt (2026-07-20 10:09:21) ================
2026-07-20 10:09:21 [INFO] 필수 데이터 검사 범위: 2026-07-01 ~ 2026-07-19
2026-07-20 10:09:21 [INFO] 누락 데이터 존재 감지: ['2026-07-16', '2026-07-17', '2026-07-18', '2026-07-19']
2026-07-20 10:09:21 [INFO] 누락 날짜 데이터 강제 추출 시도: 2026-07-16
2026-07-20 10:09:21 [INFO] Starting execution of: extract_rich_orders_daily.py 2026-07-16 2026-07-16
2026-07-20 10:19:05 [ERROR] Error running extract_rich_orders_daily.py (Exit code: 1)
2026-07-20 10:19:05 [ERROR] STDOUT:
총 1일 치 데이터 추출을 시작합니다.
저장 기본 경로: /Users/galaxy/Google Drive/공유 드라이브/gbike.rich_orders
[2026-07-16] 데이터 추출 중...
Error extracting data for 2026-07-16: (pymysql.err.OperationalError) (2003, "Can't connect to MySQL server on 'live.st.rds.gbility.io' (timed out)")
(Background on this error at: https://sqlalche.me/e/20/e3q8)
[2026-07-16] 추출 실패. 다음 날짜로 넘어갑니다.
경고: 하나 이상의 날짜 추출 또는 저장에 실패했습니다.

2026-07-20 10:19:05 [ERROR] 2026-07-16 데이터 추출 단계에서 오류가 발생하여 배치 실행을 중단합니다.
2026-07-20 10:19:05 [INFO] ================ Daily Batch Run Failed ================

2026-07-20 10:09:21 [INFO] ================ Daily Batch Run Attempt (2026-07-20 10:09:21) ================
2026-07-20 10:09:21 [INFO] 필수 데이터 검사 범위: 2026-07-01 ~ 2026-07-19
2026-07-20 10:09:21 [INFO] 누락 데이터 존재 감지: ['2026-07-16', '2026-07-17', '2026-07-18', '2026-07-19']
2026-07-20 10:09:21 [INFO] 누락 날짜 데이터 강제 추출 시도: 2026-07-16
2026-07-20 10:09:21 [INFO] Starting execution of: extract_rich_orders_daily.py 2026-07-16 2026-07-16
2026-07-20 10:19:05 [ERROR] Error running extract_rich_orders_daily.py (Exit code: 1)
2026-07-20 10:19:05 [ERROR] STDOUT:
총 1일 치 데이터 추출을 시작합니다.
저장 기본 경로: /Users/galaxy/Google Drive/공유 드라이브/gbike.rich_orders
[2026-07-16] 데이터 추출 중...
Error extracting data for 2026-07-16: (pymysql.err.OperationalError) (2003, "Can't connect to MySQL server on 'live.st.rds.gbility.io' (timed out)")
(Background on this error at: https://sqlalche.me/e/20/e3q8)
[2026-07-16] 추출 실패. 다음 날짜로 넘어갑니다.
경고: 하나 이상의 날짜 추출 또는 저장에 실패했습니다.

2026-07-20 10:19:05 [ERROR] 2026-07-16 데이터 추출 단계에서 오류가 발생하여 배치 실행을 중단합니다.
2026-07-20 10:19:05 [INFO] ================ Daily Batch Run Failed ================

2026-07-20 10:19:05 [ERROR] run_daily_batch.py failed with exit code 1
2026-07-21 10:00:05 [INFO] ================ Daily Cron Batch Start ================
2026-07-21 10:00:05 [INFO] Virtual environment activated.
2026-07-21 10:00:05 [INFO] Running run_daily_batch.py...
2026-07-21 10:00:05 [INFO] ================ Daily Batch Run Attempt (2026-07-21 10:00:05) ================
2026-07-21 10:00:05 [INFO] 필수 데이터 검사 범위: 2026-07-01 ~ 2026-07-20
2026-07-21 10:00:05 [INFO] 누락 데이터 존재 감지: ['2026-07-16', '2026-07-20']
2026-07-21 10:00:05 [INFO] 누락 날짜 데이터 강제 추출 시도: 2026-07-16
2026-07-21 10:00:05 [INFO] Starting execution of: extract_rich_orders_daily.py 2026-07-16 2026-07-16
2026-07-21 10:00:17 [ERROR] Error running extract_rich_orders_daily.py (Exit code: 1)
2026-07-21 10:00:17 [ERROR] STDOUT:
총 1일 치 데이터 추출을 시작합니다.
저장 기본 경로: /Users/galaxy/Google Drive/공유 드라이브/gbike.rich_orders
[2026-07-16] 데이터 추출 중...
Error extracting data for 2026-07-16: (pymysql.err.OperationalError) (2003, "Can't connect to MySQL server on 'live.st.rds.gbility.io' (timed out)")
(Background on this error at: https://sqlalche.me/e/20/e3q8)
[2026-07-16] 추출 실패. 다음 날짜로 넘어갑니다.
경고: 하나 이상의 날짜 추출 또는 저장에 실패했습니다.

2026-07-21 10:00:17 [ERROR] 2026-07-16 데이터 추출 단계에서 오류가 발생하여 배치 실행을 중단합니다.
2026-07-21 10:00:17 [INFO] ================ Daily Batch Run Failed ================

2026-07-21 10:00:05 [INFO] ================ Daily Batch Run Attempt (2026-07-21 10:00:05) ================
2026-07-21 10:00:05 [INFO] 필수 데이터 검사 범위: 2026-07-01 ~ 2026-07-20
2026-07-21 10:00:05 [INFO] 누락 데이터 존재 감지: ['2026-07-16', '2026-07-20']
2026-07-21 10:00:05 [INFO] 누락 날짜 데이터 강제 추출 시도: 2026-07-16
2026-07-21 10:00:05 [INFO] Starting execution of: extract_rich_orders_daily.py 2026-07-16 2026-07-16
2026-07-21 10:00:17 [ERROR] Error running extract_rich_orders_daily.py (Exit code: 1)
2026-07-21 10:00:17 [ERROR] STDOUT:
총 1일 치 데이터 추출을 시작합니다.
저장 기본 경로: /Users/galaxy/Google Drive/공유 드라이브/gbike.rich_orders
[2026-07-16] 데이터 추출 중...
Error extracting data for 2026-07-16: (pymysql.err.OperationalError) (2003, "Can't connect to MySQL server on 'live.st.rds.gbility.io' (timed out)")
(Background on this error at: https://sqlalche.me/e/20/e3q8)
[2026-07-16] 추출 실패. 다음 날짜로 넘어갑니다.
경고: 하나 이상의 날짜 추출 또는 저장에 실패했습니다.

2026-07-21 10:00:17 [ERROR] 2026-07-16 데이터 추출 단계에서 오류가 발생하여 배치 실행을 중단합니다.
2026-07-21 10:00:17 [INFO] ================ Daily Batch Run Failed ================

2026-07-21 10:00:17 [ERROR] run_daily_batch.py failed with exit code 1
2026-07-22 10:00:04 [INFO] ================ Daily Cron Batch Start ================
2026-07-22 10:00:04 [INFO] Virtual environment activated.
2026-07-22 10:00:04 [INFO] Running run_daily_batch.py...
2026-07-22 10:00:04 [INFO] ================ Daily Batch Run Attempt (2026-07-22 10:00:04) ================
2026-07-22 10:00:04 [INFO] 필수 데이터 검사 범위: 2026-07-01 ~ 2026-07-21
2026-07-22 10:00:04 [INFO] 누락 데이터 존재 감지: ['2026-07-16', '2026-07-21']
2026-07-22 10:00:04 [INFO] 누락 날짜 데이터 강제 추출 시도: 2026-07-16
2026-07-22 10:00:04 [INFO] Starting execution of: extract_rich_orders_daily.py 2026-07-16 2026-07-16
2026-07-22 10:00:17 [ERROR] Error running extract_rich_orders_daily.py (Exit code: 1)
2026-07-22 10:00:17 [ERROR] STDOUT:
총 1일 치 데이터 추출을 시작합니다.
저장 기본 경로: /Users/galaxy/Google Drive/공유 드라이브/gbike.rich_orders
[2026-07-16] 데이터 추출 중...
Error extracting data for 2026-07-16: (pymysql.err.OperationalError) (2003, "Can't connect to MySQL server on 'live.st.rds.gbility.io' (timed out)")
(Background on this error at: https://sqlalche.me/e/20/e3q8)
[2026-07-16] 추출 실패. 다음 날짜로 넘어갑니다.
경고: 하나 이상의 날짜 추출 또는 저장에 실패했습니다.

2026-07-22 10:00:17 [ERROR] 2026-07-16 데이터 추출 단계에서 오류가 발생하여 배치 실행을 중단합니다.
2026-07-22 10:00:17 [INFO] ================ Daily Batch Run Failed ================

2026-07-22 10:00:04 [INFO] ================ Daily Batch Run Attempt (2026-07-22 10:00:04) ================
2026-07-22 10:00:04 [INFO] 필수 데이터 검사 범위: 2026-07-01 ~ 2026-07-21
2026-07-22 10:00:04 [INFO] 누락 데이터 존재 감지: ['2026-07-16', '2026-07-21']
2026-07-22 10:00:04 [INFO] 누락 날짜 데이터 강제 추출 시도: 2026-07-16
2026-07-22 10:00:04 [INFO] Starting execution of: extract_rich_orders_daily.py 2026-07-16 2026-07-16
2026-07-22 10:00:17 [ERROR] Error running extract_rich_orders_daily.py (Exit code: 1)
2026-07-22 10:00:17 [ERROR] STDOUT:
총 1일 치 데이터 추출을 시작합니다.
저장 기본 경로: /Users/galaxy/Google Drive/공유 드라이브/gbike.rich_orders
[2026-07-16] 데이터 추출 중...
Error extracting data for 2026-07-16: (pymysql.err.OperationalError) (2003, "Can't connect to MySQL server on 'live.st.rds.gbility.io' (timed out)")
(Background on this error at: https://sqlalche.me/e/20/e3q8)
[2026-07-16] 추출 실패. 다음 날짜로 넘어갑니다.
경고: 하나 이상의 날짜 추출 또는 저장에 실패했습니다.

2026-07-22 10:00:17 [ERROR] 2026-07-16 데이터 추출 단계에서 오류가 발생하여 배치 실행을 중단합니다.
2026-07-22 10:00:17 [INFO] ================ Daily Batch Run Failed ================

2026-07-22 10:00:17 [ERROR] run_daily_batch.py failed with exit code 1
2026-07-23 10:00:04 [INFO] ================ Daily Cron Batch Start ================
2026-07-23 10:00:04 [INFO] Virtual environment activated.
2026-07-23 10:00:04 [INFO] Running run_daily_batch.py...
2026-07-23 10:00:04 [INFO] ================ Daily Batch Run Attempt (2026-07-23 10:00:04) ================
2026-07-23 10:00:04 [INFO] 필수 데이터 검사 범위: 2026-07-01 ~ 2026-07-22
2026-07-23 10:00:04 [INFO] 누락 데이터 존재 감지: ['2026-07-16', '2026-07-22']
2026-07-23 10:00:04 [INFO] 누락 날짜 데이터 강제 추출 시도: 2026-07-16
2026-07-23 10:00:04 [INFO] Starting execution of: extract_rich_orders_daily.py 2026-07-16 2026-07-16
2026-07-23 10:00:17 [ERROR] Error running extract_rich_orders_daily.py (Exit code: 1)
2026-07-23 10:00:17 [ERROR] STDOUT:
총 1일 치 데이터 추출을 시작합니다.
저장 기본 경로: /Users/galaxy/Google Drive/공유 드라이브/gbike.rich_orders
[2026-07-16] 데이터 추출 중...
Error extracting data for 2026-07-16: (pymysql.err.OperationalError) (2003, "Can't connect to MySQL server on 'live.st.rds.gbility.io' (timed out)")
(Background on this error at: https://sqlalche.me/e/20/e3q8)
[2026-07-16] 추출 실패. 다음 날짜로 넘어갑니다.
경고: 하나 이상의 날짜 추출 또는 저장에 실패했습니다.

2026-07-23 10:00:17 [ERROR] 2026-07-16 데이터 추출 단계에서 오류가 발생하여 배치 실행을 중단합니다.
2026-07-23 10:00:17 [INFO] ================ Daily Batch Run Failed ================

2026-07-23 10:00:04 [INFO] ================ Daily Batch Run Attempt (2026-07-23 10:00:04) ================
2026-07-23 10:00:04 [INFO] 필수 데이터 검사 범위: 2026-07-01 ~ 2026-07-22
2026-07-23 10:00:04 [INFO] 누락 데이터 존재 감지: ['2026-07-16', '2026-07-22']
2026-07-23 10:00:04 [INFO] 누락 날짜 데이터 강제 추출 시도: 2026-07-16
2026-07-23 10:00:04 [INFO] Starting execution of: extract_rich_orders_daily.py 2026-07-16 2026-07-16
2026-07-23 10:00:17 [ERROR] Error running extract_rich_orders_daily.py (Exit code: 1)
2026-07-23 10:00:17 [ERROR] STDOUT:
총 1일 치 데이터 추출을 시작합니다.
저장 기본 경로: /Users/galaxy/Google Drive/공유 드라이브/gbike.rich_orders
[2026-07-16] 데이터 추출 중...
Error extracting data for 2026-07-16: (pymysql.err.OperationalError) (2003, "Can't connect to MySQL server on 'live.st.rds.gbility.io' (timed out)")
(Background on this error at: https://sqlalche.me/e/20/e3q8)
[2026-07-16] 추출 실패. 다음 날짜로 넘어갑니다.
경고: 하나 이상의 날짜 추출 또는 저장에 실패했습니다.

2026-07-23 10:00:17 [ERROR] 2026-07-16 데이터 추출 단계에서 오류가 발생하여 배치 실행을 중단합니다.
2026-07-23 10:00:17 [INFO] ================ Daily Batch Run Failed ================

2026-07-23 10:00:17 [ERROR] run_daily_batch.py failed with exit code 1
2026-07-24 10:00:04 [INFO] ================ Daily Cron Batch Start ================
2026-07-24 10:00:04 [INFO] Virtual environment activated.
2026-07-24 10:00:04 [INFO] Running run_daily_batch.py...
2026-07-24 10:00:04 [INFO] ================ Daily Batch Run Attempt (2026-07-24 10:00:04) ================
2026-07-24 10:00:04 [INFO] 필수 데이터 검사 범위: 2026-07-01 ~ 2026-07-23
2026-07-24 10:00:04 [INFO] 누락 데이터 존재 감지: ['2026-07-16', '2026-07-23']
2026-07-24 10:00:04 [INFO] 누락 날짜 데이터 강제 추출 시도: 2026-07-16
2026-07-24 10:00:04 [INFO] Starting execution of: extract_rich_orders_daily.py 2026-07-16 2026-07-16
2026-07-24 10:00:18 [ERROR] Error running extract_rich_orders_daily.py (Exit code: 1)
2026-07-24 10:00:18 [ERROR] STDOUT:
총 1일 치 데이터 추출을 시작합니다.
저장 기본 경로: /Users/galaxy/Google Drive/공유 드라이브/gbike.rich_orders
[2026-07-16] 데이터 추출 중...
Error extracting data for 2026-07-16: (pymysql.err.OperationalError) (2003, "Can't connect to MySQL server on 'live.st.rds.gbility.io' (timed out)")
(Background on this error at: https://sqlalche.me/e/20/e3q8)
[2026-07-16] 추출 실패. 다음 날짜로 넘어갑니다.
경고: 하나 이상의 날짜 추출 또는 저장에 실패했습니다.

2026-07-24 10:00:18 [ERROR] 2026-07-16 데이터 추출 단계에서 오류가 발생하여 배치 실행을 중단합니다.
2026-07-24 10:00:18 [INFO] ================ Daily Batch Run Failed ================

2026-07-24 10:00:04 [INFO] ================ Daily Batch Run Attempt (2026-07-24 10:00:04) ================
2026-07-24 10:00:04 [INFO] 필수 데이터 검사 범위: 2026-07-01 ~ 2026-07-23
2026-07-24 10:00:04 [INFO] 누락 데이터 존재 감지: ['2026-07-16', '2026-07-23']
2026-07-24 10:00:04 [INFO] 누락 날짜 데이터 강제 추출 시도: 2026-07-16
2026-07-24 10:00:04 [INFO] Starting execution of: extract_rich_orders_daily.py 2026-07-16 2026-07-16
2026-07-24 10:00:18 [ERROR] Error running extract_rich_orders_daily.py (Exit code: 1)
2026-07-24 10:00:18 [ERROR] STDOUT:
총 1일 치 데이터 추출을 시작합니다.
저장 기본 경로: /Users/galaxy/Google Drive/공유 드라이브/gbike.rich_orders
[2026-07-16] 데이터 추출 중...
Error extracting data for 2026-07-16: (pymysql.err.OperationalError) (2003, "Can't connect to MySQL server on 'live.st.rds.gbility.io' (timed out)")
(Background on this error at: https://sqlalche.me/e/20/e3q8)
[2026-07-16] 추출 실패. 다음 날짜로 넘어갑니다.
경고: 하나 이상의 날짜 추출 또는 저장에 실패했습니다.

2026-07-24 10:00:18 [ERROR] 2026-07-16 데이터 추출 단계에서 오류가 발생하여 배치 실행을 중단합니다.
2026-07-24 10:00:18 [INFO] ================ Daily Batch Run Failed ================

2026-07-24 10:00:18 [ERROR] run_daily_batch.py failed with exit code 1
2026-07-25 10:09:12 [INFO] ================ Daily Cron Batch Start ================
2026-07-25 10:09:12 [INFO] Virtual environment activated.
2026-07-25 10:09:12 [INFO] Running run_daily_batch.py...
2026-07-25 10:09:12 [INFO] ================ Daily Batch Run Attempt (2026-07-25 10:09:12) ================
2026-07-25 10:09:12 [INFO] 필수 데이터 검사 범위: 2026-07-01 ~ 2026-07-24
2026-07-25 10:09:12 [INFO] 누락 데이터 존재 감지: ['2026-07-16', '2026-07-24']
2026-07-25 10:09:12 [INFO] 누락 날짜 데이터 강제 추출 시도: 2026-07-16
2026-07-25 10:09:12 [INFO] Starting execution of: extract_rich_orders_daily.py 2026-07-16 2026-07-16
2026-07-25 10:43:45 [ERROR] Error running extract_rich_orders_daily.py (Exit code: 1)
2026-07-25 10:43:45 [ERROR] STDOUT:
총 1일 치 데이터 추출을 시작합니다.
저장 기본 경로: /Users/galaxy/Google Drive/공유 드라이브/gbike.rich_orders
[2026-07-16] 데이터 추출 중...
Error extracting data for 2026-07-16: (pymysql.err.OperationalError) (2003, "Can't connect to MySQL server on 'live.st.rds.gbility.io' (timed out)")
(Background on this error at: https://sqlalche.me/e/20/e3q8)
[2026-07-16] 추출 실패. 다음 날짜로 넘어갑니다.
경고: 하나 이상의 날짜 추출 또는 저장에 실패했습니다.

2026-07-25 10:43:45 [ERROR] 2026-07-16 데이터 추출 단계에서 오류가 발생하여 배치 실행을 중단합니다.
2026-07-25 10:43:45 [INFO] ================ Daily Batch Run Failed ================

2026-07-25 10:09:12 [INFO] ================ Daily Batch Run Attempt (2026-07-25 10:09:12) ================
2026-07-25 10:09:12 [INFO] 필수 데이터 검사 범위: 2026-07-01 ~ 2026-07-24
2026-07-25 10:09:12 [INFO] 누락 데이터 존재 감지: ['2026-07-16', '2026-07-24']
2026-07-25 10:09:12 [INFO] 누락 날짜 데이터 강제 추출 시도: 2026-07-16
2026-07-25 10:09:12 [INFO] Starting execution of: extract_rich_orders_daily.py 2026-07-16 2026-07-16
2026-07-25 10:43:45 [ERROR] Error running extract_rich_orders_daily.py (Exit code: 1)
2026-07-25 10:43:45 [ERROR] STDOUT:
총 1일 치 데이터 추출을 시작합니다.
저장 기본 경로: /Users/galaxy/Google Drive/공유 드라이브/gbike.rich_orders
[2026-07-16] 데이터 추출 중...
Error extracting data for 2026-07-16: (pymysql.err.OperationalError) (2003, "Can't connect to MySQL server on 'live.st.rds.gbility.io' (timed out)")
(Background on this error at: https://sqlalche.me/e/20/e3q8)
[2026-07-16] 추출 실패. 다음 날짜로 넘어갑니다.
경고: 하나 이상의 날짜 추출 또는 저장에 실패했습니다.

2026-07-25 10:43:45 [ERROR] 2026-07-16 데이터 추출 단계에서 오류가 발생하여 배치 실행을 중단합니다.
2026-07-25 10:43:45 [INFO] ================ Daily Batch Run Failed ================

2026-07-25 10:43:45 [ERROR] run_daily_batch.py failed with exit code 1
2026-07-26 10:04:45 [INFO] ================ Daily Cron Batch Start ================
2026-07-26 10:04:45 [INFO] Virtual environment activated.
2026-07-26 10:04:45 [INFO] Running run_daily_batch.py...
2026-07-26 10:04:45 [INFO] ================ Daily Batch Run Attempt (2026-07-26 10:04:45) ================
2026-07-26 10:04:45 [INFO] 필수 데이터 검사 범위: 2026-07-01 ~ 2026-07-25
2026-07-26 10:04:45 [INFO] 누락 데이터 존재 감지: ['2026-07-16', '2026-07-24', '2026-07-25']
2026-07-26 10:04:45 [INFO] 누락 날짜 데이터 강제 추출 시도: 2026-07-16
2026-07-26 10:04:45 [INFO] Starting execution of: extract_rich_orders_daily.py 2026-07-16 2026-07-16
2026-07-26 10:14:02 [ERROR] Error running extract_rich_orders_daily.py (Exit code: 1)
2026-07-26 10:14:02 [ERROR] STDOUT:
총 1일 치 데이터 추출을 시작합니다.
저장 기본 경로: /Users/galaxy/Google Drive/공유 드라이브/gbike.rich_orders
[2026-07-16] 데이터 추출 중...
Error extracting data for 2026-07-16: (pymysql.err.OperationalError) (2003, "Can't connect to MySQL server on 'live.st.rds.gbility.io' (timed out)")
(Background on this error at: https://sqlalche.me/e/20/e3q8)
[2026-07-16] 추출 실패. 다음 날짜로 넘어갑니다.
경고: 하나 이상의 날짜 추출 또는 저장에 실패했습니다.

2026-07-26 10:14:02 [ERROR] 2026-07-16 데이터 추출 단계에서 오류가 발생하여 배치 실행을 중단합니다.
2026-07-26 10:14:02 [INFO] ================ Daily Batch Run Failed ================

2026-07-26 10:04:45 [INFO] ================ Daily Batch Run Attempt (2026-07-26 10:04:45) ================
2026-07-26 10:04:45 [INFO] 필수 데이터 검사 범위: 2026-07-01 ~ 2026-07-25
2026-07-26 10:04:45 [INFO] 누락 데이터 존재 감지: ['2026-07-16', '2026-07-24', '2026-07-25']
2026-07-26 10:04:45 [INFO] 누락 날짜 데이터 강제 추출 시도: 2026-07-16
2026-07-26 10:04:45 [INFO] Starting execution of: extract_rich_orders_daily.py 2026-07-16 2026-07-16
2026-07-26 10:14:02 [ERROR] Error running extract_rich_orders_daily.py (Exit code: 1)
2026-07-26 10:14:02 [ERROR] STDOUT:
총 1일 치 데이터 추출을 시작합니다.
저장 기본 경로: /Users/galaxy/Google Drive/공유 드라이브/gbike.rich_orders
[2026-07-16] 데이터 추출 중...
Error extracting data for 2026-07-16: (pymysql.err.OperationalError) (2003, "Can't connect to MySQL server on 'live.st.rds.gbility.io' (timed out)")
(Background on this error at: https://sqlalche.me/e/20/e3q8)
[2026-07-16] 추출 실패. 다음 날짜로 넘어갑니다.
경고: 하나 이상의 날짜 추출 또는 저장에 실패했습니다.

2026-07-26 10:14:02 [ERROR] 2026-07-16 데이터 추출 단계에서 오류가 발생하여 배치 실행을 중단합니다.
2026-07-26 10:14:02 [INFO] ================ Daily Batch Run Failed ================

2026-07-26 10:14:02 [ERROR] run_daily_batch.py failed with exit code 1
2026-07-27 10:00:05 [INFO] ================ Daily Cron Batch Start ================
2026-07-27 10:00:05 [INFO] Virtual environment activated.
2026-07-27 10:00:05 [INFO] Running run_daily_batch.py...
2026-07-27 10:00:05 [INFO] ================ Daily Batch Run Attempt (2026-07-27 10:00:05) ================
2026-07-27 10:00:05 [INFO] 필수 데이터 검사 범위: 2026-07-01 ~ 2026-07-26
2026-07-27 10:00:05 [INFO] 누락 데이터 존재 감지: ['2026-07-16', '2026-07-24', '2026-07-25', '2026-07-26']
2026-07-27 10:00:05 [INFO] 누락 날짜 데이터 강제 추출 시도: 2026-07-16
2026-07-27 10:00:05 [INFO] Starting execution of: extract_rich_orders_daily.py 2026-07-16 2026-07-16
2026-07-27 10:00:18 [ERROR] Error running extract_rich_orders_daily.py (Exit code: 1)
2026-07-27 10:00:18 [ERROR] STDOUT:
총 1일 치 데이터 추출을 시작합니다.
저장 기본 경로: /Users/galaxy/Google Drive/공유 드라이브/gbike.rich_orders
[2026-07-16] 데이터 추출 중...
Error extracting data for 2026-07-16: (pymysql.err.OperationalError) (2003, "Can't connect to MySQL server on 'live.st.rds.gbility.io' (timed out)")
(Background on this error at: https://sqlalche.me/e/20/e3q8)
[2026-07-16] 추출 실패. 다음 날짜로 넘어갑니다.
경고: 하나 이상의 날짜 추출 또는 저장에 실패했습니다.

2026-07-27 10:00:18 [ERROR] 2026-07-16 데이터 추출 단계에서 오류가 발생하여 배치 실행을 중단합니다.
2026-07-27 10:00:18 [INFO] ================ Daily Batch Run Failed ================

2026-07-27 10:00:05 [INFO] ================ Daily Batch Run Attempt (2026-07-27 10:00:05) ================
2026-07-27 10:00:05 [INFO] 필수 데이터 검사 범위: 2026-07-01 ~ 2026-07-26
2026-07-27 10:00:05 [INFO] 누락 데이터 존재 감지: ['2026-07-16', '2026-07-24', '2026-07-25', '2026-07-26']
2026-07-27 10:00:05 [INFO] 누락 날짜 데이터 강제 추출 시도: 2026-07-16
2026-07-27 10:00:05 [INFO] Starting execution of: extract_rich_orders_daily.py 2026-07-16 2026-07-16
2026-07-27 10:00:18 [ERROR] Error running extract_rich_orders_daily.py (Exit code: 1)
2026-07-27 10:00:18 [ERROR] STDOUT:
총 1일 치 데이터 추출을 시작합니다.
저장 기본 경로: /Users/galaxy/Google Drive/공유 드라이브/gbike.rich_orders
[2026-07-16] 데이터 추출 중...
Error extracting data for 2026-07-16: (pymysql.err.OperationalError) (2003, "Can't connect to MySQL server on 'live.st.rds.gbility.io' (timed out)")
(Background on this error at: https://sqlalche.me/e/20/e3q8)
[2026-07-16] 추출 실패. 다음 날짜로 넘어갑니다.
경고: 하나 이상의 날짜 추출 또는 저장에 실패했습니다.

2026-07-27 10:00:18 [ERROR] 2026-07-16 데이터 추출 단계에서 오류가 발생하여 배치 실행을 중단합니다.
2026-07-27 10:00:18 [INFO] ================ Daily Batch Run Failed ================

2026-07-27 10:00:18 [ERROR] run_daily_batch.py failed with exit code 1
2026-07-28 10:00:05 [INFO] ================ Daily Cron Batch Start ================
2026-07-28 10:00:05 [INFO] Virtual environment activated.
2026-07-28 10:00:05 [INFO] Running run_daily_batch.py...
2026-07-28 10:00:05 [INFO] ================ Daily Batch Run Attempt (2026-07-28 10:00:05) ================
2026-07-28 10:00:05 [INFO] 필수 데이터 검사 범위: 2026-07-01 ~ 2026-07-27
2026-07-28 10:00:05 [INFO] 누락 데이터 존재 감지: ['2026-07-16', '2026-07-27']
2026-07-28 10:00:05 [INFO] 누락 날짜 데이터 강제 추출 시도: 2026-07-16
2026-07-28 10:00:05 [INFO] Starting execution of: extract_rich_orders_daily.py 2026-07-16 2026-07-16
2026-07-28 10:00:18 [ERROR] Error running extract_rich_orders_daily.py (Exit code: 1)
2026-07-28 10:00:18 [ERROR] STDOUT:
총 1일 치 데이터 추출을 시작합니다.
저장 기본 경로: /Users/galaxy/Google Drive/공유 드라이브/gbike.rich_orders
[2026-07-16] 데이터 추출 중...
Error extracting data for 2026-07-16: (pymysql.err.OperationalError) (2003, "Can't connect to MySQL server on 'live.st.rds.gbility.io' (timed out)")
(Background on this error at: https://sqlalche.me/e/20/e3q8)
[2026-07-16] 추출 실패. 다음 날짜로 넘어갑니다.
경고: 하나 이상의 날짜 추출 또는 저장에 실패했습니다.

2026-07-28 10:00:18 [ERROR] 2026-07-16 데이터 추출 단계에서 오류가 발생하여 배치 실행을 중단합니다.
2026-07-28 10:00:18 [INFO] ================ Daily Batch Run Failed ================

2026-07-28 10:00:05 [INFO] ================ Daily Batch Run Attempt (2026-07-28 10:00:05) ================
2026-07-28 10:00:05 [INFO] 필수 데이터 검사 범위: 2026-07-01 ~ 2026-07-27
2026-07-28 10:00:05 [INFO] 누락 데이터 존재 감지: ['2026-07-16', '2026-07-27']
2026-07-28 10:00:05 [INFO] 누락 날짜 데이터 강제 추출 시도: 2026-07-16
2026-07-28 10:00:05 [INFO] Starting execution of: extract_rich_orders_daily.py 2026-07-16 2026-07-16
2026-07-28 10:00:18 [ERROR] Error running extract_rich_orders_daily.py (Exit code: 1)
2026-07-28 10:00:18 [ERROR] STDOUT:
총 1일 치 데이터 추출을 시작합니다.
저장 기본 경로: /Users/galaxy/Google Drive/공유 드라이브/gbike.rich_orders
[2026-07-16] 데이터 추출 중...
Error extracting data for 2026-07-16: (pymysql.err.OperationalError) (2003, "Can't connect to MySQL server on 'live.st.rds.gbility.io' (timed out)")
(Background on this error at: https://sqlalche.me/e/20/e3q8)
[2026-07-16] 추출 실패. 다음 날짜로 넘어갑니다.
경고: 하나 이상의 날짜 추출 또는 저장에 실패했습니다.

2026-07-28 10:00:18 [ERROR] 2026-07-16 데이터 추출 단계에서 오류가 발생하여 배치 실행을 중단합니다.
2026-07-28 10:00:18 [INFO] ================ Daily Batch Run Failed ================

2026-07-28 10:00:18 [ERROR] run_daily_batch.py failed with exit code 1
2026-07-29 10:00:03 [INFO] ================ Daily Cron Batch Start ================
2026-07-29 10:00:03 [INFO] Virtual environment activated.
2026-07-29 10:00:03 [INFO] Running run_daily_batch.py...
2026-07-29 10:00:03 [INFO] ================ Daily Batch Run Attempt (2026-07-29 10:00:03) ================
2026-07-29 10:00:03 [INFO] 필수 데이터 검사 범위: 2026-07-01 ~ 2026-07-28
2026-07-29 10:00:03 [INFO] 누락 데이터 존재 감지: ['2026-07-16', '2026-07-28']
2026-07-29 10:00:03 [INFO] 누락 날짜 데이터 강제 추출 시도: 2026-07-16
2026-07-29 10:00:03 [INFO] Starting execution of: extract_rich_orders_daily.py 2026-07-16 2026-07-16
2026-07-29 10:00:15 [ERROR] Error running extract_rich_orders_daily.py (Exit code: 1)
2026-07-29 10:00:15 [ERROR] STDOUT:
총 1일 치 데이터 추출을 시작합니다.
저장 기본 경로: /Users/galaxy/Google Drive/공유 드라이브/gbike.rich_orders
[2026-07-16] 데이터 추출 중...
Error extracting data for 2026-07-16: (pymysql.err.OperationalError) (2003, "Can't connect to MySQL server on 'live.st.rds.gbility.io' (timed out)")
(Background on this error at: https://sqlalche.me/e/20/e3q8)
[2026-07-16] 추출 실패. 다음 날짜로 넘어갑니다.
경고: 하나 이상의 날짜 추출 또는 저장에 실패했습니다.

2026-07-29 10:00:15 [ERROR] 2026-07-16 데이터 추출 단계에서 오류가 발생하여 배치 실행을 중단합니다.
2026-07-29 10:00:15 [INFO] ================ Daily Batch Run Failed ================

2026-07-29 10:00:03 [INFO] ================ Daily Batch Run Attempt (2026-07-29 10:00:03) ================
2026-07-29 10:00:03 [INFO] 필수 데이터 검사 범위: 2026-07-01 ~ 2026-07-28
2026-07-29 10:00:03 [INFO] 누락 데이터 존재 감지: ['2026-07-16', '2026-07-28']
2026-07-29 10:00:03 [INFO] 누락 날짜 데이터 강제 추출 시도: 2026-07-16
2026-07-29 10:00:03 [INFO] Starting execution of: extract_rich_orders_daily.py 2026-07-16 2026-07-16
2026-07-29 10:00:15 [ERROR] Error running extract_rich_orders_daily.py (Exit code: 1)
2026-07-29 10:00:15 [ERROR] STDOUT:
총 1일 치 데이터 추출을 시작합니다.
저장 기본 경로: /Users/galaxy/Google Drive/공유 드라이브/gbike.rich_orders
[2026-07-16] 데이터 추출 중...
Error extracting data for 2026-07-16: (pymysql.err.OperationalError) (2003, "Can't connect to MySQL server on 'live.st.rds.gbility.io' (timed out)")
(Background on this error at: https://sqlalche.me/e/20/e3q8)
[2026-07-16] 추출 실패. 다음 날짜로 넘어갑니다.
경고: 하나 이상의 날짜 추출 또는 저장에 실패했습니다.

2026-07-29 10:00:15 [ERROR] 2026-07-16 데이터 추출 단계에서 오류가 발생하여 배치 실행을 중단합니다.
2026-07-29 10:00:15 [INFO] ================ Daily Batch Run Failed ================

2026-07-29 10:00:15 [ERROR] run_daily_batch.py failed with exit code 1
2026-07-30 10:00:05 [INFO] ================ Daily Cron Batch Start ================
2026-07-30 10:00:05 [INFO] Virtual environment activated.
2026-07-30 10:00:05 [INFO] Running run_daily_batch.py...
2026-07-30 10:00:05 [INFO] ================ Daily Batch Run Attempt (2026-07-30 10:00:05) ================
2026-07-30 10:00:05 [INFO] 필수 데이터 검사 범위: 2026-07-01 ~ 2026-07-29
2026-07-30 10:00:05 [INFO] 누락 데이터 존재 감지: ['2026-07-16', '2026-07-29']
2026-07-30 10:00:05 [INFO] 누락 날짜 데이터 강제 추출 시도: 2026-07-16
2026-07-30 10:00:05 [INFO] Starting execution of: extract_rich_orders_daily.py 2026-07-16 2026-07-16
2026-07-30 10:00:20 [ERROR] Error running extract_rich_orders_daily.py (Exit code: 1)
2026-07-30 10:00:20 [ERROR] STDOUT:
총 1일 치 데이터 추출을 시작합니다.
저장 기본 경로: /Users/galaxy/Google Drive/공유 드라이브/gbike.rich_orders
[2026-07-16] 데이터 추출 중...
Error extracting data for 2026-07-16: (pymysql.err.OperationalError) (2003, "Can't connect to MySQL server on 'live.st.rds.gbility.io' (timed out)")
(Background on this error at: https://sqlalche.me/e/20/e3q8)
[2026-07-16] 추출 실패. 다음 날짜로 넘어갑니다.
경고: 하나 이상의 날짜 추출 또는 저장에 실패했습니다.

2026-07-30 10:00:20 [ERROR] 2026-07-16 데이터 추출 단계에서 오류가 발생하여 배치 실행을 중단합니다.
2026-07-30 10:00:20 [INFO] ================ Daily Batch Run Failed ================

2026-07-30 10:00:05 [INFO] ================ Daily Batch Run Attempt (2026-07-30 10:00:05) ================
2026-07-30 10:00:05 [INFO] 필수 데이터 검사 범위: 2026-07-01 ~ 2026-07-29
2026-07-30 10:00:05 [INFO] 누락 데이터 존재 감지: ['2026-07-16', '2026-07-29']
2026-07-30 10:00:05 [INFO] 누락 날짜 데이터 강제 추출 시도: 2026-07-16
2026-07-30 10:00:05 [INFO] Starting execution of: extract_rich_orders_daily.py 2026-07-16 2026-07-16
2026-07-30 10:00:20 [ERROR] Error running extract_rich_orders_daily.py (Exit code: 1)
2026-07-30 10:00:20 [ERROR] STDOUT:
총 1일 치 데이터 추출을 시작합니다.
저장 기본 경로: /Users/galaxy/Google Drive/공유 드라이브/gbike.rich_orders
[2026-07-16] 데이터 추출 중...
Error extracting data for 2026-07-16: (pymysql.err.OperationalError) (2003, "Can't connect to MySQL server on 'live.st.rds.gbility.io' (timed out)")
(Background on this error at: https://sqlalche.me/e/20/e3q8)
[2026-07-16] 추출 실패. 다음 날짜로 넘어갑니다.
경고: 하나 이상의 날짜 추출 또는 저장에 실패했습니다.

2026-07-30 10:00:20 [ERROR] 2026-07-16 데이터 추출 단계에서 오류가 발생하여 배치 실행을 중단합니다.
2026-07-30 10:00:20 [INFO] ================ Daily Batch Run Failed ================

2026-07-30 10:00:20 [ERROR] run_daily_batch.py failed with exit code 1
2026-07-31 10:00:03 [INFO] ================ Daily Cron Batch Start ================
2026-07-31 10:00:03 [INFO] Virtual environment activated.
2026-07-31 10:00:03 [INFO] Running run_daily_batch.py...
2026-07-31 10:00:03 [INFO] ================ Daily Batch Run Attempt (2026-07-31 10:00:03) ================
2026-07-31 10:00:03 [INFO] 필수 데이터 검사 범위: 2026-07-01 ~ 2026-07-30
2026-07-31 10:00:03 [INFO] 누락 데이터 존재 감지: ['2026-07-16', '2026-07-29', '2026-07-30']
2026-07-31 10:00:03 [INFO] 누락 날짜 데이터 강제 추출 시도: 2026-07-16
2026-07-31 10:00:03 [INFO] Starting execution of: extract_rich_orders_daily.py 2026-07-16 2026-07-16
2026-07-31 10:00:15 [ERROR] Error running extract_rich_orders_daily.py (Exit code: 1)
2026-07-31 10:00:15 [ERROR] STDOUT:
총 1일 치 데이터 추출을 시작합니다.
저장 기본 경로: /Users/galaxy/Google Drive/공유 드라이브/gbike.rich_orders
[2026-07-16] 데이터 추출 중...
Error extracting data for 2026-07-16: (pymysql.err.OperationalError) (2003, "Can't connect to MySQL server on 'live.st.rds.gbility.io' (timed out)")
(Background on this error at: https://sqlalche.me/e/20/e3q8)
[2026-07-16] 추출 실패. 다음 날짜로 넘어갑니다.
경고: 하나 이상의 날짜 추출 또는 저장에 실패했습니다.

2026-07-31 10:00:15 [ERROR] 2026-07-16 데이터 추출 단계에서 오류가 발생하여 배치 실행을 중단합니다.
2026-07-31 10:00:15 [INFO] ================ Daily Batch Run Failed ================

2026-07-31 10:00:03 [INFO] ================ Daily Batch Run Attempt (2026-07-31 10:00:03) ================
2026-07-31 10:00:03 [INFO] 필수 데이터 검사 범위: 2026-07-01 ~ 2026-07-30
2026-07-31 10:00:03 [INFO] 누락 데이터 존재 감지: ['2026-07-16', '2026-07-29', '2026-07-30']
2026-07-31 10:00:03 [INFO] 누락 날짜 데이터 강제 추출 시도: 2026-07-16
2026-07-31 10:00:03 [INFO] Starting execution of: extract_rich_orders_daily.py 2026-07-16 2026-07-16
2026-07-31 10:00:15 [ERROR] Error running extract_rich_orders_daily.py (Exit code: 1)
2026-07-31 10:00:15 [ERROR] STDOUT:
총 1일 치 데이터 추출을 시작합니다.
저장 기본 경로: /Users/galaxy/Google Drive/공유 드라이브/gbike.rich_orders
[2026-07-16] 데이터 추출 중...
Error extracting data for 2026-07-16: (pymysql.err.OperationalError) (2003, "Can't connect to MySQL server on 'live.st.rds.gbility.io' (timed out)")
(Background on this error at: https://sqlalche.me/e/20/e3q8)
[2026-07-16] 추출 실패. 다음 날짜로 넘어갑니다.
경고: 하나 이상의 날짜 추출 또는 저장에 실패했습니다.

2026-07-31 10:00:15 [ERROR] 2026-07-16 데이터 추출 단계에서 오류가 발생하여 배치 실행을 중단합니다.
2026-07-31 10:00:15 [INFO] ================ Daily Batch Run Failed ================

2026-07-31 10:00:15 [ERROR] run_daily_batch.py failed with exit code 1
2026-08-04 10:00:43 [INFO] ================ Daily Cron Batch Start ================
2026-08-04 10:00:43 [INFO] Virtual environment activated.
2026-08-04 10:00:43 [INFO] Running run_daily_batch.py...
2026-08-04 10:00:43 [INFO] ================ Daily Batch Run Attempt (2026-08-04 10:00:43) ================
2026-08-04 10:00:43 [INFO] 필수 데이터 검사 범위: 2026-07-21 ~ 2026-08-03
2026-08-04 10:00:43 [INFO] 누락 데이터 존재 감지: ['2026-08-03']
2026-08-04 10:00:43 [INFO] 누락 날짜 데이터 강제 추출 시도: 2026-08-03
2026-08-04 10:00:43 [INFO] Starting execution of: extract_rich_orders_daily.py 2026-08-03 2026-08-03
2026-08-04 10:00:46 [ERROR] Error running extract_rich_orders_daily.py (Exit code: 1)
2026-08-04 10:00:46 [ERROR] STDOUT:
총 1일 치 데이터 추출을 시작합니다.
저장 기본 경로: /Users/galaxy/Google Drive/공유 드라이브/gbike.rich_orders
[2026-08-03] 데이터 추출 중...
Error extracting data for 2026-08-03: (pymysql.err.OperationalError) (2003, "Can't connect to MySQL server on 'live.st.rds.gbility.io' ([Errno 8] nodename nor servname provided, or not known)")
(Background on this error at: https://sqlalche.me/e/20/e3q8)
[2026-08-03] 추출 실패. 다음 날짜로 넘어갑니다.
경고: 하나 이상의 날짜 추출 또는 저장에 실패했습니다.

2026-08-04 10:00:46 [ERROR] 2026-08-03 데이터 추출 단계에서 오류가 발생하여 배치 실행을 중단합니다.
2026-08-04 10:00:46 [INFO] ================ Daily Batch Run Failed ================

2026-08-04 10:00:43 [INFO] ================ Daily Batch Run Attempt (2026-08-04 10:00:43) ================
2026-08-04 10:00:43 [INFO] 필수 데이터 검사 범위: 2026-07-21 ~ 2026-08-03
2026-08-04 10:00:43 [INFO] 누락 데이터 존재 감지: ['2026-08-03']
2026-08-04 10:00:43 [INFO] 누락 날짜 데이터 강제 추출 시도: 2026-08-03
2026-08-04 10:00:43 [INFO] Starting execution of: extract_rich_orders_daily.py 2026-08-03 2026-08-03
2026-08-04 10:00:46 [ERROR] Error running extract_rich_orders_daily.py (Exit code: 1)
2026-08-04 10:00:46 [ERROR] STDOUT:
총 1일 치 데이터 추출을 시작합니다.
저장 기본 경로: /Users/galaxy/Google Drive/공유 드라이브/gbike.rich_orders
[2026-08-03] 데이터 추출 중...
Error extracting data for 2026-08-03: (pymysql.err.OperationalError) (2003, "Can't connect to MySQL server on 'live.st.rds.gbility.io' ([Errno 8] nodename nor servname provided, or not known)")
(Background on this error at: https://sqlalche.me/e/20/e3q8)
[2026-08-03] 추출 실패. 다음 날짜로 넘어갑니다.
경고: 하나 이상의 날짜 추출 또는 저장에 실패했습니다.

2026-08-04 10:00:46 [ERROR] 2026-08-03 데이터 추출 단계에서 오류가 발생하여 배치 실행을 중단합니다.
2026-08-04 10:00:46 [INFO] ================ Daily Batch Run Failed ================

2026-08-04 10:00:46 [ERROR] run_daily_batch.py failed with exit code 1
2026-08-05 10:00:04 [INFO] ================ Daily Cron Batch Start ================
2026-08-05 10:00:04 [INFO] Virtual environment activated.
2026-08-05 10:00:05 [INFO] Running run_daily_batch.py...
2026-08-05 10:00:05 [INFO] ================ Daily Batch Run Attempt (2026-08-05 10:00:05) ================
2026-08-05 10:00:05 [INFO] 필수 데이터 검사 범위: 2026-07-22 ~ 2026-08-04
2026-08-05 10:00:05 [INFO] 누락 데이터 존재 감지: ['2026-08-03', '2026-08-04']
2026-08-05 10:00:05 [INFO] 누락 날짜 데이터 강제 추출 시도: 2026-08-03
2026-08-05 10:00:05 [INFO] Starting execution of: extract_rich_orders_daily.py 2026-08-03 2026-08-03
2026-08-05 10:00:17 [ERROR] Error running extract_rich_orders_daily.py (Exit code: 1)
2026-08-05 10:00:17 [ERROR] STDOUT:
총 1일 치 데이터 추출을 시작합니다.
저장 기본 경로: /Users/galaxy/Google Drive/공유 드라이브/gbike.rich_orders
[2026-08-03] 데이터 추출 중...
Error extracting data for 2026-08-03: (pymysql.err.OperationalError) (2003, "Can't connect to MySQL server on 'live.st.rds.gbility.io' (timed out)")
(Background on this error at: https://sqlalche.me/e/20/e3q8)
[2026-08-03] 추출 실패. 다음 날짜로 넘어갑니다.
경고: 하나 이상의 날짜 추출 또는 저장에 실패했습니다.

2026-08-05 10:00:17 [ERROR] 2026-08-03 데이터 추출 단계에서 오류가 발생하여 배치 실행을 중단합니다.
2026-08-05 10:00:17 [INFO] ================ Daily Batch Run Failed ================

2026-08-05 10:00:05 [INFO] ================ Daily Batch Run Attempt (2026-08-05 10:00:05) ================
2026-08-05 10:00:05 [INFO] 필수 데이터 검사 범위: 2026-07-22 ~ 2026-08-04
2026-08-05 10:00:05 [INFO] 누락 데이터 존재 감지: ['2026-08-03', '2026-08-04']
2026-08-05 10:00:05 [INFO] 누락 날짜 데이터 강제 추출 시도: 2026-08-03
2026-08-05 10:00:05 [INFO] Starting execution of: extract_rich_orders_daily.py 2026-08-03 2026-08-03
2026-08-05 10:00:17 [ERROR] Error running extract_rich_orders_daily.py (Exit code: 1)
2026-08-05 10:00:17 [ERROR] STDOUT:
총 1일 치 데이터 추출을 시작합니다.
저장 기본 경로: /Users/galaxy/Google Drive/공유 드라이브/gbike.rich_orders
[2026-08-03] 데이터 추출 중...
Error extracting data for 2026-08-03: (pymysql.err.OperationalError) (2003, "Can't connect to MySQL server on 'live.st.rds.gbility.io' (timed out)")
(Background on this error at: https://sqlalche.me/e/20/e3q8)
[2026-08-03] 추출 실패. 다음 날짜로 넘어갑니다.
경고: 하나 이상의 날짜 추출 또는 저장에 실패했습니다.

2026-08-05 10:00:17 [ERROR] 2026-08-03 데이터 추출 단계에서 오류가 발생하여 배치 실행을 중단합니다.
2026-08-05 10:00:17 [INFO] ================ Daily Batch Run Failed ================

2026-08-05 10:00:17 [ERROR] run_daily_batch.py failed with exit code 1
